role_id,name
1,Deli Production Team Member
2,Creative Production Intern
3,Audience Insights & Analytics Intern
4,Social Media Manager - 6 month contract
5,Government & Regulatory Affairs Intern
6,Corporate Communications Intern
7,All-rounder
8,Replenishment Seasonal Sales Associate (part time) - Queens Center Mall
9,Sales Development Representative - Dutch Speaker
10,Employé libre service - Rayon
11,System Architecture Engineer
12,French Language Expert
13,Deputy Director
14,Division Chief - Tax and Bankruptcy Litigation Division
15,PLASTERER
16,"Paralegal Aide, Level 2"
17,Director of People Operations
18,Contract Sensory Evaluator Panelist (Fragrance)
19,People Team Coordinator
20,"CHHA, Home Health Aide - Flexible Visits PER"
21,GERENTE DE DISPOSICIÓN FINAL Y PROYECTOS
22,Spa Manager - The Wickaninnish Inn
23,Preparador de Muestras Senior - Junín (Minería)
24,"North America Vendor Lead, Ads"
25,Avionics Manufacturing Engineer (Electromechanical assemblies)
26,Tooling/Ground Support Engineering Intern (Summer 2027)
27,Program Security Manager
28,Analytics Engineer
29,Sr. Qualitative Insight Director
30,Field Installation Engineer - Region: TOLA
31,Trailer Logistics Specialist
32,Operations Manager
33,Family Medicine Physician (Oak Brook Promenade)
34,Client Experience Manager
35,Component Solutions Sales Engineer
36,E - Inspector Líder de Monitoreo Ambiental - LA PODEROSA
37,Critical Infrastructure Engineer
38,Sommelier - Largo do Paço Casa da Calçada
39,Line Producer
40,"Workplace Services Safety, Security, and Facilities Coordinator (Contract)"
41,Landscape Technician
42,Expanded Learning Operations Assistant
43,Hub Manager
44,Registered Nurse - Weekend SOC Home Health Visits
45,CNC Operator
46,Government Operations Intern Spring 2027
47,"Early Career Family Medicine Physician - 4 days in clinic, 1 day remote"
48,Physical Therapist- Clinic Director
49,"Head of Events, Works in Progress"
50,Constellation Schools - 7-12th Grade Intervention Specialist (Parma)
51,"Full Stack Engineer, Integrations"
52,"Director, Ad Sales Account Management - Media Group - New York"
53,Marketing Operations Lead
54,Certified Veterinary Technician - Urgent Care
55,Contractor: DevOps Engineer
56,Treasury Manager
57,"Software Engineer II, Cloud"
58,Coordonnateur.trice de production VFX Senior
59,"Physical Therapist, PT"
60,Growers Development Supervisor
61,"Retail Shop Manager on Duty, Coral Gables"
62,Senior Consumer Insights Analyst
63,SPED Instructional Aide
64,Director of Inservice Education/ADON
65,Facilities Maintenance Assistant I - 2nd Shift
66,"Principal Software Engineer, SecureAI"
67,"Senior Scientist, I"
68,"Partner Success Manager, Higher Ed"
69,"Senior Director, Security Architecture"
70,"Senior Analyst, Digital Analytics"
71,Senior Account Executive
72,Copy of 9th-12th Math Teacher
73,Assistant Store Manager - Midtown Plaza
74,"Jovem Aprendiz Administrativo - Turner & Townsend, São Paulo"
75,Sr. Motion Designer
76,"Associate Director, RA CMC"
77,Talent Acquisition Specialist in Visual effects - 6 months contract
78,Temporary Fashion Associate - Belleville
79,Senior Technical Pre Sales
80,Senior Solutions Engineer
81,Data Center Construction Manager
82,Enterprise Account Executive - Federal
83,Principal Software Engineer (Hybrid)
84,Junk Removal & Route Sales
85,Information Technology Intern
86,Per Diem Family Nurse Practitioner or Physician Assistant (Casual Employee) - Pacific Heights
87,"Partner Manager, RFQ"
88,Head of Payroll & Equity
89,Vehicle functional manager
90,Lead Expert - Canoga Park Topanga
91,Patient Liaison Medical Oncology Full time
92,Physician: Advanced Heart Failure/Mechanical Circulatory Support /Transplant Opportunity - Northwestern Medicine
93,Automotive Paint/Body Shop Supervisor
94,ABA Supervisor
95,Senior Software Engineer - Product-Led Growth
96,Security Operations Centre (SOC) Operator
97,Senior Applied Scientist
98,26.27 Before & Aftercare Activities Coordinator (Part Time - Up to 20 Hours)
99,Senior Partnerships Manager (UK)
100,Caregiver - Personal Care - Part Time - Shift Varies
101,Chargeback Analyst (Brazil)
102,"Specialist, Warehouse"
103,Entry-Level Behavior Technician – Play-Based Therapy
104,Behavior Interventionalist (Certificate Included)
105,Child Development Interventionist (Paid Training)
106,High School Spanish Teacher
107,Market Research Operations Analyst
108,Senior Project Manager-Disaster Recovery
109,Apprentice Teacher
110,AI / ML and Generative AI research assistant
111,Senior Infrastructure Engineer
112,Contract Recruiting Coordinator Admin Support
113,Business Development Manager - South West Region
114,Team Lead Website
115,"Global Sales Director of SMB, New Business"
116,PAGALBINIŲ ĮRENGINIŲ IR STATINIŲ PRIEŽIŪROS KOMANDOS VADOVĖ (-AS)
117,Account-Based Marketing & Growth Operations Specialist
118,Join AECOM's Growing Ground Engineering & Tunnelling Teams!
119,Pediatric Home Care - PICU (LPN/RN)
120,Adult Home Care - Trach (RN)
121,Replenishment Sales Associate (Part-time)
122,Middle School Special Education Teacher
123,Home Care Nurse RN
124,Behavior Technician (Paid Training)
125,"Senior Director, Operational Strategy - Oncology"
126,"Senior Software Engineer, Backend (Card Loan Platform)"
127,"Academy Professor, French & Portuguese"
128,Customer Delivery Driver - 4 day work week!
129,"Occupational Therapist, Home Health"
130,Case Manager
131,Assistant Community Manager
132,Senior Salesforce Consultant (Remote Canada) - Future Opening
133,Mechanical Design Engineer
134,Software Engineering Intern (2027 Start) - Berlin
135,Community Manager- Student Housing
136,"Emergency Veterinary Assistant (Per Diem) - Fort Worth, TX (Camp Bowie)"
137,"Emergency Credentialed Veterinary Technician (Per Diem) - Cedar Park, TX"
138,Conseiller de vente Fruits & Légumes F/H
139,Chef de projet technique - système réseau H/F
140,"Senior Product Manager, Growth"
141,Automotive Technician / Mechanic | Up to $100k Annually & Weekends Off | Lititz
142,Restaurant Leader
143,Head of PARIS21 Secretariat
144,Kitchen Commis
145,EHS Lead
146,Equipier Commercial - CDD F/H
147,"Registered Nurse, Home Health"
148,Scientist I
149,Account Manager
150,Finance Support Specialist
151,AM/SCC-Sales Controlling and Coordination Intern
152,Senior FP&A Analyst
153,"Field Operations Lead, Sweden"
154,Account Sales Manager
155,Executive Editor
156,AI Scientist
157,Senior Product Security Engineer
158,"Parts, BOM and Configuration Management Engineer"
159,People & Culture Store Administrator
160,VENDEUR ALIMENTAIRE EN BOULANGERIE (H/F)
161,Partner Account Manager - DACH
162,Ingénieur Spécialiste Bureau d’Etudes (H/F)
163,Chemisch Analist ICP-MS
164,Stagiaire réceptionniste (H/F)
165,Production General Operator
166,"Call Center Specialist, Patient Services| Onsite-Chesterfield"
167,"Tech Lead, Android Core Product"
168,Ingénieur Spécialiste en électronique (H/F)
169,Mobiler Kundenberater Fahrzeugbewertung - Raum Ludwigsburg (m/w/d)
170,BM Caterers - Barista
171,Qualified Person Responsible for Pharmacovigilance (QPPV) in the EU and UK (homebased)
172,BA Avaloq
173,Analista de Governança e Normativos - Campinas/SP - Prazo Determinado
174,Technico Commercial en Assainissement H/F
175,Mechatroniker - Leitstand Energieversorgung (m/w/divers) - REF89048E
176,Senior Consultant
177,"Senior Project Manager, PaaS & Cloud Automation"
178,Strategic HR Projects Specialist
179,Unterstützung für unseren Facility Manager (d/m/w)
180,Demi Chef De Partie
181,"VP, Product"
182,(Senior) Consultant Business Planning / Business Modeling (all genders)
183,"Mecánico/a de Homologaciones, Madrid"
184,"Team Leader, Java Store Applications"
185,Team Member
186,PLC programozó
187,Staff Nurse- Labor/Delivery- PT- Days
188,Triebfahrzeugführer / Lokführer (m/w/d) für Güter mit persönlicher Dienstunterkunft
189,Assistants de vie (H/F)
190,Senior Cyber Security Analyst
191,Food & Beverage Manager - Novotel Singapore Robertson Quay
192,Apprenti(e) Gestionnaire RH et Formation – F/H/X
193,Analista de laboratorio - Estabilidades
194,Chef de Secteur CHR (Musketeer) - RENNES (H/F)
195,"Engineering Pod Lead, Engagement"
196,Machine Learning and Data Science Engineering Intern
197,Filialleitung Autovermietung (m/w/d)
198,Hôte de Caisse (H/F)
199,Chargé d'Administration des Contrats H/F
200,"Manager, Procurement - Indirect Category (Bangsar South Based)"
201,HR Offer Specialist
202,Conduttore impianti termici
203,Ingénieur Qualité Production H/F
204,Développeur Java (H/F) – Spring Boot / Quarkus
205,"Account Manager, Corporate - Chinese/Mandarin Speaker"
206,Shift Leader Production
207,Senior - Expertise comptable - Chambéry - Octobre 2026 - F/H
208,"Technician 3, Process"
209,Ingénieur Génie Electrique Haute Tension (H/F)
210,Ingénieur(e) d'Etudes Electrique (H/F)
211,"Director of Product & Strategy, E-invoicing"
212,NPI Project Manager
213,Technicien Multitechnique CVC Froid Itinérant H/F
214,Systems and Digital ASIC Engineer (EP-ESE-ME-2026-160-GRAP)
215,Warehouse / Forklift Operator
216,Operations Manager - Metal
217,Técnico/a de Mantenimiento Polivalente - Climatización
218,Qualified Person and Responsible Person - UK
219,Reconciliation Analyst
220,Personal Service Assistant | Betty CA
221,Marketing Automation Specialist (12-month Contract)
222,"Quereinsteiger (m/w/d) Probenregistrierung, Nachtschicht"
223,Preparador de muestras
224,Locum Dentist | Maven Mullumbimby
225,Technical Manager (Asset Integrity & Statutory Inspection)
226,"Nurse Practitioner - Psychiatry, Full-time, Days"
227,2027 Graduate | Digital Assurance - IT Audit | Auckland
228,Graduate Speech Pathologist
229,Customer Operations Lead
230,Systems Integrator Alliances Manager
231,Delivery Driver(06120) - 629 Saddle Creek Rd.
232,Assistant Manager(07347) - 112 West Broadway St
233,General Manager(03980) - 447 Central Ave.
234,Data Operations Analyst Intern (Mandarin Speaker)
235,Ingeniero Soporte en Sitio Jalisco
236,LGV 2 Skip/Bulker Driver
237,Sr Clinical Research Associate Contractor (France)
238,Retail Projects & Local Marketing Specialist
239,International Index Fund Manager Options Focus
240,Head of PR & Partnerships - Ethical Fashion Marketplace
241,Commercial Cleaner- Findlay / Upper Sandusky / Carey
242,Marketing Campaigns Manager / Assistant Manager Retail Mall
243,Team Lead - Field Operations
244,Maintenance Technician - Nights (REQ914)
245,Junior Logistics Operations Representative
246,Talent Acquisition Intern
247,Bookkeeper - Remote
248,Area Manager Petit Nord-Kivu - RDC
249,Licensed Practical Nurse ( LPN ) or Registered Nurse ( RN )
250,Customer Service Representative - Logistics / B2B (Remote) | Mexico
251,Group Head of Enterprise Risk
252,Personal Assistant (LATAM)
253,Certified Medical Assistant
254,Sr Data Analyst (12 months) - 030 EN
255,Marketing Lead
256,Senior DevOps Engineer (Remote)
257,"Senior Software Engineer - Data Search (remote, Europe)"
258,Sales Hunter - Area Bengkulu
259,Business Development Manager - GCC | IT Technology Services
260,Board Certified Behavior Analyst / BCBA
261,"Extreme Light, Matter, and Fusion Undergraduate Intern - Summer 2027"
262,"Associate Scientist II, Immunoassay Development"
263,Project Coordinator
264,Senior Systems Designer
265,Senior Data Scientist
266,"Associate Director, Data Engineering"
267,Organisation Set-Up Lead (SZC/FEO)
268,Steward Racetrack
269,Lead Customer Success Manager
270,"Lead Product Manager, Platform"
271,"Director, Media"
272,Cultivation Technician
273,"Staff Commissioning Engineer, Electrical"
274,"Analyste, Allocation - commerce de détail"
275,Coordinador del Sistema de Gestión Integral
276,Warehouse Auxiliary
277,Cyber Security Engineering Manager
278,Relationship Manager I
279,Vehicle Inspector
280,Receptionist
281,Seasonal Ambassador- The Shops at Chestnut Hill
282,Legal Operations Lead
283,"Program Manager, Finance Systems"
284,Cook
285,"Associate, Children's Rights Division"
286,Paymaster/Plant HR (Human Resources) Generalist
287,"General Manager & Director, Product"
288,Forward Deployed Engineer (Ohio)
289,Staff Site Reliability Engineer (Remote)
290,Quantitative Research Developer
291,Class 5 City Pick up and Delivery Driver- Great Starting Wages $24.70!!
292,Interview Engineer (Myanmar)
293,"Anesthesiologist (Springfield, Peds Dental)"
294,"Forward Deployed Engineer, Data"
295,Body Shop Foreman - Chandler- 2nd shift
296,Behavior Technician (BT/RBT)
297,Licensed Clinical Social Worker (LCSW) - Remote- Spanish Speaking
298,Equipment Technical Training Manager
299,Senior Video Editor
300,Patient Intake Coordinator
301,Business Development Executive
302,Probe Software Engineer
303,"Senior Sales Recruiter (Contract), APAC"
304,Tutor
305,Agentic Engineer [Zeal]
306,"Fundamental Researcher, Mi-Canvas International"
307,"Senior Finance Director, AD&S"
308,Regional Marketing Specialist - West
309,"Counsel, Credits and Incentives Compliance"
310,"Principal Engineer, AI Security"
311,Mechanical Engineer
312,Senior Backend Engineer
313,"Maintenance Associates, Rockefeller Center"
314,AV Installation Technician
315,Lead Diabetes Educator-Endocrinology Metabolism Full Time Days
316,"Senior Product Designer, Design Systems"
317,Senior Facilities Manager
318,Assembler 1
319,"Engineering Manager, Edge SRE"
320,Engenheiro de Poços - Hibrido
321,Registered Behavior Technician Floater
322,Sr Game Designer
323,Warehouse Trucker Operator (WTO) - Illinois
324,"Senior Analyst, Global Mobility & Immigration"
325,"Counsel, Telecommunications (Starlink)"
326,"Experienced Auto Body Repair Technician - $2,000 Bonus"
327,Lead Modeling & Simulation (M&S) Engineer for Space Sensing
328,Founding Technical Partnerships Lead
329,Production Operator
330,"Regional Vice President, Community (Miami / Boca Raton / Palm Beach)"
331,Account Executive (English-speaking)
332,Forward Deployed Engineer
333,Développe à Ubisoft - Programme de mentorat - Cybersécurité 2026-2027
334,"GTM Recruitment Sourcer — Munich (FTC, 12 months)"
335,"Recruiter, Sales & Corporate Functions (11-month contract)"
336,Senior HPC Cloud Engineer
337,"Machine Learning Engineer, Predictive Maintenance"
338,Staff Data Infrastructure Engineer
339,Registered Behavior Technician
340,Director of Ticket Sales - Chesapeake Baysox
341,Clean Room Product Owner
342,"Aide, Nutrition"
343,Licensed Practical Nurse
344,Integrated Campaign Manager
345,LPN Home Care Nurse
346,Director of Business Systems Product Management
347,Reporting Data Analyst Assistant – Internship (6-month) January 2027 (W/M/NB)
348,1st shift Inplant Ink Tech - (Liquid ink)
349,"Manager, Paid Social"
350,"Senior Events Manager, Center for International Development"
351,Marie Curie Housekeeping Assistant - Edinburgh Hospice - Part Time Permenant
352,Affiliate Marketing Manager
353,Sales Development Representative EMEA
354,Buyer/Planner
355,Supportive Housing Case Manager
356,Line Cook-Sportsbar
357,Administrador/a Middleware
358,Truck Driver
359,Responsable juridique droit des sociétés H/F - CDI
360,"Senior Software Engineer, Tech Lead"
361,"Master Service Technician - $5,000 Bonus"
362,Field Operations Manager
363,Order Fulfillment Technician
364,BM Caterers - General Assistant
365,Equipier Commercial Univers Frais- CDD F/H
366,"Licensed Esthetician, Downtown San Diego"
367,"Accountant, JV & VIE"
368,Origination Associate/ Senior Associate
369,Shipping and Receiving Clerk - 1st shift
370,Consultor/a de implantación de Administración electrónica (m/f/d)
371,"Shuffler | Southfield, MI | $16/hr + $4/hr Bonus"
372,"International Accounting Manager, APAC"
373,Undergraduate Trainee - Talent Acquisition
374,Product Designer
375,Operations Lead (Seasonal Fixed-Term) - Saint-Tropez
376,Senior Data Journalist
377,Chef ou Cheffe de clinique avec titre de spécialité en pneumologie - 100%
378,Analytics Engineer H/F
379,"Vehicle Test Driver - Hyde Park, MA"
380,"Vehicle Test Driver - Auburn, WA"
381,Strategic Partnerships Manager
382,Programa Prácticas 2027 - El Soldado
383,CONSEILLER(E) DE MODE - CDI 30H - KIABI LA ROCHELLE
384,Auxiliaire de vie H/F - FORFAIT JOUR
385,"Senior Manager, Data Governance"
386,"Front Desk Associates, Chestnut Hill"
387,Hospitality Chef De Partie - Mon to Fri - Bank
388,Consultant BI / Data Analyst Confirmé - F/H - Marseille
389,Demand Generation Marketing Manager
390,Medical Laboratory Scientist-Part-time Nights
391,Pharmacy Technician - TWH OP
392,Senior Customer Support Engineer
393,Customer Support Analyst
394,Material Stocker - 1-Handle 1st Shift
395,Product Support - Bridge
396,Senior Data Engineer
397,Technicien maintenance / Electromécanicien (F/H)
398,Senior Technical Support Engineer
399,Senior Marketing Manager
400,Art Director
401,Coordinator Vendor
402,Weekend Care Professional – £14 per hour + Mileage
403,Knowledge and Information Manager
404,Standortdisponent m/w/d
405,Senior Sales Engineer
406,Senior Software Engineer - Recommend Team (Java)
407,IT License Management Specialist
408,CT Technologist Trainee
409,Integration Delivery Manager
410,HSE-Manager
411,Consultor/a Técnico/a Senior en Teradata y Migraciones a Cloud
412,Business Success Partner
413,Internship – AI for Delivery
414,Project Coordinator - UAE National
415,Care Professionals URGENTLY NEEDED Drivers or Non Drivers
416,"Director, Channel Sales, South EMEA"
417,HR Manager:in (m/w/d)
418,Ingénieur Qualité (Défense) - H/F
419,ELEKTROS INŽINIERĖ (-IUS)
420,Account Executive - [UK&I]
421,Chargé(e) de Marketing Local - Stage de 6 mois - F/H
422,"Manager, Strategy & Partnership Operations"
423,Systems Engineer
424,Verpleegkundige voor de zorgdienst kinderpsychiatrie ‘Domino' (M/V/X)
425,Enterprise Account Executive
426,Delivery & Business Operations Director - Football
427,Lead - Account Executive
428,Gaming DevOps Engineer
429,Support Analyst
430,Leader d'essai fiabilité
431,Consulting - Consultant Confirmé / Senior – Stratégie Data & IA Générative - Paris (H/F)
432,HGV Class 1 Driver
433,Jefe/a Comercial - Málaga
434,Auszubildende zum Kaufmann für Spedition und Logistikdienstleistungen (m/w/d)
435,Propulsion Data & Modeling Engineer
436,Senior Technical Account Manager
437,Cheffe ou Chef de projet – Plateforme numérique Concerto – 80% à 100%
438,Expert Linux Administrator - 2nd/3rd Level (m/f/d)
439,Senior Manager - Solution Engineering (APAC)
440,Account Manager Top Broker (m|w|d) in Mainz
441,Product Manager - Commercial Agreements & Pricing Mechanics
442,Pracownik Ochrony - obiekt handlowy Praga Południe ul. Żupnicza
443,Operations Safety Lead
444,Copy of Android Developer - AI Finance Agent
445,"Marketing Intern, APAC"
446,Sales Application Engineer
447,Professional Services Consultant
448,Propulsion Engineering Internship - Summer 2027
449,"Customer Success Manager, Education (US)"
450,"Christmas Team Member (Nightfill) - The Warehouse, Whangarei"
451,IT Ops Engineer
452,"Investigation Officer - Valenzuela, NCR"
453,"Intern, Technical Program Manager"
454,Application Software Engineer
455,"Planner Scheduler | Mon-Fri | Full-Time | Brisbane, QLD"
456,Occupational Therapist - Early Start Australia Graduate Program
457,"Test Engineer, System-Level Test (SLT)"
458,Veterinary Oncologist - Animal Referral Hospital (ARH) Sydney
459,"Senior Account Executive, SLED (DC Metro)"
460,OSHC Casual Educator (Flexible) | St Jerome's OSHClub
461,Associate GTM Recruiter
462,Global Financial Operations Platform Director
463,Global Head of Workplace
464,Sr. ASIC Design Engineer (Silicon Engineering)
465,"Technical Sourcer, Research SWE"
466,Senior Manufacturing Engineer- Integration
467,Business Development Director | APAC
468,EHS Administrator - AMS 1246
469,eClinicalWorks (eCW) Trainer - Arizona
470,RN Hospice Clinical Supervisor
471,Retail Operations Coordinator
472,Portuguese Speaking Search Engine Customer Expert - Work Remote In Greece
473,Polish Speaking Pandora Customer Experts - Work Remote In Greece
474,Full time Home Health Registered Nurse - South East Grand Rapids
475,Solution Engineer
476,IT Support Engineer (Microsoft 365)
477,GFE Clearance Team Clinician
478,Medical Spa Sales Consultant
479,Leadership role in M&A and Corporate Development
480,"Σύμβουλος Πωλήσεων Οικιακών Συσκευών (Μερική Απασχόληση), Public+Home Veso Mare"
481,Materials Controller
482,Solution Support Manager
483,LGV 2 Driver Tues to Sat RORO
484,Van Driver
485,Loader Operative
486,NLM Sr. Software Developer
487,DevSecOps Engineer / Cloud Administrator (AWS)
488,Christmas Photo Set Staff-The shops at Grand Prairie
489,Account Director (Performance Marketing Agency)
490,"Team Assistant, Marketing (12 Month Fixed Term Contract)"
491,Start-Up Associate Contractor (Spain)
492,Cloud Security Engineer
493,Epic Grand Central / RTE Analyst
494,Senior Product Strategist
495,Safer Gambling Advisor
496,Engineering Technician
497,Engineering Manager
498,Sandėlininkas (-ė) | Elektronikos gamyba
499,Speech Pathologist | NDIS
500,Litigation Paralegal
501,AI Engineer
502,Senior RF Design & Test Engineer
503,Occupational Therapist
504,"Accounting Manager, General Ledger & OPEX"
505,Lead Franchise Strategist
506,Category Manager - Sports
507,Computational Plasma Research Summer 2027 Intern
508,"Sales Executive, Restaurants & Dining"
509,SoC Development Engineer
510,"Senior PCB Design Engineer, Intelligence Systems"
511,Head of Finance
512,Senior AI Engineer
513,RF Hardware Intern (Winter 2027)
514,Assistente de Gestão
515,Enterprise Product Advisor - Bilingual
516,Part Time - Supply Contractor
517,Senior Proposal Manager I
518,Entry Level Auto Painter
519,Data Entry Specialist
520,Wheel Repair Specialist
521,Head of Revenue Operations
522,Commercial Masonry Estimator
523,Office Manager
524,Provider Network Management Senior Associate
525,Remote Clinical Psychologist – Older Adults | PhD / PsyD | Washington | Telehealth
526,Senior Scientific Director (Virology)
527,Content Marketing Lead
528,"Material Manager, Warehouse (Technical Hardware)"
529,Remote Clinical Psychologist – Older Adults | PhD / PsyD | Oregon | Telehealth
530,GTM Operations Lead
531,Manutentionnaire
532,Sales Operations Manager
533,Forward Deployed Engineer - P2P Networking
534,Senior Hardware Operations Program Specialist
535,Product Test Technician I
536,Exposure Management Engineer - Mid-Atlantic region (Remote)
537,"Lead, Technical Program Manager"
538,Insurance Counsel - Forms Drafting
539,Assistant Clinical Director
540,Senior Registered Veterinary Technician (VN) - West Hollywood
541,Remote Clinical Psychologist – Older Adults | PhD / PsyD | Maine | Telehealth
542,Mechanical Systems Expert
543,Intelligence Analyst
544,"Director, GSOC Operations, Travel Risk & Access Management"
545,AI Software Engineer (Remote)
546,Field Support Technician Marketing & PR Fleet
547,Branch Manager (Newark Airport)
548,Critical Infrastructure Expert Trainer
549,Software Technical Program Manager
550,HVAC Service Apprentice
551,Associate Product Manager
552,Remote Therapist – Older Adults | LCSW / LMFT / LCMHC | North Carolina | Telehealth
553,Managing Director - France
554,Cage Cashier (Grave Shift) - Full Time
555,Global Initiatives Curator
556,Remote Therapist – Older Adults | LMSW / LMFT / LPC | Michigan | Telehealth
557,Medical Assistant
558,Orbital Tube Welder II/III - B Shift
559,Associate Solutions Engineer
560,Remote Therapist – Older Adults | LCSW / LMFT / LPC | Georgia | Telehealth
561,Accountant
562,Maintenance Technician (Riverwood Grove)
563,Level B: Electrical-Mechanical Technician
564,Program Manager
565,Plantilla #WERECRUITERS 1075h: Vendedor/a Moda KIABI
566,Admissions Representative (Sales Experience Required)
567,Senior Customer Operations Lead
568,Senior Security Engineer
569,Sr. Sourcing & Procurement Specialist
570,"Associate Director/Director, Medical & Regulatory Writing"
571,"Briefing Coordinator, Live Journalism"
572,Inside Territory Manager- Entry level
573,Maintenance Technician
574,Fleet Manager
575,Leader de Plancher (Temps Partiel) - Galeries de la Capitale
576,Concierge - Residences at The Little Nell
577,"Mental Health Outreach Coordinator - Clinical & Business Referral Development (Remote with Travel, New Jersey Territory)"
578,Ingénieur Génie Civil – Séisme / ISS – Méthode Push-over - Stage - H/F
579,"Transformation Manager, Technical Support (East Coast)"
580,"Senior Field Marketing Manager, Events"
581,Commercial Counsel
582,Supplier Success Professional (B2B Customer Support) - Multilingual Italian/Spanish/English
583,Backend Engineer Consultant - (remote - Brazil)
584,Senior Business Analyst (IGT1)
585,"Member Support Specialist (Float, Monday-Friday)"
586,Financial Service Representative
587,Lead / Senior Data Platform Engineer H/F
588,Telecom and Data Centre Consultant
589,Assistant(e) Administration Usine F/H
590,Red Team Specialist
591,Senior Client Solution Architect - Northern California (Remote)
592,Aircraft Maintenance Technician
593,"Studio Crew, Tribeca"
594,"Manager, Software Engineering"
595,Strategic Partnerships Manager (Platform Partnerships)
596,Verpleegkundige voor de mobiele equipe (M/V/X) - Ploegendienst
597,Research Manager - Foundation & World Models
598,Senior Frontend Engineer (Kotlin / Android UX)
599,"Sales Director, Ireland Education"
600,Account Director - MRI-Simmons Agency Vertical
601,Quality Assurance Nautical (m/f)
602,Medical Assistant Trainee - Float (Dublin)
603,Registered Nurse - Home Care
604,Apprentice Electrician
605,Senior Security Solution Architect: Presales - Southern California (Remote)
606,Senior Software Engineer (Voyager)
607,Divisional Sales Manager
608,Skincare Consultant
609,Junior HR Admin (Кадровий облік) - Platform
610,Senior Data Analytics Engineer
611,Sec Dev Ops Engineer - Level 3
612,Senior Network Engineer
613,Operator Extrusie B
614,Marketing Associate
615,Results Analyst
616,Automotive Sales Consultant
617,Senior Cloud Engineer - R4318
618,Founding Physician
619,"Sales Operations Manager - Sales Planning, Performance & Incentives (m/f/d)"
620,Valuations Analyst | Rotterdam
621,Auxiliaire de Vie H/F Echirolles
622,Full Time Floor Leader - Twelve Oaks Mall
623,Consultant Capital Markets
624,Accountmanager | Asset Services
625,Group Manager - Operations
626,SAP Basis Senior Consultant (Cloud SAP ALM)
627,Stage 6 mois - Data Engineer H/F
628,"Engagement Manager, AI Deployment"
629,Help Desk II Livello
630,Game Security Analyst
631,Aide aux personnes âgées H/F
632,Night Auditor
633,Growth & Partnership Manager
634,"Country Head, Italy – Distribution & Partnerships"
635,"Senior Data Scientist, Growth Alliance (f/m/x)"
636,Développeur IOT H/F
637,Staff Industrial Engineer
638,General Ledger Accountant EMEA (m/w/d)
639,Enterprise Account Executive (Florida - ED)
640,Fork Truck Operator (Shipping in Boards Plant)
641,Senior Developer (Python)
642,Comprador Sênior - MRO - Manutenção Reparos e Operações - BRA
643,Ersatzteilspezialist/Logistikmitarbeiter mit KFZ Hintergrund (d/m/w)
644,Virtual High School Social Studies Teacher
645,Senior Frontend Engineer
646,"Sr HR Associate, Shared Services ( 9 month Fixed Term Contract)"
647,"Technical Program Manager, Maritime International Deployments"
648,Medical Science Laison sHTG
649,Kfm. Mitarbeiter Auftragsabwicklung (m/w/d) Graz
650,საკრედიტო ადმინისტრატორი - ნინოწმინდის ს/ც #1
651,Residential Estimator (New York / Long Island / Northeast projects)
652,Dynamics 365 Customer Insights & Fabric Technical Consultant
653,Job Title Senior Industrial Hygienist I
654,Cloud Site Reliability Engineer (Network) (m/f/x)
655,CRM Marketing Manager
656,Technicien chargé de travaux de maintenance postes électriques HTB - F/H
657,Software Engineer
658,Account Executive Manager | SMB | French Market (Paris)
659,Accounts Payable Specialist (m/f/d)
660,Ingénieur Conception Ferroviaire Confirmé F/H
661,Customer Success Manager
662,Vendeur Conseil H/F
663,"Sr Automation Engineers, PWT"
664,Advisory Presales Solution Consultant - Public Sector (Higher Education & Healthcare)
665,Management Consultant – Digital Banking Transformation
666,Vill du vara med och forma framtidens mejeriindustri?
667,Knowledge Management and Training Project Intern
668,Product Manager
669,Assistant Retail Manager - Burgess Hill Store
670,Premium Cash Assistant
671,Premium Cash Officer
672,Protective Services Development Manager
673,Supervisor
674,Financial Controller
675,"[Coupang] Principal, HRIS Specialist (PSA) [L6-I]"
676,Senior Go to Market Ops Leader
677,Consultant DevOps Cloud
678,Addetto al magazzino (m/f/d) - Categorie Protette (L.68/99)
679,ასოცირებული პერსონალური ბანკირი - ზუგდიდის ს/ც 1
680,Senior Specialist Software Architect
681,Procurement Officer
682,"Specialist, BI"
683,Team Member - Engineering Automation
684,Bancassurance Sales Performance Lead
685,Talent Acquistion Specialist
686,"Growth Lead, SEA"
687,Senior Back-end Engineer (.NET) - Finance
688,2027 Graduate Program - Technology Advisory
689,"Technical Product Manager, GTM"
690,Customer Service Representative
691,GIS Specialist
692,Senior Software Engineer
693,Senior Machine Learning Engineer
694,Mission Engineer II - Saratoga
695,"Senior Strategy Manager, People Strategy & Operations"
696,"Senior Software Engineer, Native Mobile"
697,Senior Systems Engineer Tech Foundations
698,Product Delivery Lead
699,Credit Executive
700,Care Partner (Part Time)
701,Showroom Coordinator
702,Bartender / Mixologist (EllaRocrita-S27)
703,Life Enrichment Coordinator (Full-Time)(1st Shift) - Dublin Square
704,Solutions Sales Specialist - Managed Services
705,Government Relations & Partnership Specialist
706,Norwegian Speaking Customer Experts for Dyson - Work Remote In Greece
707,"Danish Speaking Cybersecurity Customer Experts - Work In Athens, Greece"
708,"Norwegian Speaking Customer, Tech, Sales and Digital Experts - Work Remote In Gr"
709,People & Culture Coordinator - Freelance (30 Hours Per Week)
710,Partner Success & Sales Enablement Specialist
711,Transitions Manager
712,Manager - Energy Markets Design
713,Senior Key Account Manager
714,IT Support Manager
715,Director - Business Planning. SN7
716,Freelance: grabación de tareas cotidianas para proyecto de IA
717,1st and 3rd shift Licensed Practical Nurse or Registered Nurse
718,Intake Coordinator
719,Maintenance Technician (3rd Shift)
720,Staff Engineer (Core & MLOps) - Remote
721,Post Production Coordinator
722,Due Diligence Analyst
723,Childcare Teacher | Part-Time
724,Senior Tutor - ACT Full Test
725,Business Systems Specialist
726,MSK Physiotherapist | With interest in Hydrotherapy
727,Physiotherapist | Community | Peads & Adults | NDIS
728,SAP Procurement Business Analyst - Data & Analytics
729,Clinical Immunologist
730,SCADA / EMS Solution Architect
731,Senior Leave of Absence Associate
732,Asystent Projektanta / Asystentka Projektantki w branży mostowej
733,"Customer Success Engineer, Sydney"
734,Research Engineer - Benchmarks
735,Credit Controller
736,Central Video Producer
737,Warehouse Associate
738,Head of Marketing
739,Project Geologist
740,EDI Analyst I (B2B SaaS)
741,Avionics Test Manager
742,Electronics Technician (Falcon Test) - Level 4
743,Per Diem Physician - Downtown Seattle
744,Pediatric Occupational Therapist (Part-Time)
745,Robotic Systems Integration Engineer (SLA & SLS)
746,Personal Care Specialist (Part Time)
747,"Senior Financial Analyst, Technology"
748,Structural Student Intern
749,"Cybersecurity, Partner"
750,"Senior Manager, Strategy & Agenda"
751,Business Operations Consultant
752,CDL Delivery Driver
753,Mental Health Therapist
754,Digital Marketing Manager
755,Fashion Associate (Part time) - Fairview Park Mall - Kitchener
756,"Senior Optical Engineer, Design & Architecture"
757,New - Operador(a) de Producción Planta Periferico
758,"Sr. Manager, Brand Marketing (Rotten Tomatoes / Fandango)"
759,R&D Scientist
760,Physical Therapist
761,Veterinary Assistant
762,Peloton Expert (Part-Time) - The Mall at Short Hills
763,Digital Marketer
764,Agent PM
765,"Emergency Veterinary Assistant (Overnight) - Pleasant Hill, CA"
766,Rental Coordinator
767,Journalier Receveur Non Ferreux
768,Lead Infant Teacher
769,"Specialist, Inventory Quality"
770,Assistant Sales Manager
771,Mid-Enterprise Account Executive
772,Equipment Support
773,"Research Engineer / Research Scientist, RL Frontiers"
774,Team Lead (Full time) - Reitmans
775,Janitor
776,Senior Product Counsel
777,Medical Assistant - North Chicago
778,Organ Health Specialist
779,Remote Therapist — LSW or LPC Required | Free Supervision
780,Hotel Manager (m/w/d)
781,"Software Technical Program Manager, Strategic Defense"
782,Site Contract Manager
783,"Territory Account Executive, Retail -Georgetown, KY"
784,Payroll Support Manager (Corrections)
785,Brake and Tire Auto Technician
786,Brake and Tire Technician (2nd Shift)
787,HVM SSD Planning Manager
788,[2026-2027] Special Education Interventionist - Elementary School
789,"Director, Program Delivery"
790,TRAVEL CONSULTANT CUSTOMER EXPERIENCE
791,Inside Sales Representative
792,Quality Engineering Manager
793,Care Associate/PSS - Assisted Living
794,Account Executive (Entry Level)
795,"Mid Market Account Director, Talent Solutions"
796,Apprentice Technician
797,Founding Sales (SDR to Full-Cycle)
798,"Buyer, Intelligence Systems"
799,Comercial Junior - El Puerto de Santa María
800,"Patient Support Specialist (Temporary, Full Time)"
801,Freedom of Information Act (FOIA) Analyst
802,Liberty Lead
803,Site Launcher
804,Gestor/a Comercial - Alcalá de Guadaíra
805,AI Developer Intern
806,"Staff Software Engineer, Lifecycle Management"
807,"Senior Workplace Manager, Colocation & Spark"
808,Territory Sales Manager - AL/TN
809,Home Care Occupational Therapist- 1099 (Manhattan)
810,Maintenance Technician - 1st Shift
811,Senior Site Reliability Engineer
812,LA Kings - Graphic Design Associate
813,Equipier Commercial CDD F/H frais
814,"Sr Human Resources Associate, Shared Service Centre ( 9 month fixed term contract)"
815,"Principal Full Stack Engineer | $90-$120/hr + Remote | Inc. 5000 Award-Winning, High-Growth Coaching Company"
816,HR Manager
817,Directeur de Zone - Services à la personne (H/F)
818,"Director, Network Strategy & Analytics"
819,Senior Front End Engineer
820,P2P Analyst
821,Fleet Support Administrator (Dallas Fort Worth Airport)
822,"Associate, Operations"
823,Crypto Product Compliance Lead
824,Conseiller.ère mode (Temps partiel) - Dix30
825,Sales Development Representative (Swedish or Danish speaking)
826,Business Development Manager
827,"Account Executive, Legal"
828,Sales Manager (m|w|d) Direktgeschäft - Soltau
829,Direct Support Professional (DSP)/Caregiver
830,Operational Resilience Specialist
831,Technical Lead Engineer
832,Staff Software Engineer (Applied AI)
833,Healthcare Assistant - Flintshire and Wrexham
834,General Laborer
835,Programador/a Senior .NET
836,Lead Game Designer
837,Part-Time Yard Associate
838,"Senior Manager, Technical Program Management"
839,Senior Product Marketing Manager (Leave Coverage)
840,Ingénieur DevOps Confirmé/Build - (H/F)
841,Training Lead II
842,People Generalist HQ
843,Mitarbeiter (m/w/d) im Praxismanagement des Chefarztsekretariats - MFA/GKP in Voll-/Teilzeit
844,Law Clerk (Part-Time)
845,Pessoa Estagiária Mesa de Crédito
846,Retail buyer
847,Buyer/Content Manager (Gifts & Games)
848,"Senior Systems Engineer, Enterprise AI Platforms"
849,Senior Maintenance Technician - Cortland Belmar
850,Community Manager
851,Coordonnateur·rice multidisciplinaire en chantier avec Hydro-Québec
852,Security Control Assessor Representative (SCA-R)
853,"Manager, IT Audit"
854,"Assistant Manager, Fine Dining - Auberge du Pommier"
855,"Staff+ Software Engineer, Account Abuse (Machine Learning)"
856,Consultant Senior Risk Consulting Industries et Services 26-27 H/F
857,"Housekeeping Associates, Culver City"
858,Biz Ops
859,Mitarbeiter*in im Team der Zentralen Dienste
860,Senior Technical Sales Specialist - Azure
861,Java R&D Software Engineer - Leuven
862,"Product Manager, OpenRouter Connect"
863,Sales Engineer (m/f/d) – Materials (Brabender Product Line) - Permanent contract
864,Teamleitung Facility Management (m/w/d)
865,Carers required evenings in Lichfield 16 hour contract
866,Community Based Evening Carer 20 hours contract
867,Mitarbeiter Nachrichtentechnik / Informations- und Kommunikationstechnik (m/w/divers) - REF98596T
868,"Oracle Cloud Technical Consultant, Senior"
869,Facility Manager (m/w/d)
870,Security Lead
871,Analista de Projetos Sênior
872,"Ausbildung Kaufmann (m/w/d) für Groß- und Außenhandelsmanagement, Bau Vertrieb, ab 01.09.2027"
873,Electrical Project Engineer
874,Ausbildung zum Industriekaufmann (m/w/d)
875,Sales Manager (m|w|d) Direktgeschäft für die Region Hamburg
876,Consultor/a Funcional/ Implantador/a HIS - Sanidad
877,Conseiller Commercial (F/H/X) - Lyon Berthelot - CDI
878,BMS & Electronic Security Manager
879,Executive Assistant to the CEO (w/m/d)
880,Assistant Villa Manager
881,Software Engineer Intern 2026/2027
882,Customer Strategy and Value Associate
883,Commercial Systems Engineer
884,Client Success Director- Singapore
885,Central Operations Associate
886,Mobile App Security Engineer
887,DevSecOps Engineer
888,Signal Processing Engineer (Radar)
889,Security Tooling Engineer II
890,Order to Cash Administrator
891,Public Sector - Consultant.e junior
892,"Staff Engineer, Software"
893,AI Engineer (Manager level)
894,IT Front Office Coordinator
895,Pflegefachmann/ Pflegefachfrau oder Fachkrankenpfleger für die Intensivstation (m/w/d)
896,Principal AI Engineer
897,"Enterprise Account Executive, Growth - META | Remote | Spain"
898,Senior Product Owner
899,Senior Designer
900,Practice Manager - Greencross Vets Chatswood
901,Territory Manager (Northern Tablelands)
902,Bilingual Physician (Spanish/English) - Virtual Health Assessment Team
903,"Medizinische/-r Praxisassistent/-in, 50 - 100%"
904,Senior Platform Engineer
905,DevOps Engineer
906,Physiotherapist
907,TN_202607_043 - Controlling Analyst
908,"Regional Director, Sales - North India"
909,Programme Manager - St Heliers
910,Remote Therapist – Older Adults | LICSW / LMFT / LMHC | Washington | Telehealth
911,Remote Therapist – Older Adults | LCSW / LMFT / LPC | Arizona | Telehealth
912,Senior Business Systems Analyst (InEight)
913,Clinical Director / BCBA
914,Comptable Général - (H/F)
915,Transportation Procurement & Pricing Manager (EM7204)
916,General Human Rights Analyst-540189
917,Back Office Specialist
918,Full time carers Required
919,Talent Acquisition Specialist
920,Dutch Speaking Technical Support Customer Experts - Work Remote In Greece
921,Dutch Speaking Customer Expert for Car Sharing - Work Remote In Greece
922,"PMO - Nordics (0,7 FTE)"
923,SEO Specialist
924,"Dutch Speaking Cybersecurity Customer Experts - Work In Athens, Greece"
925,Dutch Speaking Customer Service for an Automotive Brand - Work Remote in Greece
926,Part Time Medical Assistant
927,Customer Success Specialist - SAAS
928,Field Technician (Florida)
929,QHSE Advisor - Midlands & North
930,Audiologist - Augusta GA
931,Business Development Head - Education loans
932,"Part-Time Direct Support Professional, Supported Living"
933,Housing Case Manager (SAIL Housing)
934,Delivery Manager
935,Virtual Elementary Math Tutor K-6 Fully Online and Remote
936,Assistant Branch Manager - Ahmedabad (Asarwa) Rentokil Initial Hygiene
937,Registered Nurse - Home Health
938,Oracle PL/SQL Developer & DBA - Vendor JD
939,"Food Safety Team Leader (12month fixed-term) - Minto, South-West Sydney"
940,Virtual Assistant - Therapist / Therapy Practice Experience
941,FBS AI Engineer (Remote)
942,Lead Security Engineer
943,Presales Consulting Manager
944,Per Diem Hospice Registered Nurse
945,Chief Revenue Officer
946,Bilingual Sales Coordinator (English-Spanish) - Remote.
947,Haul Truck Driver
948,Responsable de Recursos Humanos rubro Metalúrgico
949,Start your ABA practice in Kentucky! (BCBAs)
950,Start your ABA practice with Finni! (BCBAs)
951,Implementation Manager
952,Member of Technical Staff - Security Research
953,Senior Product Marketing Manager and Evangelist
954,"Spring 2027 Legal Intern, Disability Rights Program"
955,Vulcanizador
956,Senior Chef de Partie - Events
957,Temporary Merchandising Coordinator
958,On Call Test Proctor - Weekday Evening Availability - Muskegon
959,Capacity Planning Lead
960,"Research Engineer, Robotics Data"
961,Employment Consultant
962,BSN Clinical Instructor - Per diem
963,"Business Systems Engineer Intern, Finance Technology (Summer 2027)"
964,Caregivers for Home Care
965,2027 Mechanical Engineering Intern
966,2027 Growth & Business Development Intern
967,"Territory Account Manager - Charleston, SC"
968,Senior Mechanical Engineer (Rotary Actuators)
969,Unarmed Security Building Officer
970,Brake and Tire Auto Technician (2nd Shift - Mon-Thurs)
971,Principal Services Solutions Architect - Cloud Native & Kubernetes
972,Temporary Fashion Associate - RW&CO
973,Colaborador de ventas (Tiempo completo)
974,Communications Lead
975,Financial Aid Advisor
976,Central Services and Logistics Support Intern (12-month Co-op/Internship)
977,Cook/Part Time/AM Breakfast Cook
978,Residential House Manager - Harford County
979,"Senior Associate, FP&A"
980,[US DC] Senior Automation Engineer
981,"Events and Ministry Coordinator (Offsite, Part-Time)"
982,Powertrain Calibration Engineer
983,Sr. Marketing Manager
984,Mechanical Engineer II
985,DoD SkillBridge Internship: Assistant Superintendent
986,Security Associate - 2nd Shift
987,ClickUp Traffic Manager (PH)
988,"Freelance Campaign Manager, Tech, AI (UK / Europe)"
989,Temp IT Specialist - 2 Month Assignment (Onsite)
990,Senior Accountant
991,Bridge Engineer Internship
992,Ingénieur(e) sénior(e) en mécanique de bâtiment industriel
993,Security Compliance Analyst
994,On Call Archaeological/Cultural Resource Technician
995,Injection Molding Engineer – Automotive
996,Social Video Editor
997,"Machine Learning Engineer, Safety"
998,Técnico de Mantenimiento a Grúas Viajeras
999,Registered Nurse - Schools
1000,Technical Lead - System Tests & Diagnostics Engineer
1001,Senior BCBA
1002,"Principal Product Manager, AI Platform"
1003,Production Program Manager – International Growth (Barracuda 500)
1004,Security Engineer
1005,Chirurgien-Dentiste - Orthodontiste H/F- CHALON SUR SAONE
1006,Part-Time Occupational Therapist
1007,Onboarding Specialist
1008,Chirurgien-Dentiste - Omnipratique H/F - VILLEURBANNE
1009,Virtual High School Math Teacher
1010,"Automotive Interior Repair - 2nd Shift - $4,000 Bonus"
1011,Auto body Tech - $4000 Bonus
1012,Staff Product Manager - Data Supply Expansion
1013,Talent Acquisition Specialist (H/F)
1014,Project Manager Junior / Gestor de Proyecto
1015,"Staff Product Designer, Growth"
1016,Nurse Practitioner
1017,"Sales Development Representative, Healthcare (C1 - B2B)"
1018,"Senior Customer Success Manager, Financial Services"
1019,"Contract Specialist III, Senior Consultant"
1020,Restaurant Manager - Hourly Manager
1021,"Full-Time Beauty Advisor, Bloomingdale’s Soho"
1022,Training Administrator - 9m FTC
1023,Accounts Receivable Specialist
1024,Manager / Lead Associate Product & Pricing Management - Specialty Injectables
1025,"Summer 2027 Legal Intern, Criminal Law Reform Project"
1026,AI Architect
1027,"Spring 2027 Legal Intern, SCOTUS Docket"
1028,"Emergency Credentialed Veterinary Technician (Locum) - Whitby, ON"
1029,Chargé d'essais CEM
1030,Senior Cloud Security Engineer
1031,"Staff Engineer, Retail (m/f/d)"
1032,Warranty Booker - BMW of Monrovia
1033,STNA PRN
1034,Senior Field Application Engineer – Packaging Automation (Europe)
1035,Maintenance Supervisor
1036,Resident Services
1037,Employee Relationship Consultant
1038,Research Scientist
1039,"Research Engineer, Agentic Systems"
1040,Event & Commercial Operations Executive
1041,Sale Day Driver - ADESA Boise
1042,Manager CIO & AI Advisory - Bureau de Nantes
1043,Assistant Floating Teacher - (Part-time 11am-3pm) Kitchen Aid
1044,Head of Global Procure to Pay (P2P)
1045,B2B2C Partnership Manager (all genders)
1046,Specialist Production Engineer Designer MMC - SST
1047,Maritime Case Manager
1048,"Technician III, Operations & Maintenance"
1049,E-Commerce Coordinator
1050,Junior/SemiSenior Back-End (Python) Engineer - Security and Safety Solutions - LATAM
1051,AUSBILDUNG ZUM AUTOMOBILKAUFMANN/FRAU (M/W/D) BMW MOTORRAD - BEGINN 2027
1052,"Senior Lifecycle Specialist, Workers Compensation - EMEA"
1053,Project Manager High Voltage
1054,Part Time Floor Leader - Century City
1055,Senior Java Developer
1056,"Customer Success Manager, Enterprise"
1057,Électromécanicien (H/F)
1058,Technical Consultant
1059,Partner Program Operations Manager
1060,"Engineering Manager, DevEx"
1061,Especialista DevOps | Technology Platform Engineering
1062,NPI & Technical Development Engineer
1063,Chef d'Equipe Entretien Paysager - H/F
1064,Commercial Sales Manager
1065,Associate Delivery Manager
1066,Offensive Security Engineer (Red Team)
1067,"Senior Test Analyst/Lead Test Analyst (Automation, Playwright, Appium)"
1068,Retail Assistant Store Manager
1069,Growth Restaurant Leader
1070,Talent Development Manager
1071,"Staff Software Engineer, Data Platform"
1072,Project Officer
1073,Warehouse Supervisor- Nights - Core
1074,Lead BD - Innovation Licensing
1075,"HRIS Workday & Data, Team Lead"
1076,Network Development Specialist Automotive Parts
1077,Part time 'Ready to Wear' Sales Assistant
1078,Senior Full-stack Software Engineer (Node.js/ TypeScript)
1079,Consultant Swift - H/F
1080,HR Operations Staff
1081,"Forward Deployed Engineer, Professional Services (Application Security)"
1082,Responsable de Salon H/F - COIFF&CO
1083,AI Software Engineer
1084,Head of Data
1085,"Lead, Special Projects"
1086,Logistics Executive
1087,Senior Project Engineer EAP
1088,"Stockroom Team Member - The Warehouse, Alexandra (Part-time)"
1089,Senior Backend & Reliability Engineer
1090,"Robotics Automation Engineer, Manufacturing Engineering"
1091,Professional Education Manager
1092,Guest Service Agent / Hotel Receptionist
1093,"Account Director, Japan"
1094,Systems Accountant
1095,OSHC Educator | Chatswood
1096,Supply Chain Engineering Intern - Summer 2027
1097,"Remote, Contact Center Representative (Medical Record Retrieval) 6735"
1098,Freelance Graphic Designer
1099,Software Engineering Manager
1100,PART-TIME School Bus Driver - Brantford and Burford
1101,Full Stack Engineer (Remote: Vietnam)
1102,"Operations Lead, Mid-Market"
1103,Second Shift Compliance Manager
1104,Customer Service Analyst
1105,Fire Sprinkler Helper
1106,FBS ICM Data Consultant
1107,Operations Coordinator
1108,Records Paralegal (Remote) | Mexico
1109,Operations Associate
1110,Customer Service Host
1111,LGV 2 Driver
1112,Health Services Support Agent with German
1113,"Administrative Assistant, Corporate Governance"
1114,Senior iOS Developer
1115,Virtual School Occupational Therapist (OT) - Minnesota or OT Compact License
1116,Front Office Agent (EllaHelea-S27)
1117,Yard Laborer
1118,Years 9-12 Coordinator (Online School)
1119,Learning Support Assistant
1120,Daily Organisation and Timetable Coordinator (Online School)
1121,Personal Injury Paralegal (Seattle)
1122,Sales Excellence Manager
1123,Engineering Manager | Networking Solutions
1124,Primary School English Teacher (IP) Temporary - Midrand Region Talent Pool- 2026
1125,Account Executive - EMEA
1126,"Member Services Specialist - Trilingual (English, Cantonese & Mandarin Speaking)"
1127,Behavior Technician - BT - Part-Time
1128,Store Supervisor (Part-Time)
1129,National Māori Health & Equity Cultural Advisor
1130,Recruitment Coordinator
1131,Senior Partner Agent Architect (UK)
1132,Structural Ironworker - Fly In Fly Out
1133,Human Resources Intern
1134,Retail Assistant Store Manager Brickell City Center
1135,Backend Engineer
1136,Sales Development Representative
1137,Store Manager - The North Face
1138,Experienced AI Product Marketing Manager - Base44
1139,"Director, Market Research & Competitive Intelligence"
1140,"xEngineer (Backend oriented), Premium Billing Platform"
1141,Senior Ops Tech Specialist
1142,"Principal Agent Strategy Manager, Health Systems"
1143,"Spanish Speaking Customer Agent Software Company - Work In Athens, Greece"
1144,"Spanish Speaking Customer Experts for Cloud Platform - Work In Athens, Greece"
1145,DFT Architect (Physical Design & Chiplet)
1146,"Spanish Speaking Customer Expert for Cyber Security - Work In Athens, Greece"
1147,Content Lead
1148,Key Account Executive (Lifestyle)
1149,"Staff Software Engineer, GI"
1150,Director of Sales & Marketing - Novotel Singapore Robertson Quay
1151,"Machine Controls & Data Integration System Engineer, Additive Manufacturing"
1152,Phlebotomy Operations Specialist
1153,Physiotherapist w/ Research Experience (Virtual Clinical Study)
1154,SEO Content Writer
1155,Data Annotator for Geospatial / LiDAR project
1156,Associate Attorney
1157,Senior Paralegal
1158,"Senior Product Manager, Services"
1159,Performance Marketing Manager
1160,Strategic Finance Senior Manager
1161,Engineering Technician I
1162,Conveyance Coordinator
1163,"Research Scientist, Climate Modeling"
1164,Senior Strategist
1165,Building Engineer I
1166,Team Lead - Propulsion Manufacturing
1167,Business Analyst
1168,Employment Specialist / Job Coach
1169,Logistics Manager
1170,People Operations Coordinator
1171,"Senior Corporate Counsel, Corporate and Securities"
1172,Behavioral Health Technician
1173,Private Equity Mentor
1174,Window Installer
1175,Pricing & Order Operations Analyst
1176,Information System Security Engineer (ISSE)
1177,"Partner Development Manager, Global Payment Methods"
1178,Automotive Technician / Mechanic | Up to $55/Hr & Weekends Off | Loveland
1179,Conseiller.ère mode temporaire - Reitmans
1180,Teller
1181,Personal Care Specialist (Full Time)
1182,Instructional Design & Learning Innovation Specialist
1183,"Manager, Care Operations"
1184,Corporate Development Contractor
1185,"Strategic Account Associate, Medical Communications"
1186,Robotics Engineer
1187,Senior Solution Architect
1188,"Program Manager, Strategic Delivery (PEP)"
1189,Sr. Data Modeler
1190,Licensed Customer Service Manager (10am - 7pm CST)
1191,Batchweigher/Mixer Operator - 3rd shift (Coatings)
1192,Director of Systems Engineering
1193,Robot Service Technician – Full Time/Contract
1194,Data & Insights Manager
1195,Senior Vulnerability Engineer
1196,Civil Engineer (PE)
1197,Director/Sr. Director Engineering- Clinical AI + Care Delivery
1198,Programmatic Trader (Remote Canada)
1199,Junior Solutions Analyst
1200,Mid-Level Solutions Analyst
1201,Data Engineer
1202,Sales Assistant ROMA EST - D/U
1203,Senior Engineer - Cloud and Container Services
1204,Fashion Associate (Part time) - Vaughan Mills
1205,"Director, Finance Systems & ERP"
1206,"Staff Systems Engineer, Maritime"
1207,Mechanical Engineer V - Team Manager
1208,Strategic Digital Transformation & PMIS Services Leader
1209,Software Engineer I/II - Scientific Computing
1210,Seasonal Member Specialist - Miami
1211,Principal Electrical Engineer
1212,Director of Strategy and Operations
1213,Data Analyst
1214,"Manager, Clinical Laboratory"
1215,Site Reliability Engineer
1216,Compliance Operations Analyst
1217,IT Site Lead
1218,Director - Finance
1219,Sales Associate (Part Time) - Nashville
1220,"Director, Implementation"
1221,Assistant Store Manager - Houston Galleria
1222,Per Diem Direct Support Professional (DSP)
1223,"Field Marketing Manager, APAC"
1224,Manager HR & Transformation - Bureau de Marseille
1225,Senior Consultant - Social Strategy
1226,Practice Coordinator
1227,Senior Growth Manager - LATAM
1228,"Senior Manager, Growth (m/f/d)"
1229,Final Year Internship Consultant - HR & Transformation
1230,Senior Maintenance Technician (Night Shift)
1231,Talent Development Partner
1232,Senior GPU Performance Software Engineer
1233,"Customer On-Site - Reading, PA"
1234,"Project Manager (Pump, Power & HVAC)"
1235,Customer Success Lead
1236,Operations Analyst
1237,Major Account Manager
1238,Admission Registered Nurse
1239,Partner Engineer
1240,Senior FP&A Manager
1241,Executive Assistant to the CEO (human)
1242,Senior Software Engineer Salesforce
1243,Manager - People Operations
1244,Lead Data Analyst
1245,Kanban felelős
1246,Lead DevSecOps Security Engineer
1247,Assistant(e) CRM – Beebs – Stage 6 mois (h/f/nb)
1248,Senior Systemadministrator (m/w/d)
1249,Head of Supplier Relationship Management
1250,Repair Operations Lead
1251,Directeur·trice technique associé·e - Design
1252,AI Security Engineer I
1253,Industrial Maintenance Technician II
1254,"Capstone Clinical Faculty (part-time)- Wichita, KS"
1255,Associate Director
1256,HGV Class 1 Open Day Wentworth Park
1257,Werkstudent (m/w/d) oder Praktikant (m/w/d) Operations
1258,Mendix Low-Code Expert
1259,Full-Stack Engineer with .NET and Angular
1260,Product Designer Banque H/F
1261,"Document Coordinator, Product Integrity/Toxicology"
1262,"Partner Lead, EMEA"
1263,Analyste Junior en Transaction Services - Real Estate & Hospitality - Janvier 2027 H/F
1264,Senior QA Engineer (L4)
1265,CPE ST3- Jira Reporting & Analytics Lead
1266,Supervisor de Vendas - Custódia/PE
1267,"Security Engineer, GIOC"
1268,Support Engineer
1269,CPE ST3- Jira Agile Transformation Lead
1270,Aide à domicile H/F
1271,Financial Analyst
1272,Shift Maintenance Technician
1273,Staff Software Engineer
1274,Auszubildende zur/zum Rechtsanwaltsfachangestellten (m/w/d) - München
1275,Femme de chambre / Valet de chambre [EXTRA]
1276,Customer Delivery Manager
1277,Area Manager - South East
1278,ESTAGIÁRIO MECANIZAÇÃO
1279,"Product Manager, Deployed Optical Systems"
1280,FINANCIAL CONTROLLER (F/M/D)
1281,Station Manager LMI - London Heathrow
1282,Retail Planner
1283,Product Launch Manager - Execution Framework
1284,B2B Creative Manager
1285,"Head of Payments, Payment Institution"
1286,Régleur (F/H)
1287,Local Democracy Reporter - BirminghamLive
1288,Technische Reinigungskraft für Produktion (m/w/d)
1289,Senior Accountant- Dubai
1290,Experienced Artificial Intelligence Engineer (AI Engineer)
1291,Acquisition & Market Expansion Lead
1292,Credit Specialist
1293,Prodops Engineer 3
1294,Visual Merchandising Intern
1295,Registered Psychologist
1296,Lecturer - Social Work
1297,"Senior Associate , Decision science"
1298,Veterinarian - Medical Director
1299,Senior Software Engineer (West Coast USA)
1300,MTS - Agent Research
1301,Senior Video Editor (Temporary)
1302,Strategy Analyst
1303,Jira Administrator (Migration/Scripting/Integration)
1304,Business Developer
1305,"Media Buyer, Integrated Media Investment"
1306,Student Support Adviser (Māori)
1307,Casual Veterinarian | Brisbane West
1308,"Senior Design, Experiential Events"
1309,"Business Developer - Category Contract Logistics, IKEA Supply Chain Operations"
1310,Senior Mechanical Engineer - Powertrain Engineering
1311,Vendedor de Loja (M/F) - Mr. Blue Ubbo - Part Time (24h)
1312,"Director, Demand Generation"
1313,SMB Account Executive
1314,Founding Customer Experience Manager - Netherlands
1315,Conseiller(ère) de vente H/F (CDD 35h) - Guess Roppenheim denim
1316,Retail Sales Representative
1317,Med Tech (Full-Time)(3rd Shift) - Ashley Square
1318,Italian Sales Department - Remote
1319,Portuguese Back Office E-mail Support
1320,Hungarian Digital Trust & Safety Analyst
1321,"Icelandic Speaking Support Specialist - Work In Sofia, Bulgaria"
1322,"Greek Speaking Player Support Specialist - Work In Sofia, Bulgaria"
1323,"German Speaking Fitbit Products Support Specialist - Work In Sofia, Bulgaria"
1324,"German Speaking Back Office Gaming Support Specialist - Work In Sofia, Bulgaria"
1325,Desktop Technician
1326,Multidrop Courier Opportunities - Telford - £230 Per Day
1327,LGV 2 Driver AM
1328,Truck & Trailer Mechanic
1329,B2B Sales Executive - North Broward County
1330,Customer Success Partner (Czech & Slovak)
1331,Digital Ads Sales Specialist - Dutch Market
1332,Electrical Construction Manager - Data Centre - Europe
1333,Estonian-Speaking Trust & Safety Analyst
1334,Home Health Aide and Med Tech - All Shifts Available
1335,Veterinary Technician - ICU Daytime
1336,Ingénieur(e) en assurance de la qualité des logiciels - FR 368
1337,Marketing and New Business Intern
1338,Lead Product Manager - RPG
1339,Human Resources Generalist - Part-Time
1340,Salesforce Engineering Manager (Argentina)
1341,Contracts Specialist
1342,Bookkeeper (005-01367)
1343,12D M1/M2 Traffic Management Operative
1344,Gamybos operatorius (-ė) | Elektronikos gamyba
1345,Finance Director (Nonprofit)
1346,Bilingual English and Spanish Member Loyalty Representative (R14277)
1347,"Director, Design Management"
1348,Staff Software Engineer II
1349,Contract - Senior Technical Recruiter
1350,Director Compliance and Security
1351,"Associate Growth Marketing Manager, Direct Mail"
1352,"Software Engineer, Horizon"
1353,Sales Engineer
1354,Research Assessor (contract) - KY
1355,Robotics Software Engineer
1356,"Manager, Outside Sales"
1357,Nurse Practitioner or Physician Assistant - Post Graduate Mentorship Program
1358,Mechanical Design Engineer II (Onsite)
1359,Telecommunications Support Specialist
1360,Assistant Spanish Teacher
1361,"Software Engineer, Applied AI"
1362,Supervisor de Vendas - Joaçaba/SC
1363,Financial Underwriting Lead
1364,Registered Nurse - Transition Team
1365,"Field Service Technician - Rochester, MN"
1366,Senior GTM Onboarding Programs Manager
1367,Senior Modelling and Simulation Engineer
1368,Senior Thermal Analysis Engineer
1369,"Legal Counsel, Air Defense"
1370,Psychiatric Mental Health Nurse Practitioner (PMHNP)
1371,"AI Deployment Manager, Scale"
1372,Program Lead (Fixed-Term)
1373,Senior Business Development Manager
1374,"Gestionnaire, Opérations spectacles"
1375,"Construction Supervisor, Mechanical"
1376,Strategic Account Executive
1377,Operations Associate (Full-Time) - Soho
1378,Principal Software Engineer
1379,"Senior Site Reliability Engineer, SecOps"
1380,Scientific Director
1381,IACT Coordinator for Israel Engagement at Clark University Hillel
1382,Food Specialist
1383,"Senior Front-End Engineer, Quantum Tools"
1384,Senior Security Engineer - Enterprise Security
1385,Fashion Associate (Part time) - London Town Square
1386,Senior / Staff Rotor Dynamics Engineer
1387,Senior Account Manager
1388,Physical Engineering Business Lead (Special Situations)
1389,Director of Partner Growth
1390,Senior Advertising Account Executive
1391,Autonomous Driving Test Operator
1392,"Head of Product, Applied AI"
1393,Commis Balance et Transport
1394,Business Development Representative - NYC
1395,"Sales Engineer, UK"
1396,Clinical Research Coordinator III (PK)
1397,"Nursing Supervisor - Cambridge, MA"
1398,"Emergency Veterinary Assistant (Part Time) - Gaithersburg, MD"
1399,"Emergency Veterinary Assistant (Relief) - Woodbridge, VA"
1400,Structural Steel Estimator
1401,Conducteur de travaux Principal - Créatis - H/F
1402,Supplier Quality Engineer Associate (Winter 2027)
1403,Field Operations Specialist (Charlottesville)
1404,Brake and Tire Technician
1405,2nd Shift Replenishment Lead
1406,Strategic Account Manager 3 - German Speaker
1407,"Senior Software Engineer, Backend"
1408,Program Scheduler
1409,Sanitation Manager - 3rd Shift
1410,Customer Success Manager (Telecom/SaaS)
1411,Field Marketing Manager
1412,Director of Front Office - Limelight Mammoth - Housing & Relocation Available
1413,Certified Med Tech
1414,Senior Community Manager Contract - Creative - US
1415,"Team Lead, Legal Response"
1416,Sales Development Representative - EMEA
1417,Maternal Child Clinical Faculty (part-time)
1418,Licensed Practical Nurse - Adult Nursing
1419,Client Support Manager
1420,Forklift Operator - 3rd shift - $22/hour
1421,Manufacturing Operations Manager
1422,Quality Lab Technician (3NL) -Dayshift
1423,Legal & Compliance Intern (f/m/x)
1424,Global Team Leader - Affiliate marketing
1425,Growth & Product Marketing Manager
1426,Senior Financial Analyst – Operations
1427,Strategic Account Executive (Tennessee)
1428,Senior Deal Desk Analyst (Temp)
1429,Project Traffic Engineer / Project Manager
1430,Paralegal
1431,Senior B2B High-Ticket Closer | Amazon Brands | $250K–$300K+ OTE
1432,"Senior Software Engineer, AI Agent & Experience Team"
1433,Study Startup Specialist I
1434,iOS Software Engineer Sênior (Vaga Afirmativa para Mulheres)
1435,Marketing Manager / Account-Based Marketing (ABM)
1436,Automotive Painter
1437,Client Services Representative (Spanish and/or Portuguese)
1438,Apprenti(e) Customer Acquisition & Retention
1439,Senior Infrastructure Solutions Engineer
1440,"Account Executive, EMEA"
1441,Staff Engineer - Platform Frontend
1442,Senior Data Scientist with AI product mindset
1443,PRN Infusion Registered Nurse (RN)
1444,VATROGASAC / VATROGASICA / VATROGASNI TEHNIČAR / VATROGASNA TEHNIČARKA
1445,Register your interest for our 2027 Digital Academy Programme
1446,"Sr. Program Manager, People Operations"
1447,Sous Chef (m/w/d)
1448,Auditeur Financier Junior - 2026 - Besançon
1449,Praktikant (w/m/d) Business Development & Projektmanagement
1450,LKW-Fahrer (m/w/d)
1451,Warehouse Management ERP Application Owner (m/f/d)
1452,Architect – Azure DR -Lead
1453,"Rechtsanwält*in (m/w/d) Tech, Digital & Commercial - Frankfurt am Main"
1454,Marketing Data Analyst (18-month contract)
1455,Specialist Software Engineer
1456,Senior Business Travel Consultant - Night Shift /Remote
1457,Stock Administrator
1458,Pflegehelfer (m/w/d) Haus im Park
1459,Customer Buyer (m/f/d)
1460,Financial Core Model Manager (Post Merger Integration)
1461,Labour AI Specialist
1462,Assistant Engineer - Business Excellence (m/f/d)
1463,Pessoa Coordenadora de Ouvidoria (Banco Central/RDR)
1464,Workplace Coordinator
1465,Customer Support Analyst with French (Collections)
1466,Mitarbeiter Wartung & Reinigung / Werbeanlagen (m/w/d)
1467,Strategic Account Manager
1468,Transport Planner
1469,"Afterschool Childcare Assistant, Naas - Kildare"
1470,"Associate Director, Sports & Entertainment, India"
1471,Custom Recruitment Coordinator (Spanish Speaking) - EU hours
1472,Senior Projektleiter - Pharma (m/w/d)
1473,SDE II - ML
1474,Auxiliaire de vie (H/F)
1475,Growth Strategy Manager - Madrid based
1476,Praktikum - People & Culture / HR Students Management - REF99378G
1477,Senior Member Technical Staff (Java-Backend- 6-8 years )
1478,Senior Product Specialist - Opterra - Market Data & Vendor Integration
1479,SAP SD/MM Intercompany Functional Consultant
1480,Creative Product Marketing Manager - Base44
1481,Kaufmännischer Sachbearbeiter (m/w/d) im Bereich Treasury - Teilzeit
1482,"Junior C Developers (Network, Linux)"
1483,"Senior Onboarding Specialist, Mandarin Speaker"
1484,GTM Manager - Public Sector
1485,Senior Product Specialist - Implementation/Onboarding
1486,Senior Digital Marketing Partnerships Manager
1487,Werkstudent Indirect Tax (m/w/d) in Kitzingen oder Nürnberg
1488,"Category Lead, Coins & Wine"
1489,Lecturer/Senior Lecturer - Economics
1490,"Director, Government Relations - Regulatory"
1491,Creative Video Producer
1492,"Customer Success Lead, US"
1493,"Sr. Supply Chain Planner, xAI (Starlink)"
1494,"Supply Chain Planning Manager, xAI (Starlink)"
1495,"Strategy & Operations, Office of the CCO"
1496,Contract Negotiation Lead
1497,IPT Lead - EPS Module Manufacturing
1498,Sales Representative (Part-Time)
1499,Opérateur de laboratoire H/F
1500,Medical Virtual Assistant - Podiatry Charting & Referrals
1501,1771 - Liaison Officer - MARSOC
1502,"Strategic Account Manager - Enterprise, US"
1503,Senior Associate
1504,Senior B2B Marketing Specialist - Enterprise Saas
1505,IT Software Asset Management (SAM) - Bilingüe / Proyecto temporal
1506,Cloud DevOps Engineer
1507,"Data Analyst, Data & Analytics"
1508,"Freelance In-Person Event Specialist - St. Louis, MO"
1509,Quality Assurance Lead - Technology
1510,"Dutch Speaking Fraud Investigator - Work In Sofia, Bulgaria"
1511,Trainee Logistics and Cost Estimation Engineer
1512,Events Sales Manager
1513,Producer - 6-month Fixed Term Contract
1514,"Finnish Speaking Fitbit Products Support Specialist - Work In Sofia, Bulgaria"
1515,Remote Hospice Triage RN FT Monday-Friday 6:30a-4p (No Wknds)
1516,Consultor/a - Transporte y Movilidad (Chile)
1517,Steer Consultant Programme (Manchester)
1518,"Head of Customer Success, EMEA & APAC"
1519,Account Manager (Advertiser Success)
1520,TTMBC Traffic Management
1521,Senior Flight Test Engineer
1522,Orchard - Customer Strategy & Digital Transformation Director
1523,"Staff+ Research Scientist, Multi-Agent"
1524,Speech Therapist (ST) – Oakland
1525,Assistant Manager
1526,Senior Security Engineer - Detection Engineering
1527,"Associate, Investment Analytics, L&G - Asset Management, America"
1528,"Engineering Manager, Information Security"
1529,Automotive Sales Consultant - Joe Cooper Lincoln
1530,Senior UI/UX Designer
1531,"Director of Government Affairs, SLED"
1532,Employee Health Nurse (RN)
1533,Staff Cloud Network Engineer
1534,Gerente de Trade Marketing Canal
1535,"Lead, Lifecycle Marketing"
1536,HR Business Partner
1537,Software Development Engineer
1538,Proposals Manager/Sr Proposals Manager
1539,Office Coordinator
1540,Enterprise Account Executive - Bay Area
1541,Creative Director
1542,Licensed Practical Nurse - Private Duty - Weekend Shifts
1543,Database Administrator
1544,"Head of Global Supply Chain, Procurement & Sourcing"
1545,Senior Android Engineer
1546,Robotics Systems Software Integration Engineer
1547,Lead Building Engineer
1548,Science and Research Manager
1549,Head of Manufacturing
1550,"Account Executive, Corrections East"
1551,Plumbing Superintendent (Traveling)
1552,"Manager, SAP Platform & BASIS Operations"
1553,"Manager II, Customer Care - Guest"
1554,Site Leader - Houston
1555,"Principal Software Engineer, Power Optimization (Starlink)"
1556,Senior Sales Engineer - East
1557,Workplace Change Manager
1558,Vice President of Operations
1559,Machine Tender Temporary
1560,"Senior Software Engineer, Voice Agents"
1561,"Support Engineer I (FC, Weekend Shift)"
1562,Security Researcher
1563,Staff Product Designer
1564,"Software Engineer, Agent - Travel & Hospitality"
1565,Supervisor de Vendas - Nova Petrópolis/RS - Prazo Determinado
1566,Automotive Service Technician (Contract)
1567,Datacenter Infrastructure Specialist
1568,Seasonal Ambassador - Halifax Shopping Centre
1569,Senior or Staff Design Verification Engineer
1570,Senior Financial Analyst - Production
1571,Enterprise Account Executive (PA - LED)
1572,Physical Therapist- Visits
1573,Account Executive
1574,Fachbauleiter (w/m/d) Mechanik – Anlagenbau
1575,Amerex - 27 Set Up Technician
1576,"Senior Product Manager, Integrations (Ad Platforms / CRM)"
1577,Deployment Architect - Email & SMS / Messaging
1578,"CDI - Business Analyst Senior RGM | L'Or, Tassimo, Senseo"
1579,"Sales Development Representative, SMB"
1580,Senior Software Engineer — Product
1581,Principal Engineer - Systems
1582,Journey-Level Millwright
1583,District Manager - Women's Health - West Region
1584,Sr. Community Manager
1585,SAP Technology Architect – Automation & AI (m/f/d)
1586,Sr. Software Engineer (Accounts)
1587,"Sales Engineer, High Volume Products - North"
1588,Senior/Staff TypeScript Engineer
1589,Associate
1590,ECG Technician/Lab Assistant
1591,"Staff Product Manager, New Models & Markets"
1592,Dispensary Technician
1593,Infrastructure Engineer
1594,Registered Nurse (RN) - Full-Time Days
1595,PBF Technical Specialist I
1596,Launch Mechanical Engineer II
1597,"Job Coach, Habilitation Technician"
1598,English-speaking Financial Accountant
1599,"Telehealth Gynecologist (1099) | Evenings, Fridays, and/or Weekends"
1600,Senior Data Engineer - Data Infra (Canada)
1601,"Revenue Enablement Associate Manager, EMEA"
1602,Respiratory Therapist | As Needed
1603,"Senior Internal Auditor (Engineering, Design & Construction)"
1604,Coding Consultant Outpatient PRN
1605,Consultant.e RH - Stage de fin d'études
1606,Complaints and Data Rights Administrator
1607,Customer Service Advisor
1608,Substitute Teacher
1609,Senior Recruiter-Energy & Technical Talent
1610,Solutions Architect
1611,Research Communicator _ Graduate School of Education (maternity leave)
1612,Legal Counsel - Commercial/General (Portuguese Speaker)
1613,Computational Scientist
1614,"Stationsassistenz (m/w/d) für die interdisziplinäre Orthopädie / Geriatrie in Teilzeit, befristet"
1615,Lead Data & AI Scientist
1616,Field Service Engineer - North West
1617,Senior Solutions Architect
1618,"Director, Technical Program Management"
1619,Account Executive (SMB)
1620,Senior Solution Engineer - Acquisition
1621,Sr Product Designer
1622,Partnerships Associate
1623,Assistant clientèle – Technicien machines à sous H/F
1624,"Sales Manager – Aviation, Middle East & Asia-Pacific"
1625,Facharzt / Assistenzarzt Kinder- und Jugendpsychiatrie (m/w/d)
1626,(Junior-) Lead- & Projektmanager (w/m/d)
1627,Clinical Educator (Greek)
1628,დიჯითალ კონსულტანტი - თბილისი
1629,Enterprise Sales Director - APAC (SG)
1630,Support Representative
1631,SAP MM Inhouse Consultant
1632,Accountant/Buchhalter (w/m/d)
1633,Head of Workplace and Employee Experience
1634,Stage - SEO : Contenu & recherche IA (x/f/m) - novembre 2026
1635,Responsable Maintenance Curative / Préventive (H/F)
1636,Africa Talent by Deloitte- Accounting & Reporting Assurance Senior Consultant
1637,Indirect Procurement Senior Manager - Marketing (All genders)
1638,Chargé ou Chargée de formation - 80% à 100%
1639,Warehouse Coordinator AUS
1640,"Country Head of People Operations, The Philippines"
1641,Commercial Analyst - Procurement
1642,Reliability Test Intern (Summer 2027)
1643,"Sales Consultant - Noel Leeming, Napier (Part-time)"
1644,"Member of Technical Staff, Forward Deployed"
1645,Content Creator (Intern)
1646,Customer Experience Agent
1647,French Customer Support Agent - (Bench Team)
1648,CN_Sales Representative_Beijing
1649,Store Manager
1650,"Client Services Lead, Finance"
1651,Dental Assistant/Receptionist |Lumino Whangarei | Casual
1652,Early Intervention Developmental Specialist
1653,"Machine Learning Engineering Manager, Industrial Autonomy & Applied ML"
1654,ABM/Enterprise Demand
1655,Advanced Certified MOT Supervisor
1656,Medical Virtual Assistant - Behavioral Health
1657,Veterinary Clinic Relations Specialist
1658,"Medical Assistant - Phoenix, AZ"
1659,"Director, CRO & Subscription"
1660,Agent de Transit Air Export
1661,Civil Litigation Paralegal (Remote) | Mexico
1662,Grocery Category Manager / Buyer
1663,Full Stack Software Engineer (202609)
1664,Sales Support Coordinator
1665,Senior Account Manager- Rental Industry
1666,Railroad Tamper / Regulator & Equipment Operator - Rock Springs
1667,Warehouse Specialist - FTM
1668,Schedule Manager
1669,"Consultant - Gender Equality, Disability and Social Inclusion (GEDSI) Expert"
1670,Service Operations Analyst (12 month FTC)
1671,(fluent Croatian & English) Technical Support Consultant (remote)
1672,Service Supervisor Commercial HD Branch - Rempoa
1673,Business Development Manager (Baltic Region)
1674,Assistant Controller
1675,Occupational Therapist | Hand Therapy
1676,Coordinador(a) de Recursos Humanos
1677,Therapy Support Specialist
1678,Accounting Intern
1679,"Director, Strategic Partnerships & Channel Sales"
1680,FMS-ACES Tier 2 Application Support Specialist (Appian Service Desk)
1681,AI Graphic Designer & Video Creator - Part-Time
1682,D1 Hockey Youth Mentor
1683,Creche Assistant - Casual - Crowborough Leisure Centre
1684,"Occupational Therapist - Moorabbin, VIC | Community-Based Adult Caseload"
1685,"Sales Enablement Partner, Claude Products"
1686,QA-QC Tech Reviewer- Structural
1687,"Overnight Customer Experience Representative, Brokerage Services"
1688,Industrial Pipefitter - Memphis
1689,Computer Network Defense Analyst (EAIRS)
1690,Pre Job Planner
1691,Flight Software Intern (Winter 2027)
1692,Flight Software Associate (Summer 2027)
1693,Application Specialist
1694,People Systems & Analytics Manager
1695,Part-Time Keyholder - Park Meadows
1696,Account Director
1697,Sr Data Engineer
1698,Head of Brand
1699,Executive Business Partner
1700,Equipment Operator
1701,Staff Platform Database Engineer
1702,"Data Enablement Operations Analyst (1052) - DataSF, Office of City Administrator"
1703,Integration Engineer (Metronome)
1704,Home Health Occupational Therapist
1705,Staff Civil Engineer
1706,"Lead Behavior Technician (School-Based, Full-Time)"
1707,"Senior Mechanical Engineer, Supply Chain"
1708,Public Areas Attendant - Limelight Boulder
1709,Software quality engineer (UK)
1710,"Shop Technician (Mechanic) (Pump, Power & HVAC)"
1711,Director of Manufacturing Strategy
1712,Commercial Marine Industrial Electrician
1713,Growth & Events Manager
1714,"Service Assistant - Rutherford, NJ"
1715,Software Development Engineer in Test II
1716,Delivery Driver (Part Time)
1717,Software Engineering Intern (Summer 2027)
1718,Senior Executive Assistant
1719,Community Relations Manager
1720,Lead brand marketing manager
1721,"Frontend Engineer, Data Product Experiences"
1722,VFX Producer - Senior - Permanent role
1723,AI deployment engineer (Central)
1724,Senior Software Engineer - CI/CD Security
1725,Automotive Service Advisor / Writer | Weekends Off | Cedar Hill
1726,"Emergency Veterinarian (Part Time) - Palm Desert, CA"
1727,"Sr. Staff Engineer, Endpoint Security"
1728,Security GRC Engineer
1729,Senior QA Automation Engineer (HELOC)
1730,"Summer 2027 Democracy, Speech & Technology Internship"
1731,Principal Program Manager
1732,"Director, AI Automation Engineering"
1733,Rehabilitation Service Specialist (RSS) - West
1734,Electrical Engineer I
1735,Payroll Specialist con experiencia en nómina de Colombia - Buenos Aires
1736,VP of Product Management
1737,"Specialty Account Manager, Long Term Care (Glendale, CA)"
1738,"Access & Reimbursement Manager (New Orleans, LA)"
1739,Director of Community Engagement
1740,Journée portes ouvertes OCTOBRE 2026 - Levallois Juriste Droit Social Individuel et Collectif H/F
1741,Customer Vehicle Delivery Ambassador
1742,Senior Site Management Associate
1743,"Senior Account Executive, Integrated Communications"
1744,Finance Manager
1745,Safety Coordinator
1746,Strategic Account Executive - AI Natives - West
1747,Harvest Technician - Dayshift (Cannabis Cultivation)
1748,Physical Therapist PRN - Afternoon hours
1749,Automotive Accounting Clerk - Warranty Cancellations
1750,Senior iOS Engineer
1751,AI Artist
1752,E-Scooter Delivery Driver
1753,Senior Staff Applied AI Inference Engineer
1754,IP Assistant
1755,Senior Product Engineer (GCP)
1756,"Senior Operations Lead, Frontier Systems"
1757,"Grocery Merchandiser - Lexington, KY"
1758,Full Time Behavioral Interventionist
1759,"Account Executive (Houston, TX)"
1760,Analista de Tesorería y Pagos
1761,IT Co-Op - Spring 2027
1762,Project Accountant (US-Remote)
1763,(Senior) Category Manager E-Commerce (m/w/d)
1764,Mechanical Project Manager
1765,Sr. Legal Counsel for US & Canada
1766,Operador Logístico II
1767,Senior Software Engineer - Engine Orchestration
1768,"Manager, Business Development - Entertainment"
1769,Talent Acquisition Partner (GTM)
1770,Responsable d'ouverture d'agence de service à la personne (H/F)
1771,Caregivers / PCA's / C NA's
1772,Maintenance Technician - The Palmer at Las Colinas
1773,Market Property Manager III
1774,"Regional Manager, Category Management"
1775,Career Advisor
1776,Trade Support Engineer Intern
1777,Security Engineer Intern - Summer 2027
1778,Senior Developer/Lead - SmartCOMM Development
1779,Hospice Medical Social Worker – LMSW or LCSW
1780,Betreuungsassistenz (m/w/d) in der Behindertenhilfe
1781,Infirmier-ère expert-e en soins intermédiaires / soins intensifs / soins d'urgence / soins d'anesthésie
1782,Compliance Manager - Singapore
1783,Sr. Construction Inspector
1784,Automotive Service Manager | Up to $120k Annually & Weekends Off | Willis
1785,"Software Engineer, EOS Layer 2 and Network Services"
1786,Account Executive | SMB | Bulgarian Market (Sofia)
1787,"Интериорен дизайнер и визуален мърчандайзер, ИКЕА Варна"
1788,Event Marketing and Sales Support Intern
1789,UI/UX Designer
1790,"Business Controller, EE"
1791,Gametech Innovation Developer
1792,"Professional Services Engineer, Actimize"
1793,Senior Editorial Manager - French speaker
1794,India Supply Chain Security Manager
1795,Projectcoördinator Onderhoud Midden Nederland
1796,Care Expert - Belgium 🇧🇪
1797,Senior Creative Project Manager
1798,Senior Engineering Manager
1799,Professional Services Architect
1800,Business Controller
1801,Robot Learning Engineer
1802,Kraftfahrer (m/w/d) für Silozug Holzpellets
1803,(Senior) Sales Manager E-Commerce (m/w/d)
1804,"Applied AI Engineer, Codex"
1805,Satellite Operations Specialist
1806,Customer Success Enablement Manager
1807,Global Category Manager Logistics (m/f/d)
1808,Senior Backend Engineer - Databases - Analytics | Spain | Remote
1809,Digital Workplace Specialist SWARCO Group (m/w/d)
1810,Appui achat gestion maintenance F/H
1811,Freelance - Consultant en Formation Embarquement client sur Pennylane - Bordeaux
1812,Assistant juridique - Droit des sociétés - Reims - 2026 (H/F)
1813,Project Manager
1814,Lead Engineer ( Fullstack ) - Tasks
1815,Senior Building Surveyor (Code and Building Compliance)
1816,Experienced MFT Quantitative Researcher
1817,Flight Test Engineer
1818,Marketing Manager APAC
1819,[쿠팡로지스틱스서비스] 운송 파트너사 관리 담당자 (Quickflex)
1820,Internal Audit Analytics Intern
1821,Senior Program Management Specialist [L5] (CCX Planning)
1822,Senior Program Management Specialist [L5] (CS Escalations PMO)
1823,"Senior Talent Acquisition Partner, Tech (Bangkok-based, Relocation Provided)"
1824,AV Event Technology Manager
1825,Project & Administration Assistant
1826,Retail Sales Associate
1827,"Associate Director, Clinical Data Programmer"
1828,Principal RFIC Engineer (Starshield Silicon)
1829,Account Support Representative
1830,"Supplier Development Engineer, Electrical (Starlink)"
1831,Director - Development - Retail D2/3 (SPA4-50013068)
1832,"Orthopedic Spine Surgeon - Mesa, AZ"
1833,Administrateur VMware
1834,"Associate, Quality (REQ900)"
1835,Marketing Project Manager
1836,Appointment Setter
1837,Lead Site Reliability Engineer or Platform Engineer
1838,Growth Consultant
1839,"Evidence Lead, AI Access Initiative (EAII Advisors)"
1840,Med Tech (Part-Time)(1st Shift)(EVERY OTHER WEEKEND) - Laurel Park
1841,Sales & Service Lead
1842,FBS Agile Dev Team Member I - Guidewire PolicyCenter
1843,FBS Business Analyst II- Guidewire
1844,Administrative Assistant
1845,Customer Sales Representative
1846,Programmer Analyst
1847,Janitorial Crew Chief - Vocational Services
1848,Network and Site Infrastructure Engineer
1849,Operations Excellence Manager (Pest Control)
1850,Legal Inhouse Counsel
1851,Network Build Engineer
1852,Physical Medicine & Rehabilitation MD - Charleston SC
1853,"Digital Marketing Specialist - Email, Paid Media & Lead Generation"
1854,Senior Data Protection Officer
1855,Développeur(euse) logiciel / Software Developer - Dynamics / Power Platform
1856,"Product Marketing Manager, Behavioral Mental Health"
1857,Senior Full-Stack Engineer (Multiple Openings)
1858,Operational Planning Specialist
1859,Accounts Receivable Accountant
1860,Sales Representative | Networking Solutions
1861,SAP Finance Senior Consultant
1862,Automation & AI Engineer
1863,Regional Director of Sales - Advanced Solutions
1864,In-Home Inventory Specialist (San Jose)
1865,Physical Therapist Assistant
1866,"CEO & Co-Founder, Outpost"
1867,Payroll Analyst
1868,Partnerships Intern
1869,Administrative & Workplace Operations Coordinator
1870,Systems Administrator - Riverside
1871,"Senior AI Engineer, MapGPT"
1872,Facilities Manager
1873,Per Diem Certified Midwife (CM/CNM)
1874,Group Strategy Director
1875,"Associate Director, Field Operations & Strategy"
1876,NPI Engineering Technician
1877,"Kitchen Manager, DashMart"
1878,Partner Development Manager - Google
1879,Registered Nurse - 1:1 Pediatric Home Care
1880,"Seasonal Sales Associate (Contract - Remote, US only)"
1881,"Analyste, Comptes fournisseurs"
1882,"Associate Counsel, Employment"
1883,National Strategic Account Executive
1884,"Entry Level Systems Engineer, C2 Integration, Clearance Eligible"
1885,"Senior Software Product Manager, Strategic Defense"
1886,Cinematic Technical Animator
1887,Senior Software Engineer - Personalization (f/m/d)
1888,Gestionnaire de paie (F/H) - CDD
1889,"Staff Engineer, Full Stack (Trust, Safety & Risk)"
1890,Controller
1891,Veterinary Technician - Oncology
1892,DevOps Support Engineer (Argentina)
1893,Laborer
1894,LPN - 1:1 Pediatric Nurse
1895,Growth Marketing Associate
1896,Enterprise Customer Support Specialist
1897,Clinic Experience Coordinator
1898,Quality Associate
1899,Machine Maintenance Supervisor
1900,"Principal Product Marketing Manager, Enterprise Context"
1901,Syndikusrechtsanwalt / Legal Counsel Commercial & Contract Law
1902,Healthcare Counsel – Regulatory and General Corporate
1903,Regulatory Manager / Senior Regulatory Manager
1904,Field & Channel Marketing Manager
1905,Sr. Equipment Design Engineer
1906,Junior Software Engineer with Accounting Experience (Peru)
1907,Temporary Bone And Matrix Scientist
1908,Financial Crimes Compliance Strategist
1909,"Staff Engineer,Endpoint DLP"
1910,Entry Level Scientist
1911,Assistant SAS H/F
1912,Seeking Bodily Injury Claims Adjusters!
1913,"Coordinator, Climate Solutions / Coordonnateur·trice, Solutions climatiques"
1914,Senior Data Engineer - Data Performance and Tooling
1915,Marketing Automation Manager
1916,Financial Aid Student Advisor
1917,"Solutions Architect, (Italian fluency)"
1918,"Coordinator, Case Management"
1919,Allround CNC Verspaner
1920,Full Stack Engineer - Frontend Focused
1921,"Regional Manager, Affordable Housing"
1922,Principal Avionics Certification Engineer
1923,NEW OPENINGS! Professional Unarmed Security Officer - Northwest Houston
1924,Senior Automotive Technician (Post Production)
1925,"21GRAMS- VP, Medical Strategy Director"
1926,"Outreach Manager (MD, Southern Maryland)"
1927,Consultant Achats Logiciel & Prestation – Oracle Cloud / S2P H/F
1928,Educational Data Analyst
1929,Security Supervisor (Weekend Shift)
1930,"Locum Dentist - Shore Road Dental & Implant Clinic, Holywood, Northern Ireland (Fixed Term Maternity Cover)"
1931,Intern - ML Inference Performance Engineer
1932,"Member of Technical Staff, iOS Engineer"
1933,Head of Digital Enabler (m/f/d)
1934,KONSTRUKTORĖ (-IUS) – PROJEKTUOTOJA (-AS)
1935,Backend Developer (Argentina)
1936,Picking Robot Trainer
1937,Garage Door - Install Technician
1938,Registered Nurse (RN)
1939,Hoofdwerkvoorbereider (Oosterweel project - Antwerpen)
1940,Heavy Civil/Eartwork Estimator
1941,Contracts Operations Manager
1942,Temenos Configuration Specialist - Securities
1943,Public Sector Sales Lead
1944,AIDE A DOMICILE H/F
1945,"Director, Supplemental & Group Analytics"
1946,Klaasivormimismasina operaator
1947,Senior Clinical Research Associate (East Coast)
1948,"Commercial Sales Representative, SMB (German Speaker)"
1949,Quality Analyst | Alexandria | MUST SPEAK GERMAN OR FRENCH!!
1950,Customer Success Representative | Betty CA
1951,Machine Learning Engineer
1952,"Staff Engineer, Machine Learning"
1953,Senior Product Analyst
1954,SENIOR CHIMICAL AND PHARMACEUTICAL CONSTRUCTION COORDINATOR DE-EN
1955,Union Relations Lead / Directeur(rice) du Paritarisme
1956,DevOps Architect with Google Cloud Platform (GCP)
1957,Ingénieur / Ingénieure acoustique
1958,Auxiliaire de vie - job étudiant (H/F)
1959,Senior AI Engineer - US
1960,Growth Analyst
1961,"Senior Named Account Executive, Central Eastern Europe - Digital Natives"
1962,Customer Journey & App Analytics Apprentice
1963,Credit Analyst
1964,"Przedstawiciel/ka handlowy/a (K/M) (Kraków, Wadowice, Oświęcim, Skawina)"
1965,Enterprise Customer Success Manager
1966,Advocaat-stagiaire Corporate Antitrust
1967,SDE Intern - Frontend
1968,Product Strategy & Innovation Manager (f/m/d)
1969,Projeteur / Projeteuse Instrumentation
1970,Copywriter
1971,Vyresnioji (-ysis) IT debesijos inžinierė (-ius)
1972,"Account Executive, SME & Growth"
1973,Chief Technology Officer (CTO)
1974,Customer Marketing Manager
1975,Senior Partner Marketing Manager
1976,SEO & AEO Manager
1977,Full-Time Fast Food Team Leaders - Ferny Grove (BRAND NEW LOCATION)
1978,Product Growth Coordinator
1979,"Growth Marketing Lead, Form Now"
1980,Crane & Heavy Equipment Specialist (Starship)
1981,Cabinet CNC Operator
1982,IT Support Technician (US)
1983,Senior FOIA Analyst
1984,UK Shops Campaign Marketing Manager (4-Month Fixed Term Contract)
1985,Co-Op Students (Operations and Projects)
1986,Accounting Manager
1987,Charter Sales Representative
1988,Technical Project Manager
1989,Sales Development Representative (SDR) - B2B Tech / ERP Background
1990,Business Process Management Specialist
1991,Associate - Trust & Safety (Tamil) (AstroLokal)
1992,Associate - Trust & Safety (Telugu) (AstroLokal)
1993,Media Buyer - Meta and Google Ads
1994,Email and Lifecycle Marketing Specialist (Remote) | Argentina
1995,Performance Marketing Specialist
1996,"Freelance In-Person Event Specialist - Salt Lake City, UT"
1997,Senior VSL Strategist
1998,Senior People Operations
1999,"Demand Generation Manager - B2B Pipeline, HubSpot & Lead Generation | Re"
2000,Performance Marketing Lead
2001,Senior Group Reporting Accountant
2002,Machine Learning Team Leader
2003,Social Media Manager
2004,NCISG-0017 Comms Operations and Maintenance (NS) - FRI 2 Oct
2005,Technical Support Agent 1st level (Business Clients)
2006,"Fractional Recruiter, Sales and Marketing"
2007,Retail Floor Lead | Mall at Millenia
2008,Commercial Account Executive
2009,Barkeeper (m/w/d)
2010,Senior Mechanical Engineer
2011,Director - Provider Network Contracting
2012,Operations Specialist II
2013,French Customer service representatives- Représentant(e) du service client francophone
2014,"Clinical Oncology Specialist, Breast Oncology (SoCal)"
2015,"Mobile Phlebotomist (Seattle, WA)"
2016,AI Agentic Workflow Reviewer
2017,Field Access Manager - Diabetes - Houston
2018,Oracle Integration Cloud - Sr Developer
2019,Senior Cryptography Engineer
2020,"Senior Product Manager, Merchant"
2021,Entry-Level Software QA Analyst
2022,Amazon and Marketplace Specialist (In-Office or Remote)
2023,Malay Audio Collection
2024,Product Security Engineer
2025,Yard Technician
2026,Bridge Structural Engineering Internship
2027,Civil Engineering Internship
2028,Shipping Operator
2029,Staff Systems Engineer - Payload Lead
2030,"Staff Global Sourcing Manager, Semiconductor (Memory/Storage)"
2031,Logistics Coordinator
2032,"Manager, Solutions Consulting"
2033,Senior Variable Compensation Manager
2034,Home Health Visits Licensed Practical Nurse
2035,Retail Sales Associate Short Pump
2036,"Market Medical Officer, Atlantic"
2037,"Associate Director, Global Regulatory Labeling and Ad Promo"
2038,Trust & Safety Operations Manager
2039,"Product Manager, Safe Access"
2040,Staff Product Manager - Prediction Markets
2041,Product Design Manager
2042,"Environmental Engineer, Scientist, or Geologist - Entry Level"
2043,Consultor de Vendas - Vila Sônia/SP
2044,Field Service Technician - Denver
2045,Scheduling Manager
2046,"Manager, Mid-Market Sales"
2047,"Software Engineer, Telematics"
2048,"Equipment Technician | Houston, TX"
2049,Investment Designer (Contract)
2050,"Senior Director, GMP Quality"
2051,Maintenance Technician II
2052,Part-Time Financial Service Representative
2053,Loader/Unloader - Day Shift
2054,LPN - Weekly Pay | Home Care | 1:1
2055,Infusion Nurse Practitioner (NP)
2056,Adult LPN- Licensed Practical Nurse
2057,Physical Therapist - Clinic Director $15k Sign on Bonus
2058,Partner Success Manager
2059,Speech Language Pathologist
2060,"Scientist (Immunology), Vienna"
2061,Staff QA Engineer (AI Enabled)
2062,Ad Operations & Campaign Manager
2063,Senior Electrical Engineer
2064,CNA (Certified Nurse Aide) - Pediatric Home Care
2065,"Research Intern, Model Shaping (Summer 2027)"
2066,"Territory Manager (MT, Billings)"
2067,Physical Therapist - Home Health Admissions
2068,"Territory Manager (NY, Greater Rochester)"
2069,Principal Software Engineer - Search Infra - Elasticsearch
2070,General Service Technician
2071,Inventory Control Specialist
2072,Senior Electronics Design Engineer
2073,Data Operations Associate
2074,"Director, Events"
2075,Speech-Language Pathologist (Resume Drop)
2076,Principal Narrative Designer
2077,BCBA - Social Learning Specialist
2078,Procurement Manager
2079,Junior Legal Counsel
2080,"Registered Behavior Technician - Monroe, CT"
2081,Técnico Electrónico - Jeringas
2082,"Director, AI Enablement"
2083,Ski Patrol Basic - Winter 26-27
2084,"Staff Software Engineer, AI and Data Risk"
2085,Lab Tech: Food Manufacturing - 3rd Shift ($22.00 - $23.50)
2086,Senior Learning Program Manager
2087,Associate Director - Client Growth Partner (BFSI)
2088,Front Desk Coordinator
2089,Software Engineer - Monitoring
2090,LPN Home Care Nurse | 1:1 Overnights
2091,Director of Engineering - infrastructure & Operations
2092,"LPN, Weekly Pay | Home Care Nurse"
2093,OPERATIONS ANALYST I | DIGITAL REAL ESTATE & CLOSER MG
2094,Facilities and Workplace Manager
2095,Team Lead Deposit Operations - Synchronised Model (m/f/d)
2096,Autonomy Integration Engineer - Drone Stack
2097,Center-Based Behavior Technician
2098,Contract Specialist
2099,Senior AML Compliance Data Specialist
2100,Seasonal Ambassador - Promenade Temecula
2101,Sales Colleague
2102,Audit Supervisor
2103,Line Operator
2104,Gebietsleiter Rheinland-Pfalz / Hessen (m/w/d)
2105,M365 Engineer – Microsoft Teams & SharePoint Online (w/m/d)
2106,Consultant / Senior Consultant für den Bereich Residential Capital Markets NRW
2107,Senior Local People Partner (All Genders)
2108,"Senior Product Manager - Commercial & Contract Management, Construction & Engineering"
2109,Infirmier (ou Technologue) en consultation pour l'unité de neurologie (H/F/X)
2110,Psychologischer Psychotherapeut / Psychologe für die Psychiatrische Institutsambulanz (m/w/d)
2111,TL Procurement Management
2112,Sales assistant Part-Time - Max Mara Mestre
2113,ADDETTO/A VENDITA KIABI BUSSOLENGO – Contratto a chiamata
2114,"Lead Account Executive, Corporate - Nordics"
2115,UI UX Designer Intern
2116,Senior Platform Software Engineer - R&D Automation
2117,Brand Assistant Manager - Novotel & Handwritten Collection / Internship (M/F/X)
2118,"Principal Product Marketing Manager, Atlas"
2119,"Director, Key Account Management [7-1] (Coupang Eats)"
2120,Korupcijos prevencijos ekspertė (-as)
2121,Senior Account Executive (Continuous Opening)
2122,Account Executive (Continuous Opening)
2123,In-store Mortgage Broker - Newtown
2124,"Senior Staff Security Engineer, Mobile Security (Digital Trust)"
2125,Partner Development Manager – GSI & Consultants
2126,"Director, Engineering"
2127,Collections Executive - German Speaking
2128,"Senior Scientist, Analytical Development"
2129,Head of Design
2130,Senior Retail Operations Manager
2131,Scale Partner Marketing Lead
2132,"Global Alliances Lead, Advisory & Consulting Partners"
2133,Senior Level Artist
2134,"Account Executive, Toronto"
2135,"Freelance Luxury Brand Evaluator in Ubon Ratchathani, TH"
2136,Warranty Claims Administrator
2137,Physician Reviewer - Board Certified Behavioral Analyst (BCBA-D)
2138,Service Engineering Specialist (Mechanical)
2139,Paid Social Creative Specialist (Part-Time Contract)
2140,Intermediate Software Developer- KIS
2141,Influencer Marketing Specialist - Work from Home / Dayshift
2142,"Assistant Manager, Operations"
2143,HGV Technician
2144,Teens Make Health Happen Marketing & Communications Internship - Pittsburgh
2145,SAP Treasury Lead Consultant (FSCM)
2146,System Manufacturing Junior Engineer
2147,Senior Consultant- Cloud Architect- Deutschlandweit ( m/w/d)
2148,Staff Accountant - Remote (LX1061749)
2149,Senior Consultant - SAP S/4HANA Finance
2150,Assistant Consultant / Consultant - Transportation Planner / Urban Planner
2151,Housing Quality Standards Specialist
2152,Streetworks Operative
2153,Coordinador de TI - Infraestructura y Servicios Administrados
2154,Senior Data Analyst
2155,Embedded Software Engineer
2156,Senior Marketing Manager - Public Facilities
2157,Open Roles with Sutherland
2158,Associate Project Manager / Project Manager (NPI) - Malaysia (On site)
2159,"Director, Mid Market Customer Success"
2160,Senior Events Operations Manager
2161,Senior Field Marketing Manager
2162,"Manager, Capital Markets"
2163,Traffic Control Flagger
2164,Knowledge Program Manager
2165,"Sales Manager, Commercial Grower (Healthcare)"
2166,"Senior Software Engineer, Solutions Engineering"
2167,Data Tech Lead | Canada
2168,Home Health Physical Therapist Assistant
2169,NetSuite Functional Analyst
2170,"Dental Assistant | Lumino Henderson Perio| Permanent, Part Time"
2171,Commercial Partner Manager
2172,Infusion Registered Nurse (RN)
2173,2027 New Graduate - Tooling Engineer
2174,Construction Superintendent (Starship Pad Build)
2175,Cook I - Limelight Ketchum
2176,Head of Market & Liquidity Risk
2177,Stagehand - The National
2178,Neurology Nurse Practitioner/Physician Assistant
2179,VP of Global Procurement
2180,Autonomous Vehicle Operator: 1st Shift CDL-A (6-MO Temporary)
2181,"Account Manager, Emerging Enterprise"
2182,"Manager, Customer Success Manager"
2183,Mid-Market Account Executive
2184,Head of Customer Adoption (f/m/d)
2185,"Sr. Associate, Compassionate Care (Overnight)"
2186,"Behavioral Technician (RBT) Academy, Behavioral Health"
2187,"Senior Director of Product, Mobile"
2188,Construction Quality Control Manager
2189,"Broker-Dealer Accounting and Finance, Senior Associate"
2190,"Principal Account Executive, Commercial (Northeast)"
2191,"Physical Therapist, PA - Home Health Visits"
2192,"Staff Backend Engineer, Integrations"
2193,Sr Operations Engineer
2194,"Partner Manager, Government"
2195,Project Engineer
2196,Risk & Compliance Lead
2197,"Intern, Brunswick Arts"
2198,"Senior Analytics Engineer, AI & DX Analytics"
2199,Product Manager - EU Funds (Dublin)
2200,Integrated Pest Management Technician
2201,Construction - Bath Installer
2202,"Vice President of Product Management, In Store Experience"
2203,Sales Development Representative | Healthcare
2204,"Senior Director, Finance - Data Center"
2205,Strategic Account Executive (Eastern Europe)
2206,Batch & Furnace Manager
2207,RN Case Manager - Hospice |As Needed |Fri - Mon |Weekend/Overnight Coverage
2208,Area Sales Manager (Detroit / Indianapolis)
2209,Events & Experiences Manager
2210,Senior Group Product Manager | Payments
2211,"MTS Lead, Product Security"
2212,Recruiter & People Operations
2213,UAS Operator - Maintainer
2214,"Senior Manager, Project Execution Operations & Technology"
2215,Order Selector - Partials - Seattle
2216,EMEA Tax Manager
2217,"Account Executive, Life Sciences"
2218,MBA Intern Summer 2027 (Mission Lead - Clearance Required)
2219,Physical Therapist - Clinic Director
2220,Customer Success Manager (Tech Touch & SMB)
2221,Senior AI Engineer (GTM)
2222,Registered Nurse (RN) Psych/Behavioral Health
2223,Maintenance Manager
2224,"Associate Director, Creative Strategy, Brand Partnerships"
2225,Full Stack Software Engineer
2226,Staff Machine Learning Engineer
2227,Applied AI Engineer
2228,Shift Lead - St. Paul
2229,Supply Chain Systems Analyst (Launch)
2230,Sale Day Driver - ADESA Northwest
2231,Stage de fin d’études — Machine Unlearning : vers des modèles d’IA capables d’oublier (H/F)
2232,Retail Associate (FT)
2233,Direct Procurement Senior Analyst
2234,HVAC Operating Engineer
2235,Stage Conseil en Cybersécurité – Système multi-agents pour des tests d’intrusion assistés par IA
2236,"Senior Manager, HRBP"
2237,Lead Piercer (Part-Time)
2238,Clinical Data Manager (Contract)
2239,Senior Campaign Manager SEA (all gender)
2240,Landscape Technician (Stormwater)
2241,"Senior Manager, UX Design_Monopoly GO!"
2242,Home Health Aide (HHA)
2243,"Inside Sales Representative SMB, (EMEA)"
2244,Software Engineering - Clustering & Distributed Systems
2245,"Manager, Sales Development | SMB"
2246,Node.js developer (on-site)
2247,Java Developer (m/f/x)
2248,Head of Lifecycle
2249,Kompensatorische Assistenzkraft Besondere Wohnform (m/w/d)
2250,Data Engineer AWS H/F
2251,Junior Multi Hotel Revenue Manager
2252,Nurse – Temporary position
2253,Marketing Intern
2254,Data Engineer (7.1-9 years)
2255,Lehre als Kauffrau oder Kaufmann EFZ
2256,Responsable d'agence / Responsable exploitation H/F
2257,Marketing & Data Analyst
2258,Data Analyst - Fraud Intelligence Team
2259,[쿠팡파이낸셜] AML 보고 책임자
2260,Data Governance Analyst | Banking
2261,Mechanisms Engineer - Payloads
2262,Data Governance Specialist | Banking
2263,Sous Chef: Angourie Resort
2264,Service Delivery Manager
2265,"Senior Software Engineer, Data Backend (Ad Cloud)"
2266,"Gardening Team Member - The Warehouse, Thames (Part-time)"
2267,"Senior Manager, Finance - Manufacturing"
2268,Selection Planning Strategy Specialist
2269,Adjunct Assistant Professor - General Education - Basic Sciences
2270,Founders Associate
2271,"Operations Lead, Investor Relations"
2272,Senior Customer Advocate (Project based)
2273,Compliance Specialist
2274,Senior Engineer
2275,Staff Engineer
2276,(fluent English) Freelance Recruitment Specialist (remotely)
2277,Business Partnership Developer
2278,B2B Sales Development Representative - German speaking
2279,Técnico de Mantenimiento
2280,"CTRS, Licensed Music Therapist, Licensed Dance Therapist."
2281,Technical Support & QA Automation Engineer for an Real Estate Company (US-Based/
2282,Equity Research Expert - Single-Name Analyst Publications
2283,Electrical Project Manager - Athens DC
2284,Country Manager | Iberia (International Position)
2285,Supervisor #JD Sports Paphos (Kings Avenue Mall)
2286,Προσωπικό Παραγωγής Στείρου Χώρου - Απασχόληση Σαββατοκύριακου
2287,Merchandising Intern
2288,Head of Subscription Analytics
2289,BOBCAT OPERATOR - VIP Farm
2290,Applications pour les stages d'hiver / Applications for winter internship
2291,COMSEC/Cryptographic Mod Partner Engagement and Mission Alignment-10
2292,Senior Planner Training & Onboarding Manager
2293,Deployment Strategist
2294,"Finance Manager I, Platform"
2295,Automation Technician
2296,Creative Executive
2297,Senior Threat Intelligence Engineer
2298,"Software Engineer, Computer Vision / Machine Learning"
2299,PT Sales Advisor - South Coast Plaza
2300,Outbound Business Development Representative
2301,"Senior Software Engineer, Backend (Product Engineering)"
2302,AR Analyst
2303,Data Operations Intern (Summer 2027)
2304,Programme Specialist
2305,"Senior Counsel, Global Legal Strategy"
2306,Receiving Inspector I/II
2307,Production Designer
2308,Director of Brand
2309,Account Manager (Remote)
2310,Security Officer (Union) Mon- Fri 3pm-11pm
2311,"Manager, Public Sector Proposal Development"
2312,Senior Full Stack Engineer
2313,Intern - Site/Civil Engineering
2314,Integration Technician (Payloads) - Multiple Shifts
2315,Marketing Specialist
2316,Manager- Vet Tech
2317,"Research Engineer, Privacy and Anonymization"
2318,"Manager, Site and Monitoring Health Lead"
2319,Property Coordinator - Part-Time
2320,Enterprise Field Engineer
2321,"Federal Sales Engineer, CIV"
2322,Practice Assistant
2323,IT Systems Engineer
2324,"Territory Account Manager - Wichita, KS"
2325,"Engineering Manager II, Android Modernization"
2326,"Early Career Primary Care Physician - 4 days in clinic, 1 day remote"
2327,"Enterprise Account Executive (State, Local, and Education)"
2328,"Senior Counsel, Data Governance"
2329,Entry-level Auto Body Refinish Tech (2nd Shift)
2330,SOFTWARE DEVELOPER SPECIALIST I
2331,Salesforce Marketing Cloud Consultant Specialist
2332,Sr Software Engineer - Full Stack
2333,HR Business Partner North America (On-site)
2334,Chief of Staff (Sales)
2335,Heavy Equipment Field Technician (Mechanic)
2336,"Automotive Combo Technician - 2nd Shift - $6,000 Bonus"
2337,Materials R&D Process Technician
2338,"Associate Director, Drug Safety"
2339,"Founding Account Executive, New Business"
2340,Software Engineer- Infrastructure
2341,MDU Quote and Order Management Coordinator
2342,Copywriter II
2343,"Staff Software Engineer, Storage - Taulu"
2344,Key Account Manager
2345,WIOA Program Lead
2346,Front Desk Coordinator | Infusion Therapy
2347,Senior Customer Education Specialist
2348,"Spécialiste principal(e), Éducation client"
2349,Ingénieur IT Operations Senior – Infrastructure & Support N2/N3 (H/F)
2350,Field Operations Manager (UAV)
2351,Grant Manager
2352,Cyber Defense Platforms Staff Engineer
2353,Lab Operations Associate
2354,"Senior Scientist, Statistical Genetics"
2355,Internship 2027
2356,"Manager, Recruitment & Admissions"
2357,Accounting Specialist
2358,Billing and Claims Specialist
2359,"Senior Program Manager, Product"
2360,Protective Intelligence Senior Analyst
2361,"Software Engineer, Robot Interfaces"
2362,Executive Support & Workplace Experience Coordinator | Coordonnateur·trice – Soutien exécutif et expérience au travail
2363,Senior AI/ML Software Engineer
2364,Small Engine Mechanic
2365,Chef sushi man H/F
2366,Intern: Accounting
2367,Senior Optics Technician
2368,Senior Tender Engineer Layout
2369,Security Officer
2370,"Senior Director, Talent Acquisition"
2371,Morning Shift In-Home Caregiver $17-$19/hrly
2372,RN Case Manager - Home Health │Full-Time │Mon-Fri │8am - 4:30pm │On-Call
2373,Technology & Compliance Internship - Summer 2027
2374,Account Executive - Biodiversity Data Product
2375,Quality Engineer
2376,Senior Applied Value Engineer
2377,デリバリーソリューションアーキテクト
2378,Software Developer
2379,Meewerk- of afstudeerstage: IT Service Management
2380,Tax Associate (Philippines Remote)
2381,Staff Security Operations Engineer
2382,Teamleider Software Testing
2383,Staff / Senior Software Engineer (Agentic Search) - Runtime
2384,Personal Travel Manager
2385,"Service Technician, Frankfurt (m/f/d)"
2386,Account Manager - Performance Marketing - Search Ads
2387,Senior Lead - Ecommerce Mexico
2388,"Creative Director, Brand & Content"
2389,Game Presenter - French Speaking
2390,"Software Engineer, Labor Planning & Forecasting"
2391,Solutions Architect (Portuguese speaking) - Madrid OR Paris
2392,ISO Compliance Officer
2393,Kontroler jakości
2394,Cuisinier H/F
2395,Młodszy Specjalista / Młodsza Specjalistka ds. Planowania Produkcji
2396,HR Business Partner:in | BIPA Vertrieb
2397,Commercial / Corporate Lawyer - Office General Counsel
2398,Senior Product Manager
2399,Casual - Guest Service Agent
2400,"Senior Solutions Engineer | Preference for Mumbai, India"
2401,"Territory Account Manager - Southeast Houston, TX"
2402,Software Engineer - Backend - Behavioral Security Products
2403,Regional Head of BD & Partnerships
2404,E-commerce & Digital Specialist
2405,IT Support Engineer (Fixed Term)
2406,Christmas Photo Set Manager-Laurel Park
2407,Account Executive - Atlanta
2408,Technical Support Engineer L1
2409,Digital Advertising Video Editor
2410,Video Editor - Product & UI Motion
2411,Pest Control Technician | Auckland
2412,Product Analyst
2413,Senior Business Development Representative (SBDR)
2414,Operations/Project Manager
2415,CapEx Coordinator
2416,Financial Managers
2417,CMS Developer
2418,Bus Driver
2419,Accounting Assistant (Remote) | Colombia
2420,Customer Service Manager - E-commerce 3PL & Automation (UK Shift)
2421,B2B Brand Manager
2422,School Bus Driver Part-Time Kitchener-Waterloo
2423,Trainer - Student Transportation Grey Bruce Region
2424,PR Manager
2425,"Field GTM Lead, Sales Acceleration, Okta Secures AI"
2426,People Ops Manager
2427,Payload Systems Integration and Test Engineer II
2428,Associate Sales Representative
2429,"Talent Partner, GTM Sales"
2430,Entry-level Auto Technician
2431,"Product Manager, Pro Fulfillment"
2432,Beverage Extraction Seasonal Supervisor ***1st Shift***
2433,"Senior Software Engineer, Code Transpilation"
2434,Enterprise Customer Activation Manager | Bill Pay & Procurement
2435,"Product Manager, Growth"
2436,Retention & Loyalty Analyst (6-Month Contract)
2437,"Technical Consultant, Enterprise"
2438,"Speech Language Pathologist, SLP - Home Health"
2439,"Implementation Specialist, Pittsburgh"
2440,Indirect Buyer II
2441,"Assistant Site Manager, DashMart"
2442,"Senior Software Engineer, Tactical Networking"
2443,Seasonal Ambassador - Alderwood Mall
2444,Licensed Mental Health Counselor/Marriage & Family Therapist (LMHC & LMFT) - Remote
2445,Kennel Attendant
2446,Senior Corporate Strategist
2447,"Software Engineering Internship, Simulation & Emulation – Spring 2027"
2448,Project Director
2449,Public Key Infrastructure (PKI) Architect
2450,"Senior Software Engineer, Integrated Workflows"
2451,"Researcher (Imaging), Inorganic analysis"
2452,Lunch Bartender - Le Supreme
2453,Intermediate Project Manager
2454,Contract-to-hire: Senior AI/ML Engineer
2455,Engineering Coordinator
2456,Workplace Lead
2457,Account Manager - Dental - International
2458,Business Development Representative
2459,Apartment Service Technician
2460,"Family Access Manager (FAM), Skeletal Dysplasia - SOUTH EAST"
2461,Senior Marketing Operations Analyst
2462,Territory Account Manager
2463,Intern/Co-op – Site/Civil Engineering (Summer 2027)
2464,"Staff Software Engineer, Backend (Product)"
2465,Analista Administrativo - 109207
2466,Automotive Wheel Repair Technician - 1st and 2nd Shift Available!
2467,Business Analyst – Government & Regulatory Programs
2468,Physical Therapist (PT) Home Health - 10K sign on BONUS
2469,"Pelvic Health Physical Therapist, Flex"
2470,Head of AI and Support Strategy
2471,"Member of Technical Staff, Data Science"
2472,"Manufacturing Engineer, Motors & Actuators"
2473,SAP Sales & Distribution Order to Cash Manager
2474,Commercial Policy Lead
2475,Pediatric Home Care - Critical Care (LPN/RN)
2476,"Staff Systems Engineer, Strategic Defense"
2477,Area Sales Manager (Los Angeles)
2478,Pre-Litigation Paralegal
2479,Head of Business Development
2480,Operations Manager at American University Hillel
2481,Graduate Software Engineer
2482,HVAC Tier II Technical Support Specialist
2483,Project Manager - Water/Wastewater
2484,Senior Shopify Developer
2485,Cybersecurity Architect
2486,Data Analyst / Chief of Staff
2487,Engineering Manager - Tradeify Platform
2488,Java Developer
2489,Industrial Insulator
2490,Développeur de logiciels C++ nouvellement diplômé / New Grad C++ Software Developer
2491,Applications Engineer (Texas)
2492,Sr. Commercial Sales Representative
2493,"Staff Content Designer, Investing"
2494,Knowledge Architect and Product Enablement Expert
2495,Temporary Part Time Floor Leader - Park Royal Village
2496,Forward Deployed AI Engineer- Aerospace & Defense
2497,Cloud Native Technical Services Engineer
2498,Senior Maintenance Manager
2499,Ice Cream Server - Westwood
2500,Junior Legal Counsel | Rechtsabteilung International (m/w/d)
2501,"Data Architect (Spanner Migration), Contract"
2502,Servicetechniker m/w/d für Krananlagen
2503,Pre Sales Consultant Benelux - Ultimo
2504,"Account Executive, ANZ"
2505,Product Manager II - Payment Orchestration
2506,Customer Success Manager - Housing
2507,Workplace IT Intern
2508,Head of Key Account Management DACH & NL (w/m/d)
2509,Senior Administrator – Restructuring Advisory
2510,Portfolio Presales Engineer
2511,Developer Experience Engineer - Hyderabad
2512,"Senior Executive/Assistant Manager, Retail Education"
2513,Maître d’œuvre d’exécution TCE - F/H
2514,SAP MDG Technical Consultant – Material
2515,Solutions Analyst II
2516,(Sr.) Business Development Manager - New Markets & Strategic Growth
2517,Python Developer | Banking
2518,"Stage de fin d'études - Sujet de stage : Data, IA & IoT : la performance des entreprises par la donnée"
2519,Stage de fin d'études - Sujet de stage : Change – Accompagner les organisations dans la conduite du changement
2520,Growth Marketing Manager
2521,XRD Facility Manager
2522,Sr. Supplier Industrialization Engineer
2523,"Technical Specialist, CAE Crashworthiness"
2524,Machine Learning Engineering Intern (2027 Summer Internship)
2525,Head of Accounting & Advisory Partnerships
2526,"Sr. Site Reliability Engineer, AI Infrastructure (Starshield)"
2527,JLL Christmas Photo Set Staff - Shops at Highland Village (TX)
2528,Warehouse Specialist - SFS
2529,Child Psychologist (PhD)
2530,Sales Representative
2531,JLL Christmas Photo Set Staff - Southland Center
2532,Senior Machine Learning Engineer - Pricing Intelligence - AMP
2533,Medicaid and Children's Waiver Subject Matter Expert (SME)
2534,Construction Inspector
2535,Graphic Designer (Packaging & Brand Assets) - WFH/Dayshift
2536,JLL Christmas Photo Set Staff-Rivertown Crossings Mall
2537,Aesthetic Injector
2538,JLL Christmas Photo Set Staff -River Ridge Mall
2539,Team Captain
2540,Retail Assortment Planner
2541,KYC Case Checker (Analyst / Associate)
2542,Assistante
2543,Software Engineer - TS/SCI FSPG
2544,"Staff, Full-Stack Engineer [Rocket Growth Engineering]"
2545,Auto Body Prepper - Rio Linda
2546,Retail Associate (FT)- Spanish Bilingual Preferred
2547,RN Case Manager / RNCM (Home Health)
2548,Retail Floor Lead
2549,"Staff Design Engineer, Solid Missile Systems"
2550,"Operations Associate, Trading and Margin"
2551,Sales & Service Lead - Newbury Street
2552,"Software Engineer I, Entry-Level (Graduation Date: Fall 2026-Summer 2027) - US"
2553,Head of Clinical and Regulatory Affairs
2554,AI Researcher - Perception
2555,Service & Modern Workplace Lead
2556,Director of Finance
2557,Director of Admissions
2558,Senior Business Analyst (Washington DC)
2559,"Director, Demand Sales"
2560,"Enterprise Account Director, GTM"
2561,"Senior Engineering Manager, K4B"
2562,TECH OPS SPECIALIST I | GLOBAL TREASURY & CREDIT OPERATIONS MG
2563,IT & Workplace Operations Lead
2564,"Senior Product Manager, Intelligence Systems"
2565,Graduate Quantitative Researcher 2027
2566,"Product Manager, Assessment"
2567,Home Health Visits Registered Nurse
2568,FP&A Associate
2569,Visual Observer
2570,Seasonal Ambassador - Pacific Centre
2571,"Director, Value Attainment & Analysis"
2572,Intermediate Account Manager
2573,Product Marketing Manager
2574,"CA Licensed Psychiatrist, Concert Care Psychiatry — Adult ADHD"
2575,Clinical Admissions Therapist (Maryland)
2576,"Customer Success Manager II, Enterprise"
2577,"Manager, Spacecraft Actuators"
2578,Senior Avionics Electrical Engineer
2579,JW Marriott Doorman (Sat-Sun 10AM-6PM)
2580,Seasonal Ambassador - Yorkdale Shopping Centre
2581,"IT Operations Engineer, End User Computing"
2582,Practice Manager
2583,"Project Manager (Hybrid Onsite & Remote)-Mechanical, Pipe, HVAC, Plumbing New Construction"
2584,TOPS - Regional Facilities Support Specialist
2585,Partner Success Manager - New Vertical
2586,"Principal Electrical Engineer, Radio Frequency (RF)"
2587,Sr Due Diligence Design Engineer
2588,Enterprise IT Engineer
2589,Trial Attorney
2590,"Lead Product Marketing Manager, Compete"
2591,Strategic Account Executive Inference EMEA
2592,"Tech Lead Manager, Lending"
2593,"Sourcing Strategy Manager, New Concepts (Product Development)"
2594,Associate Account Executive (New England)
2595,Healthcare Growth Account Executive/Program Manager
2596,"VP, Security"
2597,Temporary Workplace Signer
2598,CPQ Architect
2599,HR Generalist
2600,Principal Business Development Manager (f/m/x)
2601,Resident Assistant
2602,Conference & Events Manager
2603,Senior Supply Acquisition Specialist
2604,Operations Associate (Part-Time) - King of Prussia
2605,Family Engagement Specialist (26-27)
2606,Assistant General Manager | Newcastle
2607,Python Developer - Remote in Brazil
2608,"Franchise Business Consultant (Field Based in Louisville, KY market)"
2609,Franchise Business Consultant (located in Raleigh / Durham)
2610,Senior Project Manager - Qualitative Market Research
2611,Maintenance Assistant
2612,Marketing Operations Specialist
2613,Enterprise Account Executive - Toronto
2614,Outbound Business Development Representative - Italian Speaking
2615,Senior Sales Engineer - BFSI - North America
2616,Associate Consultant (2027 Graduates)
2617,"Field Technician (Mechanic) (Pump, Power & HVAC)"
2618,Privacy Senior Manager
2619,Principal Solutions Engineer - APAC
2620,Software Developer for Embedded Systems (m/w/d)
2621,AUSBILDUNG FACHKRAFT FÜR LAGERLOGISTIK (M/W/D) - BEGINN SEP. 2027
2622,SKAMBUČIŲ CENTRO VADYBININKĖ (-AS)
2623,"Director, Growth Strategy, Planning + Ops"
2624,LPN - Infant Home Care Nurse
2625,Staff Software Engineer- IQ Grow
2626,Pflegefachperson / Erzieher (m/w/d) Kinder- und Jugendpsychiatrie Station 3
2627,AI Engineer (Self-Evolving Agent)
2628,Compensation & Benefits / Employee Relations Senior Specialist
2629,Junior Project Manager - Project Leader (fit-out) | Kraków
2630,Finanzbuchhalterin (m/w/d)
2631,Praktikum in der Gesundheits- und Krankenpflege (m/w/d)
2632,Ingénieur d'affaires/Business Developer H/F
2633,Compliance Manager Monitoring– Associate-Director
2634,Sales Manager Außendienst in der Neukundenakquise (m/w/d)
2635,Partner Account Manager
2636,Technicien de Maintenance (H/F)
2637,Account Executive (UK)
2638,Account Executive | Enterprise
2639,[Studio Support Div.] Korean Localization Specialist (1년 이상 / 계약직)
2640,Property Manager
2641,Nuclear Quality Assurance Lead
2642,Entry Level Mobile Trailer Mechanic/Technician (2137)
2643,Lubricant Supply Planner
2644,Senior Talent Acquisition Manager
2645,Christmas Photo Set Manager - Shawnee (OK)
2646,Electrical Designer
2647,Investment Banking Associate for US-Based Company (Remote)
2648,Christmas Photo Set Manager - Mayfair Town Center
2649,"Manager / Senior Manager, Analytics Consulting (Retail/CPG)"
2650,Banco de Talentos - Rentokil Initial Chile
2651,HVAC Installer - Residential New Construction
2652,Team Coordinator - Generative Biology Institute
2653,Junior Trader
2654,Christmas Photo Set Manager - Countryside Mall
2655,Accounts Payable Administrator
2656,Trade Mark Paralegal
2657,Quality Assurance Manager
2658,Intake Coordinator - On Call/PRN
2659,Casual Bar Staff - several positions available
2660,Elixir Software Engineer
2661,Senior Manager - Infrastructure
2662,Part-time Retail Ambassador - TRX
2663,Senior Brand Executive / Assistant Brand Manager (Makeup)
2664,IRS26341- Grant Porfolio and Stewardship Manager (Internationally Recruited)
2665,Material Artist
2666,PMO I Pilotage du portefeuille de projets stratégiques
2667,Full-Stack Software Engineer (React + .NET)
2668,Structural Engineer (Starship Infrastructure)
2669,Casual Seasonal Ambassador - La Encantada
2670,Front Office Agent
2671,Painter / Expert Technician
2672,Field Marketing Manager - CRM
2673,"Enforcement Operations Lead, Cloud Partners"
2674,Full Charge Bookkeeper
2675,Social Media Manager - St. Louis
2676,Director - Asset Management - Technical Operations - 50010509 AG6
2677,Frontend Software Engineer - Saudi Only
2678,"Manager, Omnichannel Trade Marketing - Ulta"
2679,"Software Engineer, Rust"
2680,Deployment Engineer - Toronto
2681,"Business Operations Manager, Office of the CEO"
2682,Events & Marketing Assistant
2683,Employé(e) de recherche – Préparateur(trice) Pilote (F/H)
2684,Security Engineer (Early Career) (Ingeniero/a de Seguridad - Carrera Temprana) - Mexico City (Hybrid)
2685,"Behavior Technician Academy (South Central Oahu), Behavioral Health"
2686,Bilingual Sales Representative - Spanish/English
2687,Cisco Telephony Specialist (Onsite)
2688,Mobile DOT Inspection Technician (2131)
2689,Industrial Security Analyst (PERSEC)
2690,"Senior Software Engineer, Machine Learning (Safety)"
2691,Senior Revenue Accountant
2692,Pricing & Portfolio Strategy Manager
2693,Chief Information Officer
2694,Remote Clinical Psychologist - New Mexico
2695,Senior Manufacturing Engineer
2696,"Forward Deployed Engineer, SEA"
2697,Accounts Payable Shared Services Senior Manager
2698,Senior Implementation Project Manager
2699,Software Engineer Intern
2700,"Forward Deployed Engineer, Mexico"
2701,Veterinarian
2702,"Manager, People Solutions"
2703,Intern/Co-op - Site/Civil Engineering
2704,Fraud Data Partnerships
2705,Medical Office Coordinator (Certification Required)
2706,"Systems Engineer, C2 Integration, Active Clearance"
2707,"Product Manager, App Experience and Platform"
2708,"Senior/Lead Software Engineer, EOS Layer 2 and Network Services"
2709,"Solutions Architect, Manager - Public Sector"
2710,2027 Undergraduate Software Development Engineering Internships – Mexico
2711,"Senior Engineer / Principal Engineer, Vector Downstream"
2712,Senior Analytics Engineer
2713,"Service Advisor, Coolidge"
2714,"Senior Staff Product Manager, Atlas Clusters"
2715,Field Sales Advisor (Energy)
2716,"Insurance Agent - Weatherford, TX"
2717,"Manager, Technical Account Teams (Commercial)"
2718,GTM Compliance Analyst
2719,Technical Support Engineer II - W&B EMEA
2720,Quality Technician (QA/QC + AOI Programming)
2721,Associate Director Product & Strategy
2722,Mission Integration Engineer (Security Products) - Top Secret Clearance
2723,Enterprise Business Development Representative
2724,Mid Market Account Executive - French Speaking (f/m/d)
2725,"General Manager, Asia-Pacific"
2726,E-Commerce & Merchandising Project Lead
2727,Electro-Mechanical Technician
2728,Operations Lead
2729,Physical Therapist- New Grad PT Home Health
2730,Senior HR Generalist
2731,Head of Customer Success
2732,Veterinary Project Manager
2733,Sr. Staff Technical Program Manager
2734,Veterinary Assistant - NY Float
2735,Head of HR Enablement & Operations
2736,Fueling Lead - Site Solutions
2737,Senior Security Compliance Analyst
2738,Medical Assistant Instructor - Per Diem
2739,Lead Editor Product Manager
2740,Senior Product Manager - DNS
2741,"Développeur Logiciels (Stagiaire), Backend (l'été 2027 - Montreal)"
2742,"Senior Factory Automation Engineer, II"
2743,Sales Development Manager (SDM) Denmark
2744,Senior Vice President - AML Compliance Services
2745,Outside Account Manager - Switzerland
2746,"Senior Software Engineer, Data Pipelines"
2747,"Postdoctoral Fellow, MARA & Robotics"
2748,"Territory Manager (VA, Northern Virginia)"
2749,QA Analyst
2750,"Information Security Analyst, GRC"
2751,Lead AI Developer Tooling Engineer
2752,"Senior Research Scientist, Health Economic Modelling"
2753,Quantitative Research Intern - Summer 2027 (DV Equities)
2754,"Sr. Specialist, Environment, Health and Safety"
2755,Healthcare Revenue Cycle Coding Director
2756,"Director, Solutions Consulting"
2757,Entry-Level Construction Technician
2758,"Senior Director, Engineering"
2759,Director of Product Management (Agentic Data Security)
2760,Structural Analysis Intern Summer 2027
2761,Account Executive (Vascular)
2762,Key Account Manager - Cloud x Santé - CDI Paris - Theodo
2763,"Sr. Manager, Revenue Strategy & Recovery (m/w/d)"
2764,Launcher Assembly Technician (m/f/d)
2765,Performance Media Specialist - (DV360 / Google Ads)
2766,Financial Management Analyst
2767,"FPA Manager, Paymode"
2768,"Manager, Legal Contracts"
2769,"Sr. Manager, AI Forward Deployed Engineering (AI FDE)"
2770,Material Controller
2771,Senior PM IT/OT Infrastructure in Pharma
2772,(Senior) Account Manager - Nachhaltigkeit
2773,Accounting Director UK - FTC
2774,Sales Assistant - Max Mara Taormina
2775,Senior Security Incident Response Analyst (m/f/x)
2776,Responsable de mission Expertise Comptable - Valence - H/F - 2026
2777,"Staff Engineer, ServiceNow (AI Ops & Event Management)"
2778,Staff AI Engineer (f/m/x)
2779,Junior QA Engineer
2780,Senior Regulatory and Securities Attorney
2781,Data Engineer - Cloud & SaaS Integrations
2782,Responsable de Programmes - F/H - CDD
2783,"Senior Advertising Sales Manager, France (Paris based)"
2784,Service Delivery Manager - Offshore
2785,AI Principal
2786,Customer Service Operations Expert (Spanish)
2787,Civil Project Engineer
2788,Technical Support Specialist - T1
2789,"Director, Retrieval Operations (Inventory Strategy)"
2790,Front Desk Supervisor Full-time
2791,Tech Lead
2792,Part-Time In-Home Veterinarian
2793,Care Assistant
2794,E-Bike Mechanic / Brooklyn
2795,Speculative Application - Game & Level Design
2796,Software Development Engineer - III (Integrations)
2797,Ingénieur - génie civil (conception)
2798,Retention Specialist
2799,Account Executive - Fayetteville NC
2800,Entry Level Sales Representative
2801,Forward Deployed Engineer - II
2802,Van Technician
2803,Vehicle Maintenance Technician - Mercedes Benz
2804,Cleaner
2805,Senior CRM & Automation Specialist (SCAS 0926)
2806,Intakes Operative - Nights
2807,Salesforce Developer
2808,Client Intake Specialist
2809,Accountant for a Real Estate Company (US-Based/Remote)
2810,Hair Stylist
2811,Territory Sales Manager
2812,Representante de Ventas B2B - Guadalajara - REAL
2813,Corporate Communications & Media Relations Consultant (Freelance)
2814,"Senior Staff ll, Machine Learning Engineer - Search Relevance"
2815,Enterprise Account Executive - DACH (f/m/d)
2816,HR Business Leader
2817,Mid-Level Auto Body Repair Technician
2818,Enterprise Account Executive (EMEA)
2819,Assistant Property Manager
2820,Events and Ministry Coordinator (Onsite)
2821,Técnico de Proyectos (modelador/diseñador)
2822,Paid Social Video Producer
2823,Workforce Management Operations Analyst
2824,"Entry-level Auto Body Repair Technician - Pineville, NC"
2825,Oral Health Therapist | Lumino Taradale
2826,Client Success Manager
2827,"Emergency Veterinarian - Woodbridge, VA"
2828,Heavy Equipment CDL Driver
2829,Cyber Threat Intelligence Lead
2830,Desenhista Projetista Pleno - Híbrido - Santos/SP
2831,Director of B2B Marketing
2832,Senior Software Engineer - Data Platform
2833,Technical Product Manager
2834,Desenvolvedor Backend Pleno - COM INGLÊS - Remoto
2835,Seasonal Sales Associate
2836,Account Executive - Fraud
2837,"Entry-Level Environmental Engineer, Scientist or Geologist"
2838,"Emergency Veterinary Assistant (Relief) - Pembroke Pines, FL"
2839,"Manager, SEC Reporting"
2840,Internal Audit Specialist
2841,Sr Software Engineer
2842,Consultor de Vendas - Sousa/PB
2843,Pharmacy Registration & Licensing Specialist |Onsite- Pittsburgh
2844,Calibration Metrology Technician II
2845,AI & Microsoft Business Development Specialist
2846,Senior Data Center BIM Designer
2847,Home Health Aide - Pediatrics
2848,Staff Systems Engineer
2849,Mid-Level Automotive Parts Associate
2850,"Account Executive, Mid-Market - EMEA"
2851,"Registered Nurse, RN | 1:1 Care | Phoenix Metro"
2852,"Principal Software Engineer, Fullstack/Backend Technologies (UK Remote)"
2853,Gene Editing Platform Technologies Co-op
2854,Finance Business Partner (Remote)
2855,CI/CD Pipeline Engineer
2856,Labor Foreman
2857,Flight Software Engineer II
2858,"Solutions Engineer, Healthcare (C1 - B2B)"
2859,Survey CAD Design Associate
2860,Production Associate (2nd Shift)
2861,Client Platforms Engineer Intern - Summer 2027
2862,"Controls SCADA Engineer, Rocket Motor Systems"
2863,"Staff Controls Engineer, Rocket Motor Systems"
2864,"Senior Equipment Safety Engineer, Rocket Motor Systems"
2865,Head of Partnerships (Africa)
2866,"Home Care, LPN"
2867,"Sales Trainer (Manhattan, NY)"
2868,"Strategic Account Executive - Private Markets, Europe"
2869,"Sr. Global Alliance Director, OEM, Storage and ISV"
2870,Experienced Auto Body Repair Technician
2871,SDR Lead
2872,Senior Paid Search Specialist
2873,"Director of Product, Personalization"
2874,Associate Consultant - R&D Tax
2875,Entry-Level Engineer - Water/Wastewater
2876,"New Graduate Engineer, Mechanical Design (Starshield)"
2877,"Student: Tutor/Grader/SI for Math, Stats & Computer Sciences, 2026-27"
2878,Materials Coordinator
2879,"Production Program Manager, Intelligence Systems"
2880,"Territory Account Executive, Retail - Glendale, AZ (Bilingual/Spanish Preferred)"
2881,Senior Medical Science Liaison
2882,Healthcare Enrollment Specialist (Latin America; U.S Hours)
2883,"Senior Program Manager, Product and Engineering"
2884,Junior Systems Engineer
2885,"Staff Mechanical Engineer, Communications​ Hardware (Remote Eligible | Relocation Assistance Available)"
2886,Field Marketing Manager - California
2887,Veterinary Assistant - New Jersey - Edgewater
2888,"QA Manager, Live Operations"
2889,Vendeuse / Vendeur - F/H
2890,Home Health Speech Language Pathologist
2891,Projectleider Cables & Ducts
2892,Setup Technician
2893,Logistics Coordinator (m/f/d)
2894,Sales Manager - Waste-to-Energy (WtE)
2895,Leader - Proposals
2896,Senior Backend Engineer (Go) (Location - Australia or New Zealand)
2897,Software Development Engineer III (Mobile)
2898,IT Engineer II (Vietnam)
2899,Staff Writer
2900,"Director of Institutional Research and Analytics, Strategy and Delivery Office, Nazarbayev University"
2901,Senior Software Engineer II
2902,"Freelance Campaign Manager, Fashion & Retail, US"
2903,QA Engineer
2904,People Systems & Insights Partner - Workday
2905,"Leiter (m/w/d) Niederlassungslogistik, NL Frankfurt am Main"
2906,Tax Reporting Senior Manager
2907,Senior Product Operations Specialist
2908,Deployed Hardware Engineer
2909,Graduate Design Engineer
2910,Key User SAP H/F
2911,Cyber Threat Exposure Management Analyst
2912,Senior Experience Designer
2913,Account Director - MENA
2914,Producer
2915,Sortation Manager
2916,Customer Service Team Manager - German bilingual
2917,Human Capital Coordinator
2918,Senior Staff Product Designer
2919,Recruiting Coordinator
2920,People Operations Generalist
2921,Manual QC Engineer (Senior)
2922,Partner Program Director
2923,Residential Electrician
2924,Development Manager - Executive reporting
2925,Financial Planning Analyst
2926,SAP Fico Consultant
2927,Session Checker (Mandarin-English)
2928,Maintenance Supervisor - 1475
2929,Associate Customer Success Manager
2930,Sales Director (Remote)
2931,Risk Analyst
2932,Sales Development Representative | Applied AI | APJ |
2933,Senior Fullstack Developer (Backend First)
2934,Lead QA Engineer
2935,Marketing Content Specialist
2936,"Construction Manager - Yulee, FL"
2937,Assistant Waiter for Domes of Elounda
2938,Turbomachinery Intern Spring 2027
2939,Integration & Test Intern Summer 2027
2940,HITL Engineering Intern Summer 2027
2941,Launch Reliability Engineer
2942,HR Technology & Analytics Manager
2943,Lead Claims Analyst
2944,"Director, Social Media"
2945,"Senior Director, Radar Technical Program Management"
2946,Avionics Engineering Intern Summer 2027
2947,2027 Tax Internship - Lynden
2948,Director of Revenue Strategy & Planning (Remote)
2949,Founding GTM Recruiter - US
2950,2027 Audit Intern - Yakima
2951,"Emergency Veterinary Nursing Trainer - South Tampa, FL"
2952,Floor Leader
2953,"Test Engineer, Features"
2954,Head of IT
2955,Propulsion Technician (Raptor Printer Automation & Controls)
2956,Treasury Specialist (Funding)
2957,2027 BT RISE Internship - Human Resources
2958,Outside Sales Representative
2959,Senior Payroll Product Owner & Customer Support Manager
2960,SRE | Site Reliability Engineering
2961,Medical Director (Part-Time)
2962,Veterinary Assistant - DC Area - Logan Circle
2963,IT Licensing Technician
2964,"Emergency Veterinarian (Relief) - Marietta, GA"
2965,Embedded Software Lead
2966,"Engineering Manager, App Traffic"
2967,Quality Technician
2968,Surgical Assistant
2969,"Manager, Product Marketing"
2970,"Technical Sourcing Manager, Network Hardware"
2971,Content Designer
2972,Engineering Manager (New Products)
2973,"Sales Director, New Business EMEA"
2974,Winter Security Associate
2975,"Group Product Manager, Data & Analytics"
2976,Quality Manager - Manufacturing
2977,Key Employee - Sub Rosa
2978,Processing Center Shift Lead
2979,Applied AI/ML Engineer
2980,"Mid-Sr Designer, Global Navigation"
2981,"Director, Marketing Operations"
2982,"Senior Lead Software Engineer, Back End (Bangkok based, Relocation provided)"
2983,"Principal Software Engineer, Back End (Bangkok based, Relocation provided)"
2984,Senior Detection and Response Engineer
2985,Senior Data Intelligence Analyst - Customer Experience
2986,Head of Accounting Policy
2987,"Product Designer II, Agent Experience"
2988,"Premium Support Engineer (NYC, Weekend Shift)"
2989,Linguist - Danish - Remote
2990,"Staff Engineer, Support Experiences"
2991,Fieldwork Coordinator - US EST Shift
2992,Senior Project Manager
2993,Chef de Projet M&A (H/F)
2994,Senior Inventory Specialist
2995,Supply Chain Analyst
2996,Senior Supply Chain Analyst
2997,"Manager, Project Risk Management"
2998,Registered Dietician
2999,Expeditor
3000,Assistant Store Manager - Intrend Vicolungo
3001,Motion Designer
3002,Experienced Automotive Technician Sunday to Wednesday 4pm to 3am
3003,Bilingual Customer Service Agent
3004,Graphic Designer
3005,"Registered Nurse, RN- Hospice Case Manager, Full time"
3006,Africa Talent by Deloitte - Denmark IT & Specialized Assurance team - Senior Consultant
3007,Talent Acquisition Specialist - Medellin
3008,Physical Therapist Assistant - Float
3009,"Partnership Protection Specialist, Europe & Asia"
3010,Physical Therapist Assistant - Atlanta Midtown
3011,"Human Resources Supervisor, Springer Mine & Milling Complex"
3012,Clinical Research Systems Specialist
3013,Physical Therapist - Midtown
3014,Field Collections Officer Rizal-Antipolo
3015,Territory Sales Executive
3016,Strategic Finance & Investment Banking Manager
3017,Freelance Art Director
3018,"[쿠팡] 프로덕트 마케팅 담당자 (경력 5년 이상, 계약직)"
3019,Spécialiste Support Pilotage et Comptabilité (Télétravail complet possible - Orléans)
3020,Middle Compliance Manager
3021,"Production Manager (Zürich, 100%)"
3022,Senior Technical Program Manager
3023,Commis de cuisine H/F
3024,GSC Knowledge Manager
3025,Associate Principal Engineer (Integration Architect)
3026,"Senior Manager, electronic Quality Management System (eQMS)"
3027,Learning Partner - New York City
3028,Administration and Operations Assistant
3029,"Senior Product Engineer, Product"
3030,Construction Technician
3031,"Director, Influencer Marketing (Impact & Philanthropy)"
3032,CEO Communications Director
3033,Field Technician (North Carolina)
3034,Operations Delivery Manager
3035,Controlling Manager
3036,Marketing & Content Intern - Emirati National
3037,"Account Manager, E-Commerce"
3038,Estimating & Design Lead - US Commercial Landscaping (remote EMEA/APAC)
3039,"Hip Hop & KPOP Enrichment Educator - Ontario, CA."
3040,Business Development Manager - Software Sales
3041,Environmental Operative
3042,PPC Manager
3043,Accounting Assistant
3044,1157 | Senior Windows Kiosk Imaging Expert
3045,Software QA Team Lead | Telematics
3046,"Finance Officer (Bookkeeping, Payroll and Accounts Receivable) (030-1312)"
3047,"Program Manager, Technology Partnership Development"
3048,"Supervisor, Environmental Testing"
3049,Internal Audit Intern
3050,Analytical Chemist
3051,"Money Management Demand Generation Manager, Americas"
3052,Machine Learning Engineer Intern
3053,"Project Manager, Entitlements, Infrastructure Development"
3054,Technical Recruiter
3055,Learning & Development Advisor
3056,Production Planner
3057,"Senior Analyst, Client Analytics"
3058,HR Operation & Talent Partner
3059,Retail Assistant Volunteer
3060,"Senior Manager, FP&A - Supply Chain"
3061,Senior Buyer
3062,Pre-Sales Engineer
3063,"Director, HRBP - GTM"
3064,"Senior Engineering Manager, Machine Learning"
3065,Associate Recruiter
3066,"Policy Manager, Quality"
3067,"Senior Statistician, Research & Development"
3068,Verkaufsberater m/w/d im Innendienst Theke / Schalterbetrieb
3069,"Principal Scientist, Biology"
3070,"Early Career - Family Medicine Physician - Sign - On Bonus Available, 4 days in clinic, 1 day remote"
3071,Defense Technologies Engineering Division (DTED): Design Undergraduate Intern - Summer 2027
3072,Class A Driver
3073,"Lead Analyst, Pricing Operations"
3074,GTM Engineer
3075,"Talent Acquisition Partner, Engineering & Product"
3076,Assembler 2
3077,Flex Grocery Shopper/Delivery Driver — Avg $24/hr
3078,Estimator (Phoenix)
3079,"Regional Sales Manager, Enterprise (NYC)"
3080,"Account Manager, EMEA (German)"
3081,Senior Solution Consultant
3082,Sr. Forward Deployed Engineer (FDE) - Public Sector/National Security
3083,Responsable d'équipe marché entreprises - f/h
3084,Sr. Software Engineer
3085,Banquet Bartender Part-time
3086,Associate Customer Onboarding Manager
3087,Verkaufsberater m/w/d im Innendienst Schwerpunkt Dach / Theke
3088,Behavior Technician (RBT)
3089,"Senior Platform Engineer, Quality Platform"
3090,Deal Management Senior Analyst
3091,Secondary Operator
3092,"VP, People"
3093,Associate Advisor
3094,Estimator
3095,"Senior Software Developer, API Platform and Ecosystem"
3096,Biorepository Technician I
3097,"Armored Vehicle (Historical) Consultant (World of Tanks, PC)"
3098,Assistant Teacher
3099,Spécialiste Développement Industriel pharmaceutique Groupe (H/F)
3100,Service Technician (Mechanic)
3101,Sous Chef
3102,MECANICIEN ENGINS DE CHANTIERS - SAINT HERBLAIN (NANTES)
3103,"Primary Care Physician, Pod Leader"
3104,Staff Product Manager
3105,Technicien(ne) chargé(e) de Coordination Projets Packaging (F/H)
3106,Sales Director - France
3107,Enterprise Sales Engineer - DACH
3108,Doctors - open applications
3109,"Strategic Client Partner, US"
3110,Warehouse Operative
3111,Gesundheits- und Krankenpfleger (m/w/d) oder Altenpfleger (m/w/d) für unsere nephrologisch-pneumologische Station
3112,Consultant Consolidation & Planning
3113,Senior Implementation Consultant
3114,"Senior, Majors Account Executive"
3115,OSINT Investigator
3116,Country Controller
3117,Business Development Lead - Singapore
3118,Cyber Security - Nuclear Graduates 2027
3119,Praktikum Business Development – Shopping
3120,Sales Team Lead - France
3121,Chargé(e) de Stock - CDD - 3 Mois - 30H - F/H
3122,Senior Partnerships Manager
3123,Store Manager - Marina Rinaldi Roma
3124,Cloud Ops Engineer II
3125,"Data Scientist, Actimize"
3126,Sales Executive
3127,Key Account Executive
3128,Seasonal Ambassador- North Star Mall
3129,Senior Financial Accountant / Finance Manager - Nordics
3130,"Bench Sales Manager - South Coast Area, MA - Lafrance Hospitality"
3131,CBL Christmas Photo Set Manager - Post Oak Mall (TX)
3132,CBL Christmas Photo Set Manager-Mid Rivers Mall
3133,Preclinical Trials & In Vitro Bioactivity Lead
3134,Sales Assistant
3135,CBL Christmas Photo Set Staff - Paddock Mall
3136,Area Crew Manager
3137,Marketing & Alliances Co-op (IRL)
3138,CBL Christmas Photo Set Staff-Southgate Mall
3139,Senior Director of Talent Development
3140,Paid Social Specialist
3141,Welder
3142,Data Scientist Analyst
3143,Pricing Systems Specialist
3144,Medicare Advantage Members (Devoted Health) - Insight Study
3145,Field Sales Market Leader
3146,Alternative Investment Support Associate - 9-12 month FTC
3147,Sales & Business Development Representative (SLED)
3148,OSINT Trainer & Intelligence Consultant
3149,1155 Senior Data Architect (Azure / Databricks / Cosmos DB)
3150,Business Manager (Team Leader ) - Maniis
3151,Physical & Natural Science Educator - FET - SPARK Randburg High - 2026
3152,Onsite Technician (Large Home Appliances)
3153,"P3 Project Manager, Infrastructure Asset Management"
3154,Internal Communications Internship
3155,Event Production & Client Success Manager
3156,Product Development Intern (Fashion)
3157,Senior Microsoft Purview Consultant
3158,Head of Strategic Partnerships & Ecosystem
3159,AI Team Lead
3160,"Physician (Part-Time, 1099), Blueberry Balance"
3161,Founding Creative Director
3162,Junior Creative Strategist
3163,Shift Supervisor
3164,Account Executive - Lisbon
3165,"Account Executive, Startups"
3166,Project Manager (Media & Digital Campaigns)
3167,Working Student Talent Acquisition (m/f/d)
3168,Account Executive - Ibiza
3169,Paid Search Lead (Experimentation & Measurement)
3170,"Principal Engineer, DevOps"
3171,"Security Assurance Analyst, Security and Privacy"
3172,Senior Systems Engineer
3173,Housekeeping - Houseperson
3174,Memory Core Design Engineering Intern
3175,Commis 1
3176,"Plongeur·euse, temps plein (H/F/D)"
3177,Nutricionista | Experiência em Hotelaria e Restauração (m/f)
3178,Outbound Operations Manager
3179,Senior Backend Engineer (m/f/d) - Agent SDK
3180,Chef de Cuisine - Indian Cuisine
3181,Cloud Infrastructure Engineer
3182,Architecte Fonctionnel D365 Finance & Operations
3183,"Account Executive, Mid-Market"
3184,"Senior Manager, Strategy & Operations (Bangkok Based)"
3185,Lead Product Manager
3186,Werkstudent (m/w/d) Softwareentwicklung Finance
3187,Principal Project Manager
3188,Auxiliaire de vie
3189,Referral Executive
3190,SAP Ariba Consultant
3191,Pflegerische Koordination für die Multimodale Schmerztherapie (m/w/d) Loretto- Krankenhaus
3192,International Trade Support Analyst
3193,Electrical Assembly Technician
3194,Lead Accountant (EMEA)
3195,Product Sales Development Representative (Mandarin-speaking)
3196,"Senior Director, Quality Control"
3197,AI & Finance Intern (University Student)
3198,Director of Clinical Services - Mental Health Regional Service | Far North WA
3199,Consultant Paediatrician | Southern NSW | New Hospital
3200,Product Designer - UX/UI & Design Systems (Remote)
3201,Planning Manager - Data Centre Project in Europe
3202,Senior Test Automation Engineer (Freelance) - Wrocław
3203,IT Infrastructure & Systems Engineer
3204,Offensive Security Consultant
3205,Data Intern
3206,Medical Advisor Nordics
3207,Senior Resource Manager
3208,Controls Engineer I
3209,Contract Support Officer
3210,"Principal Operations Engineer, Network"
3211,Senior Office Administrator
3212,Senior Talent Acquisition Officer-( Limited 2 Months Contract)
3213,Senior Consultant - SAP (FDS) / Data Modelling - Insurance ( Canada )
3214,Sr. FPGA Engineer II
3215,Application Engineer
3216,"Sales Development Representative (African region, English speaking)"
3217,Sr Data Scientist
3218,Composites Engineer
3219,Senior HR Business Partner
3220,"Emergency Credentialed Veterinary Technician (Shift Lead) - Redmond, WA"
3221,Administration & Procurement Specialist
3222,"Finance & Strategy, Datacenter Strategic Initiatives"
3223,"Account Executive, Enterprise - Central"
3224,"Area VP Sales, EMEA West"
3225,System Architect
3226,Project Scheduler
3227,"Enterprise Solutions Engineer, Northeast SLED"
3228,"Manager, Finance - Data Center Design"
3229,Contract Executive Assistant
3230,"Network Engineer, Autonomous Factory"
3231,Interview Engineer (Poland)
3232,Staff Mechanical Engineer - Spacecraft Components
3233,Senior Campaign Manager
3234,Process Maintenance Technician
3235,Sr. AI Engineer (AI/ML Inference)
3236,"Software Engineer, Platform"
3237,Desktop Support Engineer
3238,Senior Site Reliability Engineer I
3239,Physician - Telehealth (Licence in South Carolina)
3240,"Senior Director, Shopper Marketing"
3241,Clinical Project Manager
3242,"Machine Learning Engineer, Fulfillment"
3243,Procurement Specialist
3244,Lifecycle Account Manager
3245,"Senior Operations Manager, Dealership"
3246,Senior V&V Engineer – Software-in-the-Loop (SIL) & Simulation
3247,GNC Engineer - Embedded Controls (Starlink)
3248,Senior Content Creator
3249,"Vertical Marketing Manager, Healthcare"
3250,"Staff+ Site Reliability Engineer, Safeguards ML Infra"
3251,PRODUCTS ANALYST II | PAYROLL LOANS PRODUCT
3252,Senior Software Engineer C#/.NET
3253,"Software Engineer, Treasury"
3254,Strategist
3255,"Emergency Credentialed Veterinary Technician - The Woodlands, TX"
3256,Sales Assistant Part-Time - Max Mara - Milano Rinascente - Chinese Speaker
3257,"Director, GTM Strategy & Planning"
3258,Public Relations Manager
3259,Pilot in Command (PIC)
3260,Client Liaison
3261,Mobile Infrastructure Engineer
3262,Quality Control 2nd Shift
3263,Senior Customer Engineer
3264,Nurse Practitioner (2328) All Specialties - Citywide - H00175
3265,Technical Operations Engineer - WRSA
3266,Talent Acquisition Sourcer (Contract)
3267,Senior Accountant - IFRS
3268,Attaché Commercial Itinérant H/F - Metz
3269,Senior Regulatory Compliance Specialist
3270,Sales Managerin Innendienst mit Teamverantwortung (m/w/d)
3271,People Partner
3272,Licensed Practical Nurse (LPN) - Home Care
3273,Treasury Application Support Engineer
3274,Network Architect
3275,Server or Bartender Alternative | On Camera Studio Host | Up to $25/hr with Tips | Entry-Level
3276,[ US -DC] FSQ Area Manager
3277,Senior DevOps Engineer
3278,"Senior Manager, Operations (DRC)"
3279,"Junior IT Administrator, EMEA"
3280,"Account Executive, Commercial Accounts"
3281,Senior Producer / Project Manager
3282,Verpleegkundige voor de mobiele equipe voor de kritieke diensten (M/V/X) - Ploegendienst
3283,Chef d'équipe électricien Isère - F/H
3284,"Software Engineer - Aura, Instances"
3285,Frontend Engineer
3286,Embedded Electrical Engineer - SoM
3287,Senior Solutions Consultant
3288,MSA Produktionsmitarbeiter (m/w/d)
3289,Talent Partner - General & Admin
3290,Brand Event Manager
3291,Assistant Travaux H/F
3292,"Director, Sourcing - Intimates, Swim, Lounge"
3293,"Regional Sales Director, Strategic Enterprise - UK"
3294,"Director, Sales (Middle East)"
3295,"Renewals Manager, EMEA"
3296,"Product Manager - Chicago, IL"
3297,Junior Firmware Engineer Embedded Systems C/C++ (all)
3298,"Director, HXM Technology & Enterprise HR Platforms"
3299,ECC Team Leader - Veterinary Referral Hospital (VRH)
3300,"Director, Program Management (SMB Seller Growth & Success)"
3301,"Emergency Credentialed Veterinary Technician Shift Lead - H Street, Washington, D.C."
3302,"FORT WORTH - Transportation, Internship"
3303,Athletic Trainer
3304,Open Source Engineer
3305,"FORT WORTH - Public Works, Internship"
3306,[쿠팡풀필먼트서비스] 물류센터 운영 및 공정 관리자 (용인 1센터)
3307,Senior Product Engineer (Laravel - Remote)
3308,Complex Peer Liaison
3309,Securities Operations Technology Analyst
3310,Service Desk Manager
3311,Senior Content Writer · Remote l Central America
3312,Business Development Representative - SaaS
3313,Vendedor/a de Tienda - Mr. Blue Lleida (1/2 jornada) || nueva tienda
3314,Senior Master HVAC Technician
3315,Maintenance Director (Full-Time) - Pinewood Square
3316,Project Engineer 1 Charleston - Fall 2026/Spring 2027 College Grads
3317,.Net C# Developer with Angular and ReactJS/NodeJS
3318,Business Partner Collection (Field Collection) - Magelang
3319,Senior C/C++ Engineer
3320,Chief Executive Officer
3321,QHSE Engineer
3322,Finance Manager (MA26099)
3323,2027 Summer Internship - Marketing
3324,"Mid-Senior Systems Engineer (Linux, K8s/OpenShift & AWS)"
3325,"Manufacturing Specialist, Space"
3326,"Engagement Manager, Professional Services"
3327,Training Program Manager
3328,"Product Lead, Internal Tools"
3329,Registered Behavior Technician (RBT)
3330,"Grocery Merchandiser - Watsonville, CA"
3331,Regulatory and Start Up Specialist
3332,Machine Operator 2nd Shift
3333,Major Account Manager - South/ East Bay
3334,Principal SoC Design Engineer / SoC Lead
3335,Global Payroll Analyst
3336,"Accounting Senior Manager, Brazil"
3337,"SAN ANTONIO - Transportation, New Grad"
3338,Avionics Mechanical Design Engineer
3339,"Supervisor, Machine Shop, First Shift"
3340,Workplace Mental Health Consultant (Full-Time)
3341,Nuclear Criticality Safety Research Staff Member
3342,Leasing Consultant
3343,"Senior Partner Manager, Accounting"
3344,Maintenance Planner
3345,Test Technician Battery
3346,Senior Solutions Engineer (US West)
3347,Responsable de Salon H/F
3348,Business Development Representative (Higher Education - Public Sector)
3349,Asphalt/Paving Maintenance Tech - CO
3350,Territory Sales Expert (Expert de Vendas Locais) - Rondonopolis/ MT (Hybrid/Remote)
3351,Seasonal Ambassador - Mount Pleasant Towne Centre
3352,Customer Lead - Sentient Motion
3353,Commissioning Technician II
3354,Major Gifts Officer
3355,Shipping Clerk - 2nd Shift $18.43 - $20.73
3356,Desenvolvedor(a) Front-end - Flutter
3357,Senior Network Analyst - II
3358,Physical Therapist Assistant / PTA (Home Health) $2k Hiring Bonus!
3359,Emerging Partner Account Manager - Reno
3360,Operations Supervisor
3361,Strategic Insights Analyst
3362,Account Executive - New England
3363,Consultant Ingénieur Avant-Vente & Architecte Technique - F/H/N
3364,Child Care Toddler Teacher
3365,"Sr. Director, Salesforce Alliance Pipeline & Development"
3366,"Strategic Account Executive, Corrections, Majors"
3367,Night Shift LPN - Weekly Pay | Home Care | 1:1
3368,"Senior Engineering Manager, AI Platform"
3369,"Service Operations Associate (Westport, CT)"
3370,Senior Staff BESS Operations Engineer
3371,Algorithmic Trader
3372,Senior Financial Analyst
3373,Principal Mechanical Engineer - Power & Utilities
3374,Commercial Account Executive - Public Sector (Western Canada)
3375,Technicien de maintenance postes électriques HTB F/H
3376,Implementation Consultant (Salesforce Certified)
3377,Assistant Conducteur de Travaux - Paysage - H/F
3378,Practicante contable (Profesional)
3379,"Associate Director, Media Strategy"
3380,Leitender Oberarzt (m/w/d) für die Sektion Kardiologie
3381,Customer Success Leader (Greater China)
3382,"Senior DevOps Engineer / Platform Engineer - Streaming, Caching, DBaaS"
3383,Strategy & Operations Analyst
3384,"Associate Director, Customer Compensation & Policy"
3385,Duales Studium Bachelor of Science - Wirtschaftsinformatik 2027
3386,Ausbildung zur/zum Elektroniker:in für Betriebstechnik mit Aufstiegsfortbildung zur/zum geprüften Kraftwerker:in 2027
3387,Senior Software Engineer - Research Technology
3388,Coordinateur de Chantier H/F
3389,Payments Product Owner | Digital & Mobile Banking
3390,Zahnmedizinische Fachangestellte / ZFA (m/w/d) in Vollzeit oder Teilzeit Buxtehude
3391,Doctor (Läkare)
3392,Software Developer (AMS)
3393,Commerciale Catania
3394,Manager Markets - Sub-Saharan Africa and Islands
3395,Tupande Procurement Contracts Management Senior Coordinator
3396,Junior .NET Developer for Netcompany Banking Services (f/m)
3397,"Sales Manager, Enterprise (AUNZ)"
3398,Technical Writer
3399,Probabilistic Risk Assessment Engineer
3400,Block Clerk - Part Time on Fridays 8:30am to 12:30pm
3401,Director of Sales Enablement
3402,Software Engineer - Recent Grad
3403,Product Operations
3404,Clinic & Campus Manager - Sydney
3405,Salesperson #Cosmos Sport Αγίος Νικόλαος
3406,Warehouse Specialist - BKF
3407,Human Resources Specialist
3408,Design Manager - Mercari Marketplace
3409,IT Project Manager - Engineering Operations
3410,Technicien(ne) en architecture
3411,Technicien(ne) en mécanique du bâtiment
3412,Senior Product Manager - SyncOS
3413,Graphic Designer + Landing Page Developer
3414,"Snow Bowl Ski Area Associate, Lift Operations (26-27 Season S00600)"
3415,"Executive, Customer Experience"
3416,Brewer / Cellar Operator
3417,FBS Apl Sub Matter Expert II- Informatica Powercenter
3418,Medical Customer Support Representative
3419,AI Product Intern
3420,Motion Graphic Designer
3421,Industrial Maintenance Shift Supervisor
3422,Personal Trainer - Kensington
3423,Sales Development Representative - Marché Français (Remote Asie)
3424,Tier 1 Technical Support Analyst
3425,Project Controls Specialist I #RR-26-046 (3977)
3426,"Head of Square Partnerships, APAC"
3427,Data Scientist (Analytics)
3428,Crisis Psychiatric Nurse I (LPN) or II (RN) - Full Time 7am-7:30pm Flexible Schedule
3429,Crisis Psychiatric Nurse I (LPN) or II (RN) - Full Time AON 7pm-7:30am Flexible Schedule
3430,"Technical Program Manager, USG Space Relays"
3431,Floating Services Coordinator I (Firehouse Square)
3432,"Director, Commercial Growth"
3433,GNC Engineering Intern
3434,Legal Assistant
3435,Senior Tooling Engineer
3436,Launch Pad Technician - Multiple Shifts
3437,Senior Information System Security Officer (ISSO)
3438,Physical Therapist -Columbia area
3439,Physical Therapist - South Atlanta area
3440,Physical Therapist - Grand Dunes area
3441,"Fall 2027 National Security Fellowship, National Security Project"
3442,"Instructional Coach, Biliteracy (NYC) (Fixed-Term)"
3443,"Director, Litigation and Regulatory"
3444,"Senior Software Engineer - Query Engine, Database Internals - Elasticsearch"
3445,Security Sales Engineer - SLED/Public Sector
3446,Marketing Operations Manager
3447,Curriculum Manager
3448,Nurse Practitioner/Physician Assistant
3449,Intern/Co-op – Site/Civil Engineering (Spring 2027)
3450,Kundenservice / Station Specialist (m/w/d)
3451,Intern/Co-op - Environmental (Summer 2027)
3452,Senior Professional Services Engineer- PubSec - DC Metro
3453,Forward Deployed Engineer - New Grad (2027)
3454,Seasonal Ambassador - Woodland Hills Mall
3455,Seasonal Ambassador - Pearl Street
3456,Lead Strategic Financial Analyst
3457,Solutions Architect - Benelux Fungible
3458,"Executive Assistant, Founders Office"
3459,"SVP, Operations and Transformation"
3460,Senior Partner Manager - Technology Partnerships
3461,"Partner Consultant, Accounting"
3462,"Contract Accountant, Compute & Infrastructure Accounting (FTC, 12 mos)"
3463,Quality Manager
3464,"Sr. Manufacturing Engineer, Blades and Vanes"
3465,Senior Solution Consultant - FSI
3466,Registered Nurse (RN) Substitute School Nurse
3467,Presuit Secretary
3468,Practicante de ciencia de datos
3469,Licensed Practical Nurse- Home Health
3470,Proposals Coordinator
3471,Associate Director of Product Development
3472,Junior Steuerreferent (m/w/d)
3473,"Staff Software Engineer, Observability & Profiling"
3474,Client Success Account Manager
3475,Solutions Consultant
3476,Growth Associate
3477,Associate Distinguished Engineer (Solution Architect - GenAI + RAG + Agentic AI)
3478,2027 Internship Pipeline
3479,Security Analyst (compliance and controls)
3480,Senior Medical Reviewer
3481,"Field Service Technician (Appliance Repair) - Greenville, SC"
3482,"Speech Language Pathologist, SLP"
3483,Solution Consultant
3484,"Manager, Sterile Operations (Night Shift)"
3485,Director of Solutions Marketing
3486,"Manager, Project Manager"
3487,Embedded Crisis Response Technology Analyst
3488,Product Sales Account Executive
3489,Strategy & Operations Manager
3490,"Verkoop Adviseur Automotive, Hiversum"
3491,"Creative Strategist, Growth Marketing, Netherlands (12-Month Contract)"
3492,Assistant Housekeeping Manager (m/w/d)
3493,Stage - Implémentation de modèles d’IA à l’edge - F/HN
3494,Senior UX Researcher
3495,Founder's Office Lead
3496,Chief of Staff
3497,Head of Talent and Leadership Development
3498,Chef de chantier TP H/F
3499,Verkäufer (m/w/d) B2B Innendienst – Neukunden
3500,Algorithm Researcher
3501,Product Support Engineer II
3502,Business Implementation Intern
3503,Network Security Engineer
3504,Founder's office
3505,[쿠팡] 전략PM (Coupang Eats Q-commerce)
3506,Enterprise Solutions Architect-Bangalore
3507,"Orthodontist | Courtney Orthodontics, Palmerston North"
3508,Quickflex Planning Specialist 運力規劃專員
3509,Senior Salesforce Developer
3510,"Director of Product, Customer Care"
3511,"Strategy and Operations Manager, Executive Programs"
3512,Senior/Staff Software Engineer - Toronto
3513,Supplier Quality Control Inspector
3514,VP of Product Specialists
3515,Board Certified Allergy Immunology Physician Disability Peer Reviewer
3516,Board Certified Disability Peer Physician Reviewer - Hematology
3517,Finance & Administration Manager - Multinational
3518,Sr. Data Engineer
3519,Security Officer/Transporter (Per Diem)
3520,Virtual Front Desk Operator (Vet Clinics) - remote from anywhere
3521,Remote Tax Director - CPA - Remote (DIM1050285)
3522,Teisininkas (-ė)
3523,Diesel Mechanic/Technician (2124)
3524,Senior Magnet Engineer (Superconducting Magnets / Fusion Energy)
3525,Cold Email Outreach Specialist
3526,Cybersecurity Engineer (Detection Engineering)
3527,B2B Sales Executive - City Wide Facility Solutions
3528,Back-end Medical Office Staff
3529,Marketing Development & Operations Coordinator
3530,Demand Planning Manager
3531,Electrical Construction Manager
3532,Life Manager
3533,Sales & Marketing Specialist
3534,"Business Development Representative (Durham, NC)"
3535,Fulfillment Associate
3536,Sales & Retail Operations Manager - Make Up
3537,"Senior Manager, Sales Compensation"
3538,"Senior Director, Global Tax Planning & Controversy"
3539,Medical Science Liaison / Senior Medical Science Liaison - Argentina / Chile
3540,Car Detailer
3541,"Occupational Therapist, (OT) - Home Health Visits"
3542,"Senior Software Engineer, Backend (Card Ledger & Money Movement)"
3543,"Senior Data Analyst, Finance"
3544,Director of Partnerships
3545,Senior FinOps Platform Engineer
3546,Regional Medical Director
3547,Seasonal Ambassador - Valley Fair
3548,Test Engineer - Electrical Systems
3549,"Senior Operations Specialist, Engineering Testing"
3550,"Engineering Manager, Data Platform"
3551,Lead Fulfillment Associate
3552,"Lead, Nuclear Criticality Safety"
3553,Maintenance Technician - Calloway at Las Colinas
3554,Clinical Case Manager I/II - Team 882 Sheridan
3555,Clinical Admissions Therapist (Florida)
3556,"Staff Visual Product Designer, Design Systems"
3557,Restaurant Manager - Le Supreme
3558,Analyste de système principal·e
3559,Material Handler 2 - Custom Entrance 2nd Shift 2pm - 10:30pm
3560,"Sr. Designer, Motion Graphics"
3561,"Director, Global Field & Channel Marketing"
3562,Senior Partner Solutions Architect - India (Professional Services)
3563,Electrical QA/QC Tech
3564,"Project Manager, Civil Engineer- Land Development"
3565,Program Manager - Competency Diversion Team 300/882
3566,Don’t See Your Role?
3567,Audit & Financial Reporting Manager
3568,"Associate, Network Contracting (Northeast Region)"
3569,Marketplace Operations Manager
3570,Environmental Engineer
3571,"Content & Editorial Strategist, Fractional"
3572,Field Technician (Mechanic)
3573,Corporate Sponsorship Manager
3574,Software Development Engineer III — Commerce & Loyalty
3575,Substitute Safety Support Specialist
3576,Express Claims Advocate
3577,Senior People Success Partner
3578,"Experienced Auto Painter - $6,000 Bonus"
3579,ML Researcher - Posttraining
3580,Entertainment Technician
3581,"Senior Engineering Manager, Business Systems"
3582,Mission Software Lead
3583,"Territory Manager - Brooklyn, NY"
3584,Comptable principal·e
3585,Deal Desk Analyst
3586,"Corporate Account Executive, DACH"
3587,Senior Spacecraft Propulsion Test Engineer II
3588,Software Engineer - Data Insights
3589,Video Production Specialist – Creator & Editor – Social Content
3590,Senior Spacecraft Propulsion Components Engineer II
3591,Partner Account Manager - New York City
3592,Licensed Mental Health Therapist - Hybrid
3593,"Supervisor, Clinical Laboratory"
3594,"Mid Market Account Executive, France"
3595,"Strategic Account Executive, NAMER"
3596,Heavy Equipment Lube Technician (Mechanic)
3597,Sales Representative - Red Deer
3598,Principal Customer Success Manager
3599,Epic Tapestry Applications Manager
3600,Staff Software Engineer - Query Processing (Snowtrail)
3601,Media Relations Manager
3602,Building Engineer
3603,Senior Property Manager
3604,Corporate Administrator
3605,Account Manager (f/m/d)
3606,Associate Director Media (Mensch) Branche FMCG & Retail
3607,Business Development Representative - UK
3608,Simulation Engineer - Electromagnetics (human)
3609,"Sr. Java/Kotlin Software Engineer, Everpure Resilience"
3610,"Strategic Account Executive, Life Sciences"
3611,Mécanicien Industriel Confirmé H/F
3612,"Emergency Credentialed Veterinary Technician (Relief) - St. Petersburg, FL"
3613,Journaliste multifonctions
3614,Application Security Engineer
3615,Operator wytwornicy ciepła technologicznego (K/M)
3616,Feasibility Manager
3617,Spécialiste Support Comptable (Télétravail complet possible depuis Beauvais)
3618,"UX Research Manager, Payments"
3619,Projektleitung (m/w/d) Elektro
3620,Auxiliaire de vie H/F nuits
3621,Deputy Manager - Labelling
3622,Senior Product Manager - Accounting
3623,客服經理 Customer Service Operations Manager (TW Counie Team)(輪班性質）
3624,Trainer - Afternoon Shift
3625,"Senior Salesforce Engineer, Growth"
3626,Zahnmedizinische Prophylaxeassistenz / ZMP (m/w/d) Berlin
3627,Senior Game Producer (RNG & Instant-Win Games)
3628,Technical Product Manager - AI Stockbroking
3629,"CEO, AI Neobank"
3630,System IP RTL Design Lead
3631,"Staff Global Supply Manager, Structural Metal Weldments"
3632,Talent Partner - Customer
3633,Senior Manager Field Sales (Tokyo)
3634,"Occupational Therapist, OT - Home Health"
3635,Enterprise Account Executive - South Korea
3636,Partner Account Manager - Los Angeles (Santa Clarita)
3637,RMA & Repair Lead
3638,"Maintenance Supervisor 1-299 Units - Littleton, CO"
3639,Μηχανικός Αυτοκινήτων
3640,Senior Product Designer
3641,Shift Engineer- Days and Nights Rotating Shift Pattern
3642,"Infrastructure Support Manager (ITIL, Business Development, Customer Service)"
3643,"AI-First Writer (Austin, TX, In-Person)"
3644,Sales Advisor
3645,Intake RN Days - 3/4 split with alternating weekends
3646,Co-Founder & CEO - AI Healthcare Revenue Recovery
3647,Sales Manager
3648,Director of Health and Wellness
3649,Säljare till Autocirc Perstorp/Mickes Lackservice
3650,Nástrojář - zámečník
3651,Desktop Support Officer - Site Lead (Education)
3652,Software Development Engineer in Test (SDET)
3653,Final Paint- 2nd Shift
3654,"Associate, Inquiries and Investigations"
3655,"Senior Strategic Account Executive, Enterprise Health Partnerships"
3656,"Senior Technical Program Manager, Data Center Build and Design"
3657,Platform Success Manager
3658,"Project Manager, Contract Manufacturing"
3659,Porter
3660,Civil Engineering Internship - Site Design
3661,"Clinical Database, SME - Strategy (CDI Specialist)"
3662,Sr Accountant
3663,Senior Software Engineer (Data Platform)
3664,"Supervising Psychiatrist (1099, Remote)"
3665,Fleet Service Manager
3666,RF Engineer
3667,Electrical Test Engineer
3668,Parts Assistant
3669,IFRS BA
3670,Service Technician
3671,Software Engineer - Marketplace
3672,"Product Manager, Financial Services"
3673,Personal Injury Litigation Attorney
3674,Head of Sales
3675,Litigation Counsel
3676,Data Governance Analyst - Salesforce
3677,Principal Software Architect
3678,Senior User Researcher II (12-Month Maternity Leave Coverage)
3679,"Insurance Agent - Bozeman, MT"
3680,Tier 2 Support Engineer
3681,Loan Operations Associate
3682,Brake and Tire Auto Technician (2nd Shift)
3683,Principal DevOps Engineer
3684,Crew Leader (Stormwater Construction)
3685,"Senior Business Development Manager, US Department of War"
3686,"Software Engineer: Full Stack - Python, Java or JavaScript/TypeScript (TS/SCI Clearance Required)"
3687,Web Engineer
3688,"Designer, Web Presence & Platform"
3689,Registered Nurse (RN)-Pediatric/Adult- Home Care
3690,Installation Manager
3691,Delivery Manager (Google Workspace)
3692,ServiceNow Technical Architect
3693,"Treasury Director, Investments & Liquidity"
3694,"Jr. Specialist, Expense Reconciliation"
3695,"Insurance Producer - Yakima, WA"
3696,"Insurance Producer - Idaho Falls, ID"
3697,"Insurance Producer - Cheyenne, WY"
3698,Security Operations Manager - Assistant Vice President
3699,Fleet Technician
3700,Associate Authentication Analyst
3701,Ausbildung Dipl. Pflegefachperson HF
3702,"Manager, Applied AI Engineering (Startups)"
3703,Business Development Representative Intern - Milano (x/f/m)
3704,Video Editor
3705,Ingénieur Commercial en Financement de l’Innovation H/F
3706,"Revenue Architect, Mid Market (CSM)"
3707,Creative Strategist
3708,(Senior) Tax Accountant (w/m/d)
3709,Network Operations Engineer (Internship)
3710,"Associate Manager, Marketing Innovation (Bangkok-based, relocation provided)"
3711,Full Stack Developer
3712,Azubi Werkzeugmechaniker Einsatzgebiet Formentechnik (m/w/x) für 2027
3713,Lead Animation Technical Artist
3714,Senior Survey Technician
3715,Amazon Advertising Manager
3716,Senior Corporate Accountant
3717,Senior Graphic Designer (LATAM)
3718,Senior Product Designer - Mercari / Crossborder
3719,Customer Success Associate
3720,Vocational Engineering Advisor
3721,Customer Support Operations Manager
3722,Automation Specialist
3723,Data Annotator | Floor Plan Furnishing
3724,Parts Counter Specialist
3725,Interim Early Childhood Lead Teacher
3726,Youth Soccer Coach (Part-Time) - Fast Track to Lead Coach
3727,Legal Counsel
3728,Design Lead
3729,Staff Applications Hardware Engineer
3730,"Business Analyst & Workflow Associate Consultant, Corporate Legal Solutions"
3731,"Full Stack Engineer, Growth"
3732,Power Apps Associate
3733,Senior Demand Generation Manager
3734,FBS Claims Operations Mgr
3735,Growth & Sales Leadership
3736,Practicas HRBP Junior (H/M)
3737,Product Engineer - Agent
3738,Senior Aviation Maintenance Engineer
3739,"Registered Nurse, (RN) - Home Health"
3740,Linguist - German (de-LU) - Remote
3741,Kubernetes Systems Engineer
3742,"Service Attendants - Housekeeping/ Kitchen/ Hospitality | BIBO/DIDO | 14:7 | Mackay, QLD"
3743,Junior E-Commerce Manager
3744,Journeyman Electrician (Construction) - Memphis
3745,Handlowiec terenowy B2B – branża rolnicza
3746,SFDA DIRECTOR OF COMMUNICATIONS (0931-Manager III)
3747,Sr. Clinic Launch Associate (West Coast)
3748,Director Global Benefits
3749,Mechanical Quality Inspector
3750,Clinical Oncology Specialist
3751,Organizational Development Program Manager
3752,"Inventory Specialist II, First Shift"
3753,Forward-Deployed Engineer
3754,Maps Intern (Summer 2027)
3755,Electrical Project Engineer Intern (Spring 2027)
3756,Sr Account Manager - IT
3757,"Territory Sales Representative / Restaurant Specialist - San Francisco, CA"
3758,Executive Site Director
3759,Aircraft Maintenance Manager
3760,Global Cash & Treasury Operations Manager
3761,Facilities Technician
3762,Senior Geochemist
3763,Optical Transceiver Reliability and Qualification Engineer
3764,Senior Enterprise Engineer
3765,Onboarding Consultant (Fluent in English)
3766,Data Partnerships Representative
3767,"Director, Program Management"
3768,"Registered Nurse, Full Time, Hospice"
3769,Automotive Wheel Repair Technician
3770,Project Manager Bilingue
3771,Patient Care Technician - Behavioral Health I/P - FT - Nights
3772,"Manager II, Customer Success"
3773,Chief Financial Officer
3774,"Scaffolding, Insulation & Painting (SIP) Estimator"
3775,Recruiting Coordinator - Contract
3776,Forward Deployed Design Engineer
3777,Behavioral Technician
3778,Construction Materials Testing - Lab Technician
3779,Staff FPGA Engineer
3780,"Field Project Manager, Construction Operations"
3781,Materials & Process Engineer
3782,"Enterprise Account Executive, West - Texas"
3783,"Senior Security Engineer, Detection & Response"
3784,Senior 6-DOF Simulation Engineer
3785,Patient Services Liaison
3786,Project Coordinator (Remote)
3787,Mechanical Engineer (New Grad 2027)
3788,Principal Engineer Cryptography
3789,Senior UX Product Designer
3790,Project Engineer - Manufacturing
3791,"Associate Director, Quality Control"
3792,IT Field Support Specialist - West
3793,Sr. Solutions Architect - FSI
3794,"Insurance Agent - Orangeburg, SC"
3795,Vet Clinic Retention Associate
3796,"Senior Director / Vice President, Customer Support"
3797,Senior Mission Software Engineer
3798,"Director, Clinical Scientist"
3799,Senior Technical Project Manager (Region Delivery)
3800,"Associate Director, Local Client Partnerships"
3801,Electronic Trading Support Engineer - 2026/2027 Grads
3802,Recruiter
3803,Clinic Sales Manager
3804,Brand Marketing Manager
3805,PyTorch Engineer
3806,Special Education Paraprofessional
3807,Product Manager (f/m/d)
3808,"VP, Account Management"
3809,Product Operations Manager
3810,"Solutions Engineer, Ads Solutions - Singapore"
3811,Senior Creative Designer
3812,Associate Director of Maintenance & Facilities
3813,Pharmacien Assurance Qualité Biotechnologie F/H
3814,Baubarkeitsanalyst:in für Wärmpumpen (w/m/d) - 100% Home Office
3815,Revenue Operations Associate
3816,Teamleiter:in Wärmepumpen (w/m/d) - im Home Office (100% remote)
3817,Retail Brand Ambassador
3818,Affiliate Account Director
3819,Mid-market Sales Manager
3820,SAP BC Architecte (H/F)
3821,Events Manager
3822,"Financial Operations Coordinator/Senior coordinator, Strategic Partnerships (10-month contract) (Bangkok-Based)"
3823,Frontend Engineer (UK)
3824,Senior Enterprise Platforms Professional I ( SAP HANA BODS Developer)
3825,Senior Software Engineer II (Java Microservices)
3826,Senior Backend Engineer - Studio
3827,AI Transformation Strategist
3828,Support Analyst II
3829,"Grounds Person | 2:1 | FIFO | Full Time | Cairns, QLD"
3830,Sr Software Engineer - Backend
3831,Client Services Representative - ARH Essendon
3832,Senior AI Native Software Engineer
3833,"Product Manager / Director, Fiat"
3834,Licensed Practical Nurse - Hospital at Home
3835,"Sales Operations Manager, Direct Sales"
3836,Seasonal Operations Associate (Part-Time) - North Park Center
3837,"School Counselor (Remote, Texas Licensure Required, Full-Time)"
3838,Hypotheekexpert Brussel - zelfstandige/bediende
3839,Trainee Test Engineer
3840,Board Certified Behavior Analyst (BCBA)
3841,Field Service Engineer
3842,Scrum Master
3843,Recruitment Marketing & Account Executive - SAP Education & Training-Night shift
3844,Quality Assurance Specialist
3845,Patient Engagement Manager
3846,"Become a Luxury Brand Evaluator in Sacramento, US"
3847,HR Implementation Business Analyst (Consultant)
3848,"Quality Control Technician (Onsite, Columbus, OH)"
3849,Shipping Associate
3850,"Account Executive, Commercial - Hunter"
3851,Seasonal Sales Associate (Part-Time) - Southlake Town Square
3852,Research Engineer
3853,Seasonal Sales Associate (Part-Time) - One Colorado
3854,"Food, Safety & Quality Forklift Operator"
3855,Senior Network Software Engineer I -Secret Clearance
3856,Sales Development Representative (SDR)
3857,Graphic Design Specialist
3858,"Engineering Manager, Data Transformation"
3859,Assistant Restaurant Manager
3860,Associate Territory Manager
3861,Executive Assistant
3862,"Project Executive - Project Controls (Office - Carrollton, GA)"
3863,"Senior Data Scientist, Ads Integrity"
3864,"Emergency Veterinary Assistant - Littleton, CO"
3865,Senior Product Manager - Growth
3866,Product Operations Specialist | Generalist
3867,"Territory Account Executive, SMB - Lafayette, IN"
3868,Influence Manager - FTC
3869,"Market Vice President, California"
3870,Senior Social Media Manager | Lonely Planet
3871,Seasonal Operations Associate (Part-Time) - ABQ Uptown
3872,Pricing Actuary
3873,Seasonal Operations Associate (Part-Time) - SanTan Village
3874,"Outside Sales Business Development Representative (BDR), Mid Market"
3875,Seasonal Sales Associate (Part-Time) - Ridgedale Mall
3876,Seasonal Operations Associate (Part-Time) - Brookfield Place
3877,Collaborating Physician
3878,Principal Software Engineer - Search Algorithms - Elasticsearch
3879,"Manager, Training & Enablement"
3880,Legal Fellow (Spring 2027)
3881,"Senior Scientist, Biology"
3882,GTM Systems Engineer
3883,AI Infrastructure Lead
3884,"Sr. Manager, Engineering"
3885,Jovem Aprendiz (BH e SP)
3886,Staff Site Reliability Engineer - Kubernetes
3887,"Senior HR Generalist, APAC"
3888,"Senior Product Manager, Foundations"
3889,Senior Strategic Initiatives Action Officer
3890,Member of Technical Staff II- Cloud Security
3891,"Registered Nurse, Full Time, Home Health"
3892,Seasonal Sales Associate (Part-Time) - Ala Moana
3893,"Sr. Software Engineer, CDN (Starlink)"
3894,Seasonal Operations Associate (Part-Time) - South Coast Plaza
3895,"Senior Product Manager, Payments Strategy & Growth"
3896,"Lead Product Manager, Member Experience (Alma)"
3897,"Vice President, Arts & Culture"
3898,Seasonal Operations Associate (Part-Time) - Columbus Ave
3899,Langfuse - Senior Product Engineer
3900,Chef de quai (H/F)
3901,Langfuse - Senior Cloud Infra Engineer
3902,Compliance Engineer - US Public Sector
3903,Principal Software Engineer- CD
3904,"Manager, Solutions Architecture"
3905,Senior Game Programmer
3906,Events Marketer
3907,Staff Backend Software Engineer
3908,Gesundheits- und Krankenpfleger (m/w/d) für unsere kardiologische und gynäkologische Station mit Wahlleistungsbereich
3909,Preparedness and Emergency Management Analyst
3910,Deployment Lead | Navy Manufacturing
3911,Auszubildender zum Zerspanungsmechaniker (m/w/d)
3912,Lokführer (m/w/d) Cargo - Karlsruhe
3913,Talent Acquisition Partner (Tokyo-based)
3914,Talent Partner
3915,Operations Manager-Shopping Mall
3916,Implementation Specialist (French Market)
3917,"Part-Time Telehealth Therapist (LCSW, LMHC, LPC) - Illinois"
3918,Financial Reporting Analyst
3919,Procurement Director
3920,[CFS] Automation Maintenance Specialist [L4] (YAN5 Automation)
3921,Adviseur bekisting & steigers
3922,Senior IT Cloud Systems Engineer
3923,Senior SDET (Mobile-First Full Stack)
3924,Senior Customer Success Manager - (7 to 13 years) - SaaS companies only
3925,Head of Enablement
3926,Digital and Generative AI Communications Lead
3927,Technician (Maintenance)
3928,Senior Lead Product Designer - Integrated Experiences
3929,Senior Specialist Sales Engineer - ZT Cloud - ASEAN
3930,Resolution Advisor
3931,Εκπρόσωποι Τηλεφωνικής Ενημέρωσης
3932,Housekeeping Attendant - VIP Family
3933,Field Solutions Specialist
3934,SAP FPSL Consultant - Insurance ( Canada )
3935,2169 - Supervisor de Systems Modeling Maquinaria Pesada - Mid / MTY
3936,Senior Technical Recruiter
3937,Commissioning Art Director - Universes Beyond (Contingent/Contract)
3938,General Practitioner
3939,Staff Modeling and Simulation Lead
3940,"Director/Sr. Director, Sales"
3941,Master Electrician
3942,Senior Security Engineer - Application Security
3943,"Virtual Teacher, CTE-Business & Technology (IN, ID, FL)"
3944,"Staff+ Software Engineer, Product"
3945,Senior Renewals Operations Manager
3946,"Service Operations Associate (Boston, MA)"
3947,Prep Cook
3948,Real Estate Partnerships Manager (Contract)
3949,In Vivo Study Specialist
3950,"Senior Data Scientist, AI Retrieval Systems"
3951,"SST Systems Architect, Technical Lead"
3952,Early Talent Recruiter
3953,Quantitative Risk Analyst — Derivatives & Clearing
3954,"Principal Field Enablement Manager, Global Commercial Business Unit/Enterprise Corporate Sales"
3955,Rig Welder
3956,"Senior Manager, Logistics"
3957,Customer Success Manager (Ongoing Opportunity)
3958,Graphic Designer I
3959,Licensed Professional Clinical Counselor (LPCC-S)
3960,"Machine Learning Research Scientist, Post-Training"
3961,Workplace Experience Manager
3962,"Vice President, Group Manager - Social"
3963,Seasonal Sales Associate (Part-Time) - Old Town Alexandria
3964,Satellite Systems Software Engineer (Starlink)
3965,Seasonal Operations Associate (Part-Time) - Tysons Galleria
3966,Warehouse Manager
3967,Sr. Escalation Engineer
3968,"VP, Platform & Architecture"
3969,"Enterprise Account Executive, Growth"
3970,"Clinic Supervisor, RN"
3971,Flex Security Officers
3972,Certified Occupational Therapy Assistant
3973,"Studio Coach - Rothesay, NB"
3974,Sr. Product Manager
3975,Sr Executive Assistant
3976,Seasonal Sales Associate (Part-Time) - Bethesda Row
3977,Fluids Engineer Level 1
3978,リード ソリューションコンサルタント（APJ)
3979,"Manager, Analytics Engineering, Data & AI Foundations"
3980,Telephony/VOIP Engineer - Remote
3981,"Senior Director, Revenue Systems"
3982,Engineering Manager - Pro
3983,Senior / Principal Computational Biologist
3984,Physical Therapist - PRN
3985,Staff Meat Scientist
3986,M&A & New Markets Tech Lead (m/f/n)
3987,Seasonal Operations Associate (Part-Time) - UTC Sarasota
3988,"Account Executive, Enterprise, Financial Services"
3989,Associate Counsel
3990,Sports Technology Analyst
3991,Founder Associate (NYC)
3992,Logistics & Expediting Manager
3993,Staff Data Scientist
3994,AIT Technician
3995,Quality Inspector ( Traveling)
3996,Customer Success Specialist - Investment Banking & Advisory
3997,Java Full Stack Developer
3998,Employee Warehouse
3999,Senior Data Platform Engineer
4000,"Director, Product Management"
4001,Fire Engineering Manager
4002,Customer Director (Safety)
4003,Senior Security Engineer - Cloud Platform
4004,Sr. Optical Engineer (Starfall)
4005,Sr. Sales Manager (Global Starlink Enterprise Sales)
4006,AI Security - Account Executive
4007,"Head of Account Management, SME & Growth"
4008,AI Research Intern: Foundation Models
4009,"Care Team Manager, Grand Rapids"
4010,"Associate Product Development Manager, D&D Softlines"
4011,Distribution Operations Manager
4012,Responsable Adjoint(e) de magasin H/F - CDI - Guess Villefontaine
4013,Senior iOS Developer - Freelance
4014,Key Account Manager - Quick Commerce
4015,Senior Technical Lead - Generative AI
4016,Business Development Manager - Philippines
4017,AIRNEX - Affiliate Marketing Manager
4018,Zonal Credit Manager - South
4019,Observability Engineer - active Secret clearance
4020,Sr Account Executive
4021,DeFi Analyst and Educator
4022,Admin Executive Assistant
4023,SAP FPSL Consultant - Banking ( Canada )
4024,Técnico/a de Facilities | Grupo TOP
4025,Maintenance Technician III
4026,"Director, Regulatory Affairs CMC"
4027,Network Strategic Operations Coordinator
4028,Data Analyst BI (banco de talentos)
4029,Managing Director
4030,"Associate General Counsel, Product Regulatory"
4031,Senior Solutions Architect - Consumer Product Goods
4032,Senior Product Marketing Manager
4033,Senior Mechanical Engineer - Test Infrastructure
4034,"Senior Scientist, Analytical Development and Quality Control - Early Phase"
4035,Head of Hardware
4036,"Nurse Care Coordinator (RN) - Remote, CA License, Spanish Speaker"
4037,"Specialist, Quality Assurance"
4038,Maintenance Technician - Dallas
4039,"Electrical Engineer Intern, Implant Embedded Systems"
4040,Store Manager - Ala Moana
4041,Supplier Quality Specialist (Starlink Aviation)
4042,Surveyor in Training
4043,People Partner - Engineering
4044,Data Center Specialist (Starlink)
4045,Registered Nurse (RN) - Stability in Home Care
4046,Seasonal Sales Associate (Part-Time) - Sherway Gardens
4047,AI Solutions Engineer
4048,"Sr. Product Manager, Mapping"
4049,Associate Software Engineer (College Grad 2027)
4050,Senior Deal Desk Analyst
4051,Business Development Rep (BDR)
4052,Licensed Clinical Social Worker (LCSW)
4053,Principal AI Engineer - Personalization and Recommendation (Remote)
4054,Customer Success Manager - US [IC2]
4055,Business Operations & Strategy Manager
4056,Senior FPGA Engineer
4057,Expert Gameplay AI Software Engineer
4058,"Senior Field Marketing Manager, West"
4059,Head of Employment Law and Litigation #4939
4060,Filson Retail Key Holder - Naperville - PT
4061,"Software Engineer, Client Experience Frameworks"
4062,Quality Specialist
4063,"Software Engineering Manager, Android"
4064,"Senior Engineering Manager, Device Platform Middleware"
4065,Head of Brand Studio Operations
4066,Onboarding Manager
4067,HR Manager - Sydney
4068,Senior Web Designer
4069,Operations Manager - Heath
4070,Cloud Platform & Infrastructure Engineer
4071,Sales Development Representative (AI & Automation) - Bogotá (Hybrid)
4072,Licensed Professional Counselor (LPC)
4073,Product Designer (Parental Leave Replacement)
4074,Especialista de Teste de Estresse e Validação de Modelos | Riscos
4075,Technical Support Engineer
4076,[DACH MAG] Industriemechatroniker Schicht (all genders)
4077,Leasing & Sales Consultant-Cortland Valley Ranch
4078,Mechanical Engineer (Electronic Warfare)
4079,Visual Designer
4080,Director Engineering - Investment & Pension domain (m/f/d)
4081,Process Automation Engineer India
4082,"People Operations & Workplace Experience Specialist, France"
4083,Marketing Analytics Manager
4084,"Customer Engineer, Korea"
4085,Strategic Account Executive (Higher Education)
4086,Sales & Service Manager - Fashion Valley
4087,Sanitation Associate
4088,Sr. Wi-Fi Software Engineer (Starlink)
4089,"Technical Program Manager, Engineering"
4090,Senior Solution Consultant (Remote OK)
4091,Field Sales Representative
4092,Technical Account Manager
4093,Videographer (Real Estate)
4094,"Investment Associate (Seoul, South Korea)"
4095,Senior Art Director
4096,Field Recovery Agent - E-Bikes
4097,Project Manager - French
4098,Helpdesk Technician - IT Vulnerability - 10 years experience
4099,SDR - B2B Cold Calling | UAE & Saudi Market
4100,3D Environment Artist (Legendary AAA Stylized Project)
4101,3D Environment Artist / Artysta Środowisk 3D (Legendary AAA Stylized Project)
4102,Intake Specialist & Care Coordinator
4103,Healthcare Recruitment & Operations Coordinator
4104,Civil Engineering Intern (Hiring for May 2027) - Northern Michigan
4105,"Project Manager, Agroforestry"
4106,"Become a Luxury Brand Evaluator in Irvine, US"
4107,CRM Product Bonus Manager
4108,"Construction General Labor - Bulverde, TX - Johnson Ranch"
4109,US Customer Service Representative
4110,Associate Attorney - Civil Litigation
4111,"Support Technician II (Tier 2) Bakersfield, CA"
4112,Senior C++ Desktop Applications Developer
4113,"Senior Python Engineer (AWS, Client-Facing), Part-Time"
4114,Customer Service Specialist
4115,VP of HW Systems Engineering
4116,Mechanical Design Engineer (Propulsion)
4117,"Vice President, Investor Relations"
4118,Seasonal Stylist (Retail) (Part-time)
4119,Human Resources Generalist
4120,"Staff Mechanical Engineer, Omen"
4121,Visual Design Lead
4122,Stormwater Compliance Inspector - Industrial Market
4123,Senior Visual Designer
4124,Data Architect
4125,AIT Technician – Vehicle Integration (Weekday Shift)
4126,Líder de Equipe - HotelDo
4127,Powerpack Engineer Level III
4128,"Insurance Agent - Waukesha, WI"
4129,Sr. Solutions Engineer
4130,"Manager, Sourcing"
4131,Staff Engineer - Payments (Mobile & Terminal Experiences)
4132,SCADA and Automation Engineer - Oil and Gas
4133,"Staff Product Manager, Engagement"
4134,Senior Environment Artist
4135,"Director of Engineering, Flex Compute"
4136,Lifecycle Marketing Lead
4137,Manufacturing Tooling Engineer
4138,"Customer Success Engineer | Canberra, Australia"
4139,Mission Healthcare: General Application (Orange County)
4140,"Engagement Manager (Homeland Layered Defense), Public Sector"
4141,Partner Activation Manager
4142,Scientific Director - Oncology (Medical Communications)
4143,Advanced Practice Clinician
4144,"Mental Health Therapist (Part-Time, W2)"
4145,Leasing Consultant (Part-Time)
4146,"Senior Manager, Packaging Artwork"
4147,Project Manager - Medical Communications
4148,Staff Product Designer（FinTech UX）
4149,Investor Relations CO-OP
4150,"Account Executive, Mid-Market - MX"
4151,"Manager - Developer Productivity, AI Tools"
4152,Coordinateur Dispatching & Planning – Service Technique (H/F/X)
4153,CETS: Junior Administrative Professional
4154,Services Architect 3 - Paris/London
4155,"Principal, Strategic Institutional Capital"
4156,Global Social PMO Manager | draftLine
4157,Industrial Coatings Estimator - Technical Specialist
4158,"Senior Digital Marketing Manager, Paid Search"
4159,"Account Executive - White Plains, NY"
4160,TechOps Engineer
4161,Energy Markets - France (CDD)
4162,Customer Success Representative
4163,Projektmanager (m/w/d) Technik & Automatisierung
4164,Enterprise Account Executive - Sweden
4165,Kfz-Mechatroniker (m/w/d) – Wohnmobile & Campervans
4166,Category Manager
4167,"Software Engineer, Ads Solutions"
4168,Walk in Interviews Nashik
4169,Publisher Sales Manager - Japan Market - SMB
4170,Identity & Access Management Engineer
4171,Project Coordinator #0405MM
4172,Director of Sales
4173,E-Bike Mechanic
4174,Business Analyst - Integration Platform
4175,Consultant interne - Business Operations & Strategy H/F - Alternance
4176,Client Project Accountant
4177,GL Accountant
4178,"Sr. Consultant, Organizational Design"
4179,AI Graphic Designer for a Marketing Agency (US-based/Remote)
4180,Live Shopping Host - The Wessex Mint Australia
4181,"Director, Interconnection"
4182,CNC Milling Machinist/Programmer
4183,Multimedia Designer
4184,"Emergency Credentialed Veterinary Technician (Relief) - St. Peters, MO"
4185,Key Account Manager - Monterrey (Hybrid/Remote)
4186,"Member of GTM Staff, Sales Development Lead"
4187,Research Engineer (Network)
4188,"Sr. Director, Back-End Engineering"
4189,Customer Contact Director – Patient Operations
4190,Director for Contracts and Commercial - DCP & Gas Farms (Q-CO)
4191,Senior QC Engineer
4192,Technical Project Manager - 4 Months Contract - Octopus by RTG - Remote
4193,Social Media Community Manager
4194,Manager - Senior AI/ML Engineer
4195,Senior Mechanical Design Engineer
4196,"Senior Safeguards Policy Lead, Cyber Harms"
4197,Machine Maintenance Technician (CNC) - Level 4/5
4198,"Funeral Sales Representative (Outside Sales) - Rowlett, TX"
4199,Purchasing Manager
4200,"Founding GTM, T:0"
4201,"Manager, Data Center Hardware & Infrastructure (TS/SCI)"
4202,Energy & Infrastructure Counsel - Memphis
4203,"Director of Product, Ramps & Identity"
4204,"Principal Product Designer, Consumer"
4205,Starlink Aviation Specialist
4206,Registered Nurse - Home Care Evenings
4207,"Research Engineer / Research Scientist, Health"
4208,Property Manager (High-Rise)
4209,Deployment Manager (Hub Lead)
4210,"Firmware Engineer Intern, Robotics and Surgery Engineering"
4211,EEE Failure Analysis Specialist (Starlink Satellite PCB Engineering)
4212,"Senior Software Engineer, Identity & Access Management (FedRAMP)"
4213,Associate Legal Counsel
4214,Senior Materials Engineer
4215,Radiologic Technologist - Float Pool
4216,Senior Video Editor-So Expensive
4217,PRODUCTS ANALYST II
4218,"Manufacturing Electrical Engineer, Hands"
4219,CNC Lathe & Mill Programmer
4220,Senior CNC Machinist - D Shift
4221,Material Handler/Forklift Operator-1st shift
4222,Security Operations Analyst
4223,"Senior Manager, Marketing Operations"
4224,"Senior Backend Engineer, Agent Infrastructure"
4225,Sales Development Representative (Israel)
4226,Lifecycle Email Manager
4227,Housekeeping/Laundry Assistant
4228,Senior RF Test Engineer I
4229,Working Student - AI Platform and Enablement (m/f/d)
4230,"Director, Sustaining Engineering"
4231,Senior Medical Writer
4232,"Data Scientist II, Applied ML"
4233,Test and Validation Manager
4234,Staff Site Reliability Engineer
4235,Retail Store Manager - Store # 76
4236,Entry Level Civil Engineer (Rail Track)
4237,Gesundheitsfachpersonal (m/w/d)
4238,"Senior Art Director, Performance Innovation"
4239,Job Dating Porto – Meet Ayming & Your Next Career Opportunity as an SDR
4240,Analyst (m/w/d) CFO Office
4241,Public Sector Account Executive - Defence
4242,Senior Sales Engineer - Paris
4243,Strategy & Execution Project Manager
4244,Deployment Strategist - Crypto Investigations
4245,"Director, Branded Content & Partnerships – Telecommunications"
4246,"Account Director, Strategist - Tech B2C"
4247,"Account Director, Digital Native"
4248,Technical Recruiter (Contract-to-Hire)
4249,Senior Accounting Associate
4250,"Senior Modeling and Simulation Analyst, Air Dominance & Strike, Active Clearance"
4251,Remote Business Development Representative - German Speaking
4252,Enterprise Account Executive - APAC
4253,Global Partner Operations - Business Development Manager
4254,Property Management Assistant
4255,Project Manager A&A/New Build
4256,Data Center Technician - Memphis
4257,Senior analyst (SAR team)
4258,"Caregiver / Direct Support Professional (DSP) - Chandler, AZ"
4259,"OB/GYN Hospitalist (Part-Time) - Glendale, AZ"
4260,Drafter
4261,Enhanced Care Management Program Manager
4262,Cybersecurity Analyst (3959)
4263,Enterprise Monitoring Analyst
4264,Medical Dosimetrist
4265,Agency Partner Director
4266,Wareneingangsprüfer (m/w/d) Saalburg-Ebersdorf
4267,Junior Electronics Engineer | Networking Solutions
4268,"Manager, Finance"
4269,"Lead Product Marketing Manager, Solo Agents & Small Teams"
4270,Production Manager - Pacific Northwest - Portland
4271,Engineering Intern (Summer 2027)
4272,"Field Service Technician, Battery Storage"
4273,Senior Forecast Analyst Demand Planning
4274,Analytics Engineering Manager
4275,Sales & Service Lead - Downtown Summerlin
4276,Visual Lead - North Park Center
4277,Distribution Designer - Wisconsin
4278,Engine Programmer Intern
4279,"Security, Education, Training and Awareness Manager"
4280,Launch - Range Operations
4281,Production Manager- United Heritage Hall
4282,"Account Executive, Select, Phoenix"
4283,"Senior Manager, Sales Operations"
4284,Exposure Coach
4285,"Advisory Manager – Technology, Strategy & Transformation"
4286,"Forward Deployed Engineer, Operations"
4287,CDL A Local Truck Driver - 5K Sign On
4288,Senior Proposal Writer / Proposal Architect – Aerospace
4289,Chef de Cuisine - New Restaurant Opening Soon!
4290,"Head of Strategic Accounts, Enterprise, Americas"
4291,Senior Detection Engineer
4292,Program Director
4293,Sewer Sales Representative
4294,"Production Supervisor, Silicon Assembly (Starlink)"
4295,Customer Information Assistant
4296,Clinical Supervisor - Acute Care of the Elderly (ACE) - 0.9 FTE - Nights - LHAAMC
4297,"Test Engineer, Maritime"
4298,Senior Strategic Implementation Consultant
4299,"Director, TPA Claims"
4300,"RN Nurse Manager, Home Care"
4301,Assembly Technician
4302,Diesel Mechanic
4303,"Consultor(a) de Loja, Morumbi"
4304,Strategic Services Consultant (Implementations)
4305,Cloud Support Engineer
4306,"Account Executive, SMB"
4307,"Staff Product Manager, Search"
4308,Customer Delivery Driver
4309,"Data Scientist, Real Estate & Workplace"
4310,Senior AI/ML Engineer
4311,"Senior Associate, HR Shared Services"
4312,Data Center Operations Technician
4313,Sr. Technology Partner Director - AI Code-Gen & Apps
4314,"Enterprise Sales Lead, Korea"
4315,Customer Delivery Driver - 4 Day Work Week!
4316,Master Plumber
4317,"Enterprise Account Executive, Acquisition"
4318,Senior Lifecycle Marketing Manager
4319,"Director of Engineering, Deployment"
4320,Creative Sourcer
4321,"Senior Project Manager, Delivery"
4322,Senior Staff Archaeologist
4323,Security Operations Engineer
4324,Mechanical Engineer II – Structural Analysis
4325,Sr. Business Systems Analyst
4326,Account Team Lead - Australia & Oceania (Makati-based)
4327,Machine Learning Scientist – Sequence Modelling
4328,Machine Learning Engineer II
4329,Salesforce Marketing Automation Consultant
4330,"Account Executive, Emerging, UK&I"
4331,DevOps Software Engineer
4332,Senior Account Executive - Insurance & SaaS background
4333,"CX - Specialist, Operations Automation"
4334,Director of Strategic Accounts
4335,"Program Manager, Professional Services"
4336,Business Development Representative - DACH
4337,Java Software Engineer
4338,BAKERY TECHNICAL ADVISOR
4339,"Research Engineer, Benchmarking - Member of Technical Staff"
4340,"Account Executive, Strategic (Sydney or Melbourne, Australia)"
4341,"Maintenance Technician - Dallas, TX"
4342,"Automation & Controls Specialist, Infrastructure & Utility (Starship) - Level 4/5"
4343,Software Systems Validation Intern (Summer 2027)
4344,Neurosurgical Robot Operator (Part-Time)
4345,Occupational Health and Safety Officer
4346,Partner Enablement Manager
4347,Commercial Administrator
4348,Category Manager - Non Ferrous Metals
4349,Business Development Executive (WFH)
4350,System Intergrator
4351,"Director / Senior Director/ Vice President, Accounting"
4352,Security Operations Engineer - PCI DSS
4353,Cleaner Driver - Hygiene Service Technician | Western Suburbs
4354,"(fluent Ukrainian) DevOps Engineer (EU, remote)"
4355,Site Engineer (Integrated Resort Complex Elliniko)
4356,Operations Geologist / Petrophysicist
4357,Carpenter
4358,Σερβιτόροι Β - Mitsis Galini
4359,Animator / Motion Graphics Designer
4360,Senior Strategic Partnerships and Enterprise Sales Manager
4361,"Affiliate Marketing, Senior Associate"
4362,Integration Test Specialist
4363,Logistics Associate
4364,Executive Chef - Memphis
4365,Facilities Technician - Memphis
4366,Product Designer - Boltline
4367,Deployment Engineer
4368,Lab Technician
4369,Financial Advisor
4370,Principal Enablement Advisor
4371,"Manager, Event Operations Australia"
4372,"Director, Clinical Development"
4373,Revenue Enablement Specialist
4374,Accounting Coordinator
4375,Senior Tax Associate
4376,"Head of Production, Compute & Comms"
4377,Registered Nurse (RN) Home Health
4378,"Senior Medical Director, Medical Strategy & Scientific Affairs"
4379,"Manager, Project Finance"
4380,Solutions Architect (Box Consulting)
4381,"Civil Engineer, Land Development (Starlink)"
4382,Oracle EPM Integration Lead
4383,Oracle Cloud Infrastructure (OCI) Architect/Environment Consultant
4384,Sr. Supplier Industrialization Engineer (Mechanical)
4385,Global Clinical Study Manager
4386,Associate Commercial Counsel
4387,"Executive Producer, Broadcast"
4388,"Account Executive, SMB Hunter (Central Eastern Europe)"
4389,Operations Consultant II
4390,"Home Health Registered Nurse - Grand Haven $10,000 Sign On Bonus"
4391,Associate Pastor - Avondale
4392,Insulator
4393,Director of Engineering
4394,Performance Media Specialist
4395,Quantamental Researcher
4396,"Operations Associate - Part Time (San Jose, CA)"
4397,Strategic Accounts Customer Success Manager (CSM IC)
4398,"Lead, Design"
4399,Master Scheduler
4400,Compensation and Benefits Lead
4401,Bid Project Manager (With Ad Agency Background)
4402,Head of Content
4403,Lead People Partner
4404,Director of Business Development - Americas
4405,Enterprise Creative Technologist - Marketing
4406,Fund Accounting Manager
4407,"Staff Software Engineer, Metadata"
4408,"Senior Product Manager, Enterprise & Deployments"
4409,"New Markets Growth, Utility Partnerships"
4410,Senior AI Solutions Engineer
4411,IT Delivery Lead (m/f/d): Driving engineering excellence
4412,Mission Engineer - Orlando & Seiminole County
4413,Sr. Manager Quality IT
4414,Agent / Technicien de maintenance industrielle F/H
4415,"Forward Deployed Engineer, Infrastructure Specialist (France)"
4416,Engineering Lead
4417,CRM Account Executive
4418,Paralegal - Conveyancing
4419,Technical Owner - Fluid Components
4420,"AI Engineer - Task Planning and Orchestration, Embodied Agents (Mensch)"
4421,Product Engineer
4422,Sr Supplier Quality Engineer I
4423,Senior Electrical Engineer – MV AI UPS Data Centers & Storage
4424,Principal Software Development Engineer
4425,"Vice President, Primary"
4426,"New Graduate Engineer, Software (Starship)"
4427,RN – Private Duty | Valparaiso
4428,"Senior Machine Learning Engineer, Pegasus"
4429,LPN – Weekly Pay | Home Care | Franklin
4430,"Senior Product Manager, Curated Experiences"
4431,LPN – Private Duty | Indianapolis
4432,Field Development Director - Attruby
4433,Sales Manager - Remote
4434,Head of Aviation Safety
4435,Part-Time Medical STEM Instructor | Flexible Schedule | $20-$45/hr
4436,Private Events Manager - JOEY Sherwood Park
4437,UR Coordinator
4438,"SPED Academic Tutor - Math, Writing & Foundational Skills"
4439,Head of Sales & Marketing - B2B Revenue Growth & GTM | Remote
4440,Logistics Supervisor
4441,Manager - Data Quality Engineering
4442,SAP Training & Project Experience Program - International
4443,Head of AI & Automation
4444,Keyholder
4445,Οδηγός | Driver | Αερολιμένας Μυκόνου
4446,Συντονιστής Εξυπηρέτησης Αεροσκαφών | Ramp Agent | Αερολιμένας Μυκόνου
4447,Distribution Associate
4448,Digital Marketing Specialist (029-1228)
4449,Compliance Assistant
4450,Clinic Director - ABA Services
4451,Enterprise Proposals Lead
4452,"Front End Engineer, Marketing"
4453,Technical Service Engineer
4454,GIS Technician
4455,"Senior Product Manager, Salesforce"
4456,Sales Consultant
4457,"Staff Software Engineer, Backend"
4458,Designer
4459,Mortgage Loan Originator
4460,"Senior Director, Hardware"
4461,Software Engineer Intern (AI Internal Tools)
4462,"NAMS2 - R&D Engineer I, II, III"
4463,"Real Estate Finance, Investment Accountant (US), Associate"
4464,"Software Engineer, Plugin Developer Platform"
4465,"Senior Electrical Test Technician, Air Dominance and Strike"
4466,Registered Nurses RN
4467,Data Center Safety Engineer (Electrical)
4468,Principal Data Platform Architect
4469,Senior Staff Software Engineer
4470,2nd Shift Sanitation Associate
4471,Home Health Aide (HHA) / Certified Nursing Assistant (CNA)
4472,Implementation Consultant
4473,Claims Advocate
4474,Japanese Bilingual Producer (Contract)
4475,Fleet Configuration & Change Manager
4476,Certified Nursing Assistant - CNA/STNA
4477,Senior Customer Success Manager (m/f/x)
4478,Forward Deployed Investor
4479,"Principal Technical Program Manager, Enterprise Technology"
4480,"Studio Coach - Missoula, MT"
4481,"Territory Sales Representative / Restaurant Specialist - West Washington, D.C"
4482,Service Manager
4483,Licensed Vocational Nurse (LVN) Home Health
4484,"Account Executive, Enterprise"
4485,Associate Structural Engineer - Industrial
4486,Habilitation Technician / DSP
4487,"Executive Business Partner, India"
4488,Sales Representative - Toronto
4489,Logistics & Supply Chain Operations Lead
4490,Full Stack Engineer
4491,Ausbildung zum Holzmechaniker 2027 (m/w/d)
4492,Ausbildung als Elektroniker für Betriebstechnik 2027 (m/w/d)
4493,Director of Content & Audience Growth
4494,Senior ML Engineer - Offline Team
4495,Principal Software Engineer - Performance Tuning - Elasticsearch
4496,Consultant Neurologist PAYE
4497,Product Manager – Securities & Commodities
4498,Regulatory Risk & Compliance Manager - UK
4499,Dynamics 365 (7-9yrs)
4500,Financial Crime Operations SME (Banking)
4501,Quality Manager - Food Production (all genders)
4502,Senior Software Engineer - .Net Core and Cloud
4503,"Principal, EHS Compliance (Fire Safety)"
4504,Director - Workday Finance System Implementation
4505,Junior Fast Food Team Member - Morayfield (Drive-Thru)
4506,"Staff, Machine Learning Engineer [L6] (Search & Discovery)"
4507,Medical Assistant - Playa Vista - Onsite
4508,Spanish Speaking Assistant Montessori Teacher
4509,Lead Primary Montessori Teacher
4510,Field Marketing Specialist
4511,"Launch Engineer, Dragon"
4512,Business Strategy Intern
4513,Junior Agile Delivery Coordinator
4514,Senior Solution Architect - Engine by Starling
4515,Head of Talent Acquisition & Culture
4516,"Funeral Sales Representative - New Orleans, LA"
4517,Senior Commercial Construction Estimator
4518,Systems Administrator
4519,Account Manager FastGig
4520,"Product Engineer, Backend(Shops) - Mercari"
4521,Associate Instructional Designer
4522,Senior Digital Marketer (strategy + Implementation)
4523,Planning and Delivery Lead - Rail
4524,Executive Assistant / Virtual Assistant
4525,Revenue & Project Controller
4526,"PRN Pediatric Therapist (PT, PTA, OT, COTA, SLP)"
4527,4463-Head of Thought Leadership
4528,"Group Manager, Strategic Sourcing"
4529,Senior Recruiter
4530,RCM Collections Lead Specialist
4531,Senior Solution Engineer
4532,"Senior Manager, Regulatory Affairs"
4533,Supplier Onboarding Manager
4534,"Sourcing Partner, Talent Acquisition"
4535,"Customer Success Manager, Key Accounts"
4536,Industrial Security Analyst (CSSO/CPSO)
4537,Mechanical Laborer
4538,CNA/Certified Nursing Assistant
4539,Supply Acquisition Coordinator (Mexico)
4540,Recruiter (On-Site)
4541,Art Supervisor
4542,Specialty Sales Manager - Southeast
4543,"Research Scientist I/II, Immunology"
4544,"Hardware Reliability Engineer, Components (Starshield)"
4545,"Sr. Director of Product, Bills"
4546,"Accounting Manager, Global GL Operations"
4547,"Senior Product Manager, Model APIs & Developer Experience"
4548,"Installer - 4 Day Work Week !!! California Closets of Charleston, SC"
4549,Strategic Account Executive - Seattle
4550,Principal Product Manager
4551,"Manager, Business Development - Green Chef"
4552,"Sr. Mechanical Engineer, Spacecraft Mechanisms"
4553,Non-CDL Delivery Driver
4554,"Partner Manager, CNC & Sheet"
4555,Medical Receptionist
4556,"Senior Associate, Growth Marketing Canada, Consumer"
4557,"Senior Associate, Sales Strategy & Operations, Commercial Operations"
4558,EHS Technician
4559,BDR Manager
4560,GTM Staff Data Scientist
4561,"Partner Sales Manager, Latin America"
4562,"Senior Data Science Manager, Growth"
4563,Building the experimental engine for models of life
4564,LPN | Weekly Pay | Flexible Schedule!
4565,LPN - Weekly Pay | 1:1 Care
4566,Business Support Specialist - Swedish speaking
4567,"Principal Product Manager, Data Products & Integrations"
4568,Account Manager - London
4569,"Senior Software Engineer, International Payroll"
4570,"1:1 Home Care, Registered Nurse (RN)"
4571,"Inventory Clerk (Weekend, Friday - Sunday)"
4572,Principal AI-Native Software Engineer
4573,Materials Manager
4574,Production Manager
4575,In-House Contracts Counsel
4576,Channel Sales Manager
4577,"Principal, Trust and Safety Compliance"
4578,Senior Manager AI Solutions Architecture
4579,Product Marketing Manager | AI Security
4580,Technical Partner Enablement Manager
4581,"Assistant Manager, Fund Administration (Accounting) - India"
4582,Senior AI Solutions Consultant - Post-Sales
4583,Responsable d'exploitation (H/F)
4584,Staff Engineer - Banking Products
4585,"Contracts Manager, EMEA"
4586,Senior-Bauingenieur (m/w/d) Tragwerksplanung
4587,Korean Language Manager (12-month contract)
4588,Lecturer - Construction
4589,"Senior Manager, Regulatory Operations, APAC"
4590,Collaborating Psychiatrist / Supervising Physician (MD or DO) — Remote | Telehealth | Part-Time | Georgia
4591,Staff Psychiatrist (MD or DO) — Remote | Telehealth | Full-Time or Part-Time | Missouri
4592,Subchefe de Máquinas
4593,T&E Analyst
4594,Business Development Representative (EMEA)
4595,AI-Native Marketing Coordinator
4596,Solution & Systems Integration Architect SME
4597,"Field Nurse Practitioner / Physician Assistant - Summit County, OH"
4598,Server
4599,Med Tech (Part-Time)(Every Other Weekend) - Pinewood Square
4600,Law Experts
4601,Production Associate
4602,Talent Producer
4603,"Senior Commercial Counsel, Data Acquisition & Licensing"
4604,"Account Executive, Agents"
4605,Staff Psychiatric Mental Health Nurse Practitioner (PMHNP) — Remote | Telehealth | Full-Time or Part-Time | Michigan
4606,Resident Mechanical Engineer (PHX)
4607,Data Platform Engineer ( Kafka Oriented)
4608,"Product Manager, Editing Foundations"
4609,"Finance & Strategy Manager, Machines"
4610,Business Development Associate
4611,Store Manager - Fashion Island
4612,"Manager, Electrical Engineering, Design Assurance"
4613,Senior Support Engineer - Toronto
4614,CAD Engineer Intern (Spring 2027)
4615,Remote Hospice Triage RN PT 3:30p-11p + rotating Sat & Sun 3:30p-11p CST
4616,"Staff+ Software Engineer, Safeguards Data"
4617,Brand Ambassador
4618,Patient Engagement Coordinator - Contractor
4619,"Physical Therapy Assistant, Home Health"
4620,"Manager, Merchandising - Kids and Baby"
4621,"Programmeur moteur sénior, Unreal Cloud Services"
4622,Senior Cloud Engineer
4623,Sr. Software Engineer - Container Security
4624,Spring 2027 AI Applied Research Internship
4625,"Manager, Payroll Connections"
4626,Senior Product Manager - Blockchain
4627,Líder de Produção (2º turno)
4628,Director of Commissioning and Field Service
4629,"Test Engineer, Powertrain Components (Starship)"
4630,"Full-Stack Engineer, Enterprise Scale"
4631,Strategic Finance Manager
4632,Data and Partnerships Associate
4633,Part-Time Lunch Monitor (26-27)
4634,"VP, Enterprise & Field Marketing"
4635,Satellite On-Orbit Operations Software Engineer (Starlink)
4636,"Product Manager for Marketplace Lending, Contractor"
4637,"Test Specialist - Antenna Lab, Satellites (Starlink)"
4638,Education Client Leader I
4639,"New Graduate Engineer, Software Security - '26/'27 (Starlink)"
4640,"Senior Staff Product Manager, Device Security"
4641,Technical Customer Success Manager (German)
4642,"Senior Product Manager, Experience Control"
4643,Account Supervisor
4644,"Staff Attorney, Senior Staff Attorney, Senior Counsel, Criminal Law Reform Project"
4645,"Adjunct Faculty: Health, Physical Education and Exercise Science 2026-27"
4646,Senior Principal Software Engineer for macOS
4647,Staff Analyst (f/m/d)
4648,Qualitative Project Manager (Remote)
4649,IT Service and Quality Management Specialist
4650,Senior Board Test Operations Engineer
4651,Technical Program Manager
4652,Küchenleitung (m/w/d)
4653,"Application Support Engineer (Third Party Systems), London"
4654,WAF/IAM Engineer
4655,Designer / Retoucher
4656,[쿠팡페이] Staff Product Designer
4657,Lead Engineer - Japan
4658,Chemical Operator
4659,AI Scrum Master
4660,"Lead Doctor - Bridgeville, Pennsylvania"
4661,Software Engineer - Stack (SDS) Tooling
4662,Software Engineer - (Typescript & Node)
4663,Field Service Engineer-SC
4664,Head of AI Safety
4665,New Car Sales Executive - Mercedes Benz
4666,Senior Sales Account Executive
4667,Design-for-Test (DFT) Engineer
4668,Supplier Quality Engineer III
4669,Retail Specialist
4670,Analyzer Technician
4671,Childcare Program Manager
4672,Creative Designer
4673,Tennis Coach - Casual - Oxstalls Sports Park
4674,Embedded software developer I Security Systems
4675,"Manager, Field Sales - Melbourne"
4676,"Software Engineer, Entry-Level"
4677,Senior Camera Systems Engineer
4678,Software Engineer (Starlink)
4679,"Software Engineer, AI SDK"
4680,"Senior Product Designer, Growth"
4681,"Senior UX Researcher, Human Care"
4682,Senior Full Stack Developer
4683,"Insurance Agent - Jackson, MI"
4684,"Insurance Agent - Ann Arbor, MI"
4685,Client Onboarding Specialist (Remote)
4686,"Circuit Designer, Space Special Programs"
4687,"Insurance Producer - Norfolk, VA"
4688,"Insurance Producer - Ogden, UT"
4689,Senior Reliability Engineer
4690,Exploitation Analyst-Mid
4691,QA Test Engineer - KS
4692,Enterprise Account Executive - US Army
4693,Caregiver Coach - Remote (PST)
4694,"Insurance Producer - Hanford, CA"
4695,Aide-opérateur en traitement des eaux
4696,Master Integrated Scheduler
4697,"Appeals Support Specialist (Medicare, DME) (6 Month Temp)"
4698,"Appeals Support Specialist (Medicare, Part B) (6 Month Temp)"
4699,Senior BOM Sourcing Engineer
4700,Echocardiography Technologist - PRN - AAMC
4701,MRI Technologist I - Outpatient
4702,Patient Access Coordinator - FT - Evening (3P-11:30P) - LHDCMC
4703,Patient Care Technician-FT-Days-Telemetry - LHDCMC
4704,The Lifecare Institute - Clinical Grief Counselor
4705,Orthopedic Medical Assistant-Capital Ortho Lanham Med
4706,Staff Nurse - Operating Room - 1.0 FTE - LHAAMC
4707,Academic Partnerships Manager
4708,"Sr Staff, SAP Product Lifecycle Management & Master Data Governance"
4709,Treasury Senior Accountant
4710,Customer Service Delivery Driver - 4 Day Work Week!
4711,Urgent Care Veterinarian
4712,Associate Veterinarian | Exotic Animal Mentorship | New Grads Welcome
4713,Unmanned Systems Industrial Base Analyst
4714,National Account Director
4715,Fully Licensed Therapist - Remote (Pacific Time Zone)
4716,"Insurance Producer - Attleboro, MA"
4717,Principal Presales Engineer
4718,Sr Architect - Emerging Technologies
4719,Compensation Manager
4720,Staff Software Engineer (L4) Data Platform
4721,Fully Licensed Therapist- Remote (Oregon)
4722,Site Reliability Engineer (DevOps)
4723,"Insurance Producer - Willimantic, CT"
4724,"Senior Software Engineer, Site Reliability"
4725,"Senior QA Analyst, Secure Remote Access"
4726,Avionics Test Engineer (Starship)
4727,"Store Advisor, Düsseldorf"
4728,Retail - Store Advisor (IKEA BEI)
4729,Lead - Footwear Developer - PAD + Young Movers
4730,Lead - Footwear Development
4731,Retail - Lead Store Advisor（IGC Gua）
4732,"Senior Lead - B2B Marketing, Run Specialty"
4733,"Lead Store Advisor, On Hannam Store"
4734,Lead - Footwear Tooling Engineer
4735,"Associate Store Leader (Responsable adjoint de boutique) , Saint Germain"
4736,"Associate Store Leader, Guomao Beijing"
4737,Retail - Lead Store Advisor(Parkside SHA)
4738,"Product Lead, App Ecosystem"
4739,"Director, Clinical Affairs"
4740,"Senior Account Executive, Enterprise"
4741,Head of Finished Goods & Deployments Warehousing
4742,Veteran & Community Engagement Associate
4743,"Director, Business Development, Massed Effects (Army)"
4744,Senior Financial Analyst - FP&A
4745,"Senior Systems Engineer, Payload Module Lead"
4746,"Senior Mechanical Engineer, Production"
4747,MiQ Senior Trader - China
4748,"Senior Robotics Software Engineer, Payload Integration"
4749,Hematologist Oncologist - Tennessee Oncology
4750,"Staff Technical Program Manager, Sentry Fixed Site Systems"
4751,Deputy Chief Medical Officer
4752,"Chief Engineer, FQ-44 Fury"
4753,"Sr. Hardware Development Engineer, Gateways & Customer Hardware (Starlink)"
4754,Director of Engineering - MetaDefender Managed File Transfer
4755,"Senior Manager, Engineering"
4756,Explosives System Safety Engineer
4757,Production Technician - Camera & Editing
4758,Senior Payload Integration Engineer
4759,"Staff Software Engineer, Security"
4760,"Deployment Engineer, Anvil"
4761,Motor Controls Engineer (Electrical/PCB Design)
4762,Social Video Creative & Editor
4763,Rewards Manager | Betty CA
4764,"Technical Services Engineer, 1st shift (Weekend)"
4765,Spare Parts Agent (m/w/d)
4766,Assistante de vie H/F
4767,Structural Group Leader - Industrial Market
4768,Founding Applied AI Engineer - Data
4769,People Partner- Support
4770,Energetics Technician II - 2nd Shift
4771,Chief of Staff (COS)
4772,Staff UX Designer
4773,"Emergency Veterinarian (Part Time) - Charlotte, NC"
4774,"Specialist, New Store Opening Coordinator"
4775,ADAS Calibration and Validation Engineer
4776,Lead Engineer - Automation Tooling
4777,"Senior Specialist, Vehicle Systems"
4778,"Senior Manager, Vehicle Systems"
4779,Marketing Data Science Lead
4780,Operations Manager (on-site)
4781,"Senior Manager, Strategy & Operations, Regulatory & Compliance"
4782,Director of Customer Success (Strategic Accounts)
4783,"Associate, Media Solutions, India"
4784,Ergotherapeut (m/w/d)
4785,Elektrotechniker*in - Meister*in im Technischen Facility Management
4786,Account Development Associate
4787,Staff GNC Engineer (State Estimation)
4788,Business Unit Head - Wealth Management App
4789,Start Up Lead APAC
4790,Sr. Staff Technical Success Executive
4791,Account Executive Director SLED (Midwest)
4792,Senior Mission Lead Systems Engineer
4793,"Manager, Risk Strategy"
4794,Senior Copywriter - Creative
4795,Finance & Accounting Manager
4796,Cloud Engineer (Saudi Arabia)
4797,"Freelance Luxury Brand Evaluator in Belgrade - Sophia, BG"
4798,FP&A Lead
4799,"Associate Creative Director, Art & Copy (Team)"
4800,High School Educator Product Advisory Council Member
4801,Field Quality Inspector
4802,"VP, Sales"
4803,Copywriter - DTC Brands (US Market)
4804,Senior Talent Acquisition Partner (Fully Remote)
4805,Real Estate Sales Advisor
4806,Forward Deployment Engineer
4807,Part-Time Inbound Sales Consultant (Recruitment Services)
4808,(Seaside Cebu New Store) Store Supervisor/Senior Retail Associate - Love
4809,4469-Principal Software Engineer - Data Platform (Iceberg/Trino)
4810,Senior Instrumentation and Controls Engineer
4811,"Facilities Infrastructure Engineer, Data Center Infrastructure - Memphis"
4812,AI Tutor - Igbo
4813,"Construction Superintendent, Structural (Night Shift) - Memphis"
4814,"Support Agent, X Money"
4815,"Power Systems Engineer, Data Center Infrastructure - Memphis"
4816,AI Tutor - Hausa
4817,Fire Protection Engineer - Memphis
4818,"Principal Specialist Sales Engineer, Data Security - SLED"
4819,Sales Engineer - London
4820,"Product Marketing Manager, Training"
4821,IT Infrastructure Engineer
4822,"Director, Program Test & Evaluation Engineering - Advanced Effects"
4823,"Senior Backend Engineer, Billing"
4824,"Account Executive, Territory (Mid-Market)"
4825,SMT Process Specialist (Starlink)
4826,CNC Operator - Custom 3rd Shift 11P-7A
4827,Staff Data Platform Engineer - AI Platform
4828,"Manager, Forward Deployed Automation Strategy"
4829,Staff Software Engineer - AI & Intelligent Tooling
4830,"Emergency Veterinarian (Relief) - Ralph Ave/Brooklyn, NYC"
4831,Lease Administrator
4832,Strategic Account Development Associate
4833,"Electrical Hardware Engineer, AI Satellites (Starmind)"
4834,"Senior Systems Engineer, EO/IR Payloads"
4835,Staff Software Engineer - Trading
4836,"Staff Software Engineer, Orders Platform"
4837,Strategic Account Executive (SLED)
4838,"Manager I, Engineering - Code Coverage"
4839,"Manager I, Engineering - Code Security"
4840,Enterprise Customer Success Manager - East
4841,Partner Solutions Architect (GSI) - AMER East
4842,"Manager I, Applied Science - Frontier Agentic Models"
4843,Senior Product Manager - Journey Monitoring
4844,"Field Service Technician - Columbia, MO"
4845,"Strategic Finance, B2B Product"
4846,"Senior / Staff Electrical Engineer, Autonomous Vehicles"
4847,"Software Engineer II, Fullstack (Card Acquisition)"
4848,"Staff Software Engineer, Backend (Capacity Modeling)"
4849,Compliance Manager (Australia)
4850,"Senior Software Engineer, Affirm Bank"
4851,"Analytics Engineer II, Full Stack (Revenue Analytics)"
4852,Program Director (Digital & Creative Projects)
4853,"Software Engineer, AI/Computer Vision"
4854,Shift Lead - Sharon Hill
4855,"Associate Manager, Strategy & Operations (In-Store)"
4856,"Software Engineer, iOS (All Teams)"
4857,"Infrastructure Supply Chain Manager, Autonomy & Robotics - DoorDash Dot"
4858,"Kitchen Operations Associate, DashMart - DET-6"
4859,DashMart Team Member - Morrow
4860,Embedded Software Engineer (Firmware) - DoorDash Air
4861,"Staff Systems Engineer, DoorDash Air"
4862,Firmware Validation & Integration Engineer
4863,"Senior Operations Associate, Robot - DoorDash Dot"
4864,"Partner Development Manager, Strategic Partnerships"
4865,Operations Lead (Senior Manager)
4866,"Engineer II, Facilities"
4867,Operations Recruiter
4868,"Team Lead, Market Operations - University Park, IL"
4869,"Mid-Level Paintless Dent Repair Technician - $4,000 Bonus!"
4870,Reconditioning Manager - Boston
4871,Customer Service Delivery
4872,Technical Illustrator
4873,Principal Product Engineer
4874,Senior Partner Sales Manager - Japan and Korea
4875,Startup Program Manager
4876,"Senior Data Scientist, AI Product Insights"
4877,Delivery Engineer III (GTM)
4878,Senior Reinforcement Learning Engineer
4879,Staff Software Engineer - Humanoid Controls
4880,"Transmission & Interconnection, Principal"
4881,"Senior Systems Engineer, Launched Effects"
4882,Collections Specialist
4883,"Senior Engineering Manager, Homebase Assistant (Hybrid)"
4884,Lead Designer
4885,"Professional Learning Specialist, Northeastern US"
4886,Specialized Account Manager
4887,Security Guard
4888,Maintenance │Full-Time │7:30am - 4:00pm
4889,Principal Sales Engineer - IBM Mainframe Software
4890,"Technical Program Manager, Infrastructure"
4891,Cloud Architect - Networking
4892,"Lead Client Partner, Brand Sales (tvScientific)"
4893,"Machine Learning Data Scientist, Forecasting"
4894,"Executive Assistant, Engineering Leadership"
4895,Senior Project Manager (Remote)
4896,"Senior Account Executive- Las Vegas, NV (Remote)"
4897,"Senior Engineering Manager, Backend"
4898,Behavior Technician (Part-Time)
4899,Client Coding Project Manger (CCPM)
4900,"Senior Data Engineer II, AI Native"
4901,"New ER Doctor (NERD) Program: Starts April 2027, Practicing Veterinarians - Falls Church, VA"
4902,Cloud Engineer DevSecOps
4903,Founding AI Data Engineer - Optexity (India)
4904,Conventional Route Driver
4905,"Medical Director, Clinical Program Design"
4906,"Associate Director, AMER Account Management & Planning"
4907,"Strategic Account Executive, Public Sector, Federal Defense and Security (Virginia, DC Area)"
4908,PCB Design Engineer
4909,"Manager, Sales Strategy & Planning"
4910,"Enterprise Account Executive, Federal"
4911,"Senior Software Engineer, Query Optimization"
4912,Site Reliability Engineer 3
4913,Senior Customer Success Manager
4914,"Director, Partner Programs"
4915,Staff Analyst
4916,"Senior Software Engineer, Data"
4917,Technical Content Engineer
4918,Overnight Warehouse Delivery Driver (Multiple Schedules Available) - Moonachie
4919,Sports Pastor - Anthem
4920,"Application Engineer, Injection Molding"
4921,Associate Marketing Lifecycle Manager (Contract)
4922,"Manager, SMB Sales"
4923,"Licensed Therapist, Substance Use Disorders– Full Time (PA)"
4924,Principal Account Manager
4925,Sales Manager South-West Europe (m/f/d)
4926,Lead Data Scientist – Autonomous Driving
4927,Senior Manager – HR Operations
4928,"Engineering Manager, Metadata"
4929,Éducateur-trices diplômés / Service de Remplacement (CDM moyenne à longue durée)
4930,Senior Implementation Engineer
4931,"Sr. Project Manager, Civil Engineering – Land Development"
4932,Center-Based Registered Behavior Technician (RBT)
4933,"Assistant General Counsel, Partner, Energy & Power Infrastructure"
4934,Dyne Care Partner - Southwest
4935,Dyne Care Partner - Upstate NY & PA
4936,Key Account Manager - Central Plains
4937,Thought Leader Liaison - Midwest
4938,Senior Civil Project Engineer- Water/Wastewater
4939,Environmental Technician 2
4940,Industrial Hygienist
4941,VIP CRM Manager
4942,Senior AI/ML Ops Engineer (Hybrid in Bangalore)
4943,Microsoft Developer – Power Platforms
4944,M&A Associate
4945,"CEO, Banyan Portfolio Company"
4946,"Staff Product Manager, Wishlist"
4947,Bartender
4948,"Fulfillment Technology Analyst, Derby DC (f/m/x)"
4949,Game Designer - Puzzle Games
4950,Locum Senior Research Sonographer
4951,Business Development Representative (NYC)
4952,"Senior Security Engineer, AI & DevSecOps"
4953,Country Marketing & Communication Lead - Germany
4954,Senior Partner Manager (Retail)
4955,Senior Business Analyst
4956,"Strategic Account Executive, Enterprise (Americas, East)"
4957,"Regional VP, Sales"
4958,"Senior Team Lead, Airframe & Aerostructures"
4959,Technical Business Analyst - Digital Banking
4960,Regional Sales Director
4961,Junior HR Associate
4962,Threat Detection Researcher (Windows/Linux/MacOS)
4963,(Senior) Product Marketing Manager
4964,EHS Manager:in (w/m/d)
4965,"Medical Support Associate, Manila (Registered Nurse)"
4966,GCP Data Architect
4967,Senior Product Marketing Manager – AI & Emerging Technologies
4968,Senior Staff Data Scientist
4969,"Sourcing Manager, Electronics (Starlink)"
4970,Associate Principal Analyst – Food & Drink
4971,Intake Psychiatric Mental Health Nurse Practitioner - PMHNP - 1099/Contractor
4972,VP Partnerships
4973,Member of Technical Staff — Inference-TPU
4974,Executive Assistant - Group Marketing and Systems Support
4975,"Freelance Luxury Brand Evaluator in Sihanoukville, KH"
4976,Material and Logistics Coordinator
4977,Τεχνικός Υποστήριξης Call Center / Monitoring
4978,Senior Legal Assistant (m/f/d)
4979,Youth Soccer Coach for Morning Classes at Daycares/Preschools
4980,Cluster Manager - Operations
4981,Behavior Technician - BT - Full-Time
4982,Associate Therapist/ECM Consultant - Part-Time
4983,4529- Coding Specialist
4984,Ab Initio Architect & Subject Matter Expert (SME)
4985,Member of Technical Staff — Backend/API Platform
4986,International Business Development Manager
4987,"Asset Protection, Senior Tech Specialist"
4988,"Senior Strategic Account Executive, Employer"
4989,Starlink Production Associate
4990,Principal Platform Security Architect
4991,Family Medicine Physician - Sign on Bonus available
4992,Primary Care Physician - DC Metro Center
4993,Primary Care Physician - DC Metro - Adams Morgan Office
4994,Account Executive II
4995,"Director, Technical Revenue Accounting"
4996,"Director, Revenue Engineering"
4997,"Platform Engineer, Flight Software (Starlink)"
4998,"Customer Success Manager, Managed Inference"
4999,Senior Technical Artist: Procedural Art
5000,Associate Principal Threat Intelligence Analyst
5001,Technical Research Analyst
5002,Executive Director Interim Opportunities - Submit Your Resume!
5003,Senior Graphic Designer
5004,Founding Growth & Strategy Lead - Optexity (USA)
5005,Senior Product Engineer
5006,Associate Compliance Officer
5007,Environmental Test Engineer
5008,"Account Development Executive (Miami, FL)"
5009,Staff Software Engineer (AI Governance)
5010,"Manufacturing Engineer, AI Satellites (Starmind)"
5011,"Solutions Architect, Integrations (AUS)"
5012,Dishwasher - Lowland
5013,Part Time Front Desk Concierge - ROOST Detroit
5014,Product Support Engineer
5015,Enterprise Solutions Engineer - Canada
5016,"Lead Production Technician, Intelligence Systems"
5017,"Technical Operations Engineer, Connected Warfare"
5018,Deputy Logistics Program Manager
5019,"Technical Operations Engineer, Bolt"
5020,Staff Firmware Engineer
5021,"Senior Supplier Industrialization Engineer, Propulsion Engines"
5022,"Senior Modeling and Simulation Engineer, Space"
5023,"Senior Technical Program Manager, Air Dominance & Strike, Autonomous Airpower"
5024,"AFSIM Operations Analyst, Mission Engineering, Air Dominance & Strike, Active Clearance"
5025,"Senior Manufacturing Engineer, Turbine Engines"
5026,"Senior Machine Learning Engineer, Applied Intelligence"
5027,"Staff Systems Engineer, Air Vehicle Software"
5028,"Staff Mission Systems Engineer, Air Dominance & Strike, Active Clearance"
5029,"Senior Test Engineer, Connected Warfare"
5030,"Modeling and Simulation Engineer, Space"
5031,"Demand & Supply Planner, Precision Engagement Systems"
5032,"Chief Systems Architect, SIG"
5033,Senior Low Observables Technician
5034,"Senior Software Engineer, Maritime"
5035,"Senior Robotics Software Engineer, Sensor Fusion"
5036,"Senior Electrical Engineer, Space"
5037,"Cost Value Engineer, Intelligence Systems & Space (Active Clearance)"
5038,Senior MRB Engineer
5039,"Electrical Engineer, Space"
5040,"Senior Software Engineer, Air Defense, Integrations"
5041,"Senior Leadership Recruiter, Hardware"
5042,"Software Engineer, Active Clearance, Air Defense"
5043,"Open Architecture Systems Engineer, Mission Systems"
5044,"Robotics Software Integration Engineer, Mission Autonomy"
5045,"Systems Security Engineer, Programs"
5046,Field Operations Engineer
5047,Altius - Senior Product Sourcing Engineer
5048,"Chief Engineers, Advanced Aircraft Programs"
5049,"Staff Operations Analyst, Mission Engineering, Air Dominance & Strike, Active Clearance"
5050,Production Program Manager
5051,Senior Technical Program Manager-Manufacturing
5052,Principal Software Development Engineer in Test
5053,Senior Specialist Solutions Engineer - Platform Security and Cloud Infrastructure
5054,"Named Enterprise Account Executive, Financial Services"
5055,AMER Energy Industry Go-To-Market (GTM) Leader
5056,"Strategic Enterprise Account Executive, Life Sciences"
5057,Strategic Account Executive - Consumer Goods Industry
5058,"Director, Lakebase Sales Specialists"
5059,"Sr. Engagement Manager, FDE - LATAM"
5060,"Manager, Field Engineering - Global Telecommunications"
5061,Core Account Executive - Public Sector
5062,Staff Software Engineer - Fullstack
5063,Staff Software Engineer - GenAI inference
5064,Senior Customer Enablement AI Programs Manager
5065,Engineering Manager - Backend
5066,Sr Technical Solutions Engineering
5067,Journeyman Electrician
5068,Sr. Mechanical Engineer
5069,"Senior Project Manager/Associate Director, Discovery Project Management"
5070,Maintenance Technician - Day Shift
5071,"Data Center Technician - Afton, TX"
5072,Principal Engineer
5073,Field Engineer II
5074,Survey Field Technician
5075,"Project Manager, Civil Engineering – Residential Land Development"
5076,Athletic Trainer -Wyoming High School-PRN
5077,Tech Lead — Users & Auth (Líder Técnico/a - Usuarios y Autenticación) - Mexico City (Hybrid)
5078,Professional Services Engagement Manager
5079,"Manager, Business Development Enterprise"
5080,Associate (Real Estate)
5081,"Staff Product Manager, Trucking Tech"
5082,"VP, Product Management - Applied Intelligence"
5083,Senior Software Engineer - Chorus
5084,"Staff Applications, Test & Failure Analysis Engineer"
5085,Customer Support Specialist - Accounting Integrations (m/f/d)
5086,Seasonal FAST Video Systems Operator
5087,Account Executive - Latin America
5088,Senior Account Executive - Small Business
5089,Technical Operations Specialist
5090,German Customer Support Specialist
5091,Senior Engineering Manager - Containers at Edge
5092,Client Success Associate
5093,Quereinstieg als Elektrohelfer / Prüftechniker (m/w/d) für DGUV 3 Prüfungen
5094,"Senior Mobile Developer, Growth (US)"
5095,"Sales Director, MSP"
5096,Primary Care Nurse Practitioner / Physician Assistant
5097,Test Ops Manager - Nova Stage 1 & 2
5098,"Sales Engineer, France"
5099,Registered Nurse (RN)- Home Care
5100,"Insurance Agent - Sanford, NC"
5101,Senior Customer Success Manager (Nordics & Benelux)
5102,"Senior Product Manager, Lab"
5103,"Insurance Agent - Bel Air, MD"
5104,Senior Performance Marketing Manager
5105,Field Sales Representative (Aachen / Düsseldorf)
5106,IT Support Specialist (F/M/D)
5107,Junior-Architekt (m/w/d)
5108,Senior Quantitative Researcher: MFE
5109,Security SDK Engineer
5110,DevOps Engineer Professional for Industrial AI Cloud + 5 000 € Sign On Bonus (m/f/d)
5111,Senior Software Engineering Manager - Multi-Object Tracking & State Estimation
5112,Senior Commercial Finance Broker
5113,Customer Integration Engineer
5114,Associate General Counsel @ Flexible Finance
5115,Allround CNC Machinist
5116,Account Executive - EMEA Specialist
5117,Staff Software Engineer - Databases SRE | Ireland | Remote
5118,Staff Backend Engineer - Analytics | US | Remote
5119,Mortgage QC Manager
5120,"Account Manager, DACH Enterprise — German-speaking"
5121,Social Strategist - Fluent in German
5122,Spacecraft Electronics Engineer
5123,"Senior Director, HRBP"
5124,Engineering Compliance and CSV Manager
5125,"Senior Project Manager– Internal Processes (Contract, Remote)"
5126,Senior Machine Learning Research Engineer
5127,"Staff Software Engineer - BackEnd (Level 4) | Gurugram, IND"
5128,Future Sales Community @SoSafe – Talent Pool für SDRs (m/w/d)
5129,Sr. Robotics Maintenance Engineer
5130,(Senior) Design Engineer (m/f/d)
5131,Head of Internal Audit (NY)
5132,Funds Ratings - Director (London)
5133,Senior Applications Lead - Defense
5134,Thermal Mechanical Engineer
5135,"Technical Lead, Single Photon Sources Validation"
5136,Lead - Paid Performance Marketing (Digital Marketing)
5137,Strategy and Operations Lead
5138,Partner Solution Architect - LATAM (Portuguese/Spanish/English-speaking)
5139,"Director, Operational & Technical Accounting"
5140,Customer Solution Engineer
5141,West Coast Communications Manager
5142,Principal Python Engineer
5143,Ingeniero de Soporte IT Senior (Sector Automotriz / Inglés Avanzado)
5144,Switchgear Wiring Technician - 2nd Shift
5145,Head of Engineering
5146,Business Development Representative (Eastern US based)
5147,Operations Lead - (Last Mile & Customer Delight)
5148,"Manager, Publisher Partnerships"
5149,Manual QA Engineer (US)
5150,"Director of Product Management, Security"
5151,"Benefits Manager, International"
5152,Senior Greenhouse Facilities & Maintenance Manager
5153,"Senior Analyst, Revenue Operations"
5154,"Keyholder, Dallas"
5155,"Associate Director, Paid Social (Remote Canada)"
5156,Senior Assembly Technician I
5157,"Staff Manufacturing Engineer, Primary Structures"
5158,University Recruiter II
5159,"Senior Software Engineer, Operations Research"
5160,Electrical Superintendent
5161,Field Account Executive
5162,Senior Privacy Engineer
5163,Compensation Business Partner
5164,Staff Forward Deployed Engineer
5165,Tech Operations Specialist
5166,"Senior Product Manager, Tenant Scale"
5167,TFO Field Project Manager (Owner's Representative) - Data Center Construction
5168,"Director, Client Strategy - SMB"
5169,Architectural Designer (Mission Critical)
5170,PT Nurse Practitioner (NP)
5171,Staff Data Scientist - Product Analytics
5172,"Senior Machine Learning Engineer, Growth"
5173,Investigator Grants Associate II (LATAM)
5174,"Senior Manager, Enterprise Payments"
5175,Infirmier(ère) praticien(ne) Spécialisé(e) (IPS) bilingue - télésanté
5176,"Agent·e de ventes, Fleur de Lys"
5177,"Senior HR Business Partner - Engineering, Product, and Design"
5178,Inspector
5179,Senior Consulting Engineer - Australia
5180,Software Engineer Intern (Winter 2027)
5181,Sandbox and Platform Services Product Manager
5182,Contract Media Planner (Evergreen)
5183,Emerging Growth Account Manager - Vancouver Hybrid (Future Opportunities)
5184,Doula (South Carolina)
5185,Clip Picker and Video Reviewer for @JohnnyChangLive
5186,"Data, Technology and IP Attorney - Assistant Vice President / Vice President"
5187,Property Operations Maintenance Lead
5188,Vice President of Product
5189,Power Electronics Compliance Test Engineer
5190,"Mechanical / Mechatronics Test Engineer, Dropbox"
5191,Expansion Account Executive
5192,Future Opportunities: Channel Sales Experience
5193,Senior Data Engineer (Databricks Migration)
5194,"Manufacturing Engineering Technician, Automation"
5195,Customer Success Program Manager - Scale Team
5196,Territory Account Executive
5197,Sr. Manager - Client Implementation
5198,AI Process Analyst
5199,Enterprise SDR
5200,Lifecycle Marketing Manager - (1-Year Contract)
5201,Werkstudent (m/w/d) Retail Letting
5202,Technical Account Manager Architect - India
5203,"Senior Director, AI Solutions"
5204,Implementation Engineer
5205,Hematologist Oncologist - The Center for Cancer and Blood Disorders
5206,Staff Applied AI Engineer
5207,"Senior Fullstack Engineer, HomeWeb"
5208,"Pre-Sales Consultant, Financial Services"
5209,Tech Lead Manager (Machine Learning)
5210,Senior Creative Copywriter (m/f/div)
5211,Inside Sales / Verkoopsadviseur NL (B2C)
5212,"Staff Engineer, Frontend"
5213,"Account Executive, hunter"
5214,UX Designer - Developer Experience (DevEx)
5215,"Senior BI Analyst (Supply Analytics, Bangkok-based)"
5216,Senior SecOps Specialist
5217,音響技術開発エンジニア
5218,Solution Architect
5219,Field Sales Representative (based in Pescara or Bergamo)
5220,Principal Product Application Engineer
5221,Senior Commercial Counsel (CST/EST)
5222,Platform Product Owner
5223,Education Marketing Specialist - Indonesia (6-month contract)
5224,Python Developer
5225,Director of Operational Accounting
5226,"Senior iOS Engineer, Connectivity"
5227,"Supervisor, Mechanical"
5228,"Director, Inventory Allocation and Control"
5229,Administrative Assistant II
5230,Senior Legal Counsel (Employment)
5231,Dynamics Engineer
5232,Senior GNC Engineer
5233,Senior Mechanical Design Specialist
5234,Elementary Soccer Coach
5235,Quality Engineer Nonwoven -1445
5236,"Tennis Instructor and Site Director, Northwest Washington"
5237,Nurse Practitioner - Sparks NV
5238,"Executive Vice President, Evidence"
5239,Branch Manager - Vijayawada - PSD
5240,Maintenance Electrician (Day shift)
5241,Jr Executive / Executive - IT Application Support
5242,Senior Channel & Business Development Manager - X-PHY® (AMER & LATAM)
5243,Directeur médical adjoint-oncologie/ Associate Medical Director-Oncology (CAN)
5244,Jr CS Account Manager (German Speaker)
5245,Insurance Risk Subject Matter Expert | AI Evaluation Specialist (On-Call)
5246,Senior Penetration Tester - CHECK Team Leader
5247,"IT/OT Support Specialist (Onsite, Târgu Mureș, Romanian/English, Field Service)"
5248,Electrical Design Engineer (Falcon & Dragon Avionics)
5249,(Senior) Distributed Systems Engineer - m/f/d
5250,Site Reliability Engineer (SRE/ DevOps) - Engineering Productivity
5251,资深Java 开发专家（KYC/AML，合规平台 ）
5252,"Strategic Sourcing Manager, Data Center Infrastructure, Mechanical"
5253,Night Operations Representative - West Center
5254,"Vice President, Production"
5255,Head of CRM & Lifecycle Marketing
5256,"Lead Software Engineer, Application Software (Finance)"
5257,"Builder - Senior Software Engineer, AI"
5258,"Product Manager, Enterprise Agent Platform"
5259,Manufacturing Design Engineer
5260,Retail Sales Consultant
5261,Systems Engineer - Windows
5262,Junior Trading Systems Engineer
5263,Electronic Trading Support Engineer
5264,"Campaign Manager, Brand"
5265,"Senior Structural Engineer, Concrete"
5266,"Staff Software Engineer, Claude Code"
5267,Case Resolution Engineer
5268,"Senior Forward Deployed Engineer, AI Agents"
5269,Business Intelligence Analytics Projects Senior Analyst
5270,"Director, Partnerships - Banks & Credit Unions"
5271,"Supervisor, Structures Technician - Second Shift"
5272,"Global Supply Manager, Custom Silicon and Semiconductor (Starlink)"
5273,Part-Time Nurse (RN) - Flexible Schedule
5274,Marketing Data Scientist
5275,Direct Support Professional (DSP)
5276,"Senior Manager, HR Operations"
5277,"Enterprise Sales VP, Labor and Trust"
5278,Database Engineer (Top Secret/SCI with Full Scope Poly to start Clearance Required)
5279,"Director, Network Partnerships & Contracting"
5280,Traveling Apprentice / Early Career – Electrical & Mechanical
5281,"Traveling Machinists (CNC, Manual & Precision Fabrication)"
5282,Senior Technician
5283,Paid Ads/Programmatic Specialist
5284,Satellite Operator
5285,LPN
5286,"Director, Field Medical/Medical Science Liaison -Mountain"
5287,GRC Manager
5288,Senior Project Manager- Gas Linear Transmission Pipeline
5289,Sales Enablement Lead
5290,Founding Analytics Engineer
5291,Recruiting Coordinator (Contract)
5292,Launcher Propulsion Engineer
5293,Sales Representative - Grocery (East)
5294,Delivery Driver (Full Time)
5295,CFD Engineer
5296,"Director, Technology Development Research"
5297,Sales Representative - Centerpoint Mall
5298,"Consultant, Contracts"
5299,Propulsion Engineering Internship - Spring 2027
5300,"Senior Director, Security Governance"
5301,Senior Technical Project Manager - Martech
5302,Digital Campaign Specialist
5303,Senior QA Engineer (automation) Contractor
5304,Sales Strategy and Operations Manager
5305,Channel Operations Manager
5306,Full-Stack AI Engineer
5307,"Human Resource Business Partner, Corporate"
5308,Gerente Financeiro
5309,Satellite Policy Manager (Starlink Mobile)
5310,Technician
5311,"Event Operations and Technology, CVENT - Assistant Vice President"
5312,Teamlead AI Engineering - NeuraGym (Mensch)
5313,DD Route Driver
5314,BCBA - Board Certified Behavior Analyst - Northeast
5315,"Senior Mechanisms Technician, First Shift"
5316,"Supervisor, Machine Shop, Second Shift"
5317,"Staff Stage Development Engineer, Vehicle Systems and Test"
5318,Senior People Business Partner
5319,Senior Safety Coordinator
5320,Senior General Ledger Accountant (w/m/d)
5321,Talent Acquisition Strategist
5322,"Senior Software Engineer, AI Tooling (Information Security)"
5323,Director - M&A Tax
5324,Forward Deployed Builder
5325,"Senior Manager, Data, UK"
5326,"资深Java开发/专家 (Fraud Risk, 反欺诈）"
5327,"Product Director, VIP Products"
5328,"Administration Expert, Global Strategic & Digitalization COE"
5329,"Staff Engineer, Security Platform Development"
5330,"Senior Staff Software Engineer, Mobile Infrastructure"
5331,"Principal Engineer, Agent Infrastructure & Memory Architecture"
5332,"Engineering Director, Frontend"
5333,"Senior/Staff Data Engineer, Analytics and Reporting"
5334,"Affiliate Business Development Manager, Northeast Asia"
5335,"Principal Product Manager, Affiliate & KOL - Onshore Markets"
5336,Staff QA Engineer - Workload Management
5337,People Operations Partner
5338,"Software Engineer II, Frontend - Growth"
5339,Cybersecurity Engineer
5340,Manufacturing Engineer
5341,Senior/Staff Industrial Engineer
5342,"Key Account Manager, Japan"
5343,Windows Engineer | Mid-Senior | C#/.NET | Apps
5344,Director of Quality Assurance Engineering
5345,Registered Nurse (RN) - Case Manager
5346,"Senior News Editor, Lifestyle & Celebrity"
5347,"Client Success Partner, AMER"
5348,"Gatekeeper, Costa Navarino (2026)"
5349,Embedded Software/Driver Development Engineer
5350,Digital Analytics Consultant - Geneva (H/F)
5351,ERP Solutions Architect /Consultant
5352,Senior Data Consultant (H/F)
5353,Modern Trade
5354,Senior Digital Analytics Consultant (H/F) Paris
5355,Senior Digital Analytics Consultant H/F (Geneva)
5356,Back-End Engineer (Talent pool)
5357,Engagement Manager
5358,Chemical Process Engineer
5359,Server (Part Time)
5360,Développeur(euse) logiciel / Software Developer - Clearance
5361,B2B Sales Representative (Clients Closer)
5362,Room Service Attendant - Domes Miramare Corfu
5363,Build Development Technician (Engineering Test Technician)
5364,RF Systems Engineer I - Operations
5365,"Senior Software Engineer, C++ (Market Data)"
5366,"Georgia-Licensed Child & Adolescent Therapist (Virtual, School-Based, Part-Time)"
5367,"Florida-Licensed Child & Adolescent Therapist (Virtual, School-Based, Part-Time)"
5368,"Colorado-Licensed Child & Adolescent Therapist (Virtual, School-Based, Part-Time)"
5369,"Manager, Solutions Consulting (Tokyo, Japan)"
5370,Play-Based Therapist
5371,Solutions Consultant VP
5372,Staff Applied Scientist
5373,Director of Communications
5374,Revenue Operations Analyst
5375,"International Enablement Partner, GTM"
5376,Nurse Practitioners and Physicians: Payer-Sponsored In-Home Assessments
5377,"Tech Lead, Detection & Response"
5378,Engenheiro de Operações/ Presencial - Macaé/RJ
5379,Head of Legal
5380,Lead Software Engineer - Dexterous Manipulation
5381,"Starlink Enterprise Sales Director, SLED"
5382,Studio Technician
5383,Enterprise Security Engineer
5384,Sr. Project Manager
5385,Consultor Especialista em Projetos II - Híbrido/Rio de Janeiro
5386,Generative AI Associate
5387,Senior Tax Manager
5388,Sr. Programmatic Operations Specialist
5389,Senior Corporate Counsel
5390,Business Development Representative (BDR)
5391,Vulnerability Management Engineer
5392,"Systems Engineer, Data Intelligence & Analytics Team"
5393,Customer Experience Manager
5394,"Senior Systems Engineer, Cloudflare Tunnel"
5395,"Software Engineer, Workers Deploy & Config"
5396,"Senior Majors Account Executive - San Francisco, Bay Area"
5397,"Principal Finance Partner, Revenue & Strategic Modeling"
5398,Forward Deployed Engineer (FDE)
5399,Senior Territory Account Executive- OH
5400,"Associate Director / Director, Customer Program Management, Life Sciences"
5401,BCBA
5402,Machine Learning Scientist
5403,IT Help Desk Technician
5404,Interaction/UX Designer
5405,Senior .NET Developer (Johor Bahru)
5406,Program and Project Manager
5407,Business Analyst (New Office in Johor Bahru)
5408,General Application
5409,Project Manager (PM)
5410,"Revenue Operations Director, APAC"
5411,"Senior Engineer, Website & GTM Systems"
5412,Senior Account Executive - Belgium
5413,"Software Engineer, Systems Architecture"
5414,Certified Nursing Assistant/ Certified Home Health Aide - Early morning
5415,Head of Detection and Response
5416,"Research Associate, R&D Operations"
5417,"Senior Product Design Manager, Enterprise"
5418,"Sales Engineer, Dubai"
5419,Research Scientist (London)
5420,"Senior Security Engineer, Platform Security"
5421,"Customer Success Engineer, VIP"
5422,Front Door Waste Technician
5423,Monetization Operations Analyst
5424,"Account Executive, Product - Link"
5425,"Product Manager, E-Invoicing"
5426,Head of Platforms Solutions Architecture
5427,"Product Lead, Support Experience"
5428,"Engineering Manager, Payments"
5429,"Engineering Manager, Terminal"
5430,"Senior Designer, Brand Advertising"
5431,"Software Engineer, Money Movement"
5432,"Operations Associate, Financial Crimes EDD/PEP"
5433,"Software Engineer, Payments and Risk"
5434,"Full Stack Engineer, Billing"
5435,"Commercial Account Executive, Canada"
5436,Physician Assistant
5437,Software Engineer - Pokemon GO Platform
5438,Sr Fullstack Engineer
5439,Danish Translation & Localization Specialist
5440,Sales Account Executive - MENA
5441,Telehealth Physician Assistant - Eating Disorders (Georgia)
5442,Accounting Product Specialist
5443,"Lead Engineer, GSE and Production Tooling"
5444,Senior Direct Response Copywriter
5445,Senior Product Designer (UI)
5446,"Senior Software Engineer, Workforce Payments"
5447,Senior Design Engineer
5448,Data Scientist
5449,Master or Journeyman Plumber
5450,Solutions Engineer EMEA
5451,Enterprise Account Executive - West Coast
5452,Fall 2026 / Winter 2027 R&D Engineering Intern – Hydrogen Systems
5453,Technical Studentship - Applied Physics 2027-1
5454,Cloud Platform Engineer*
5455,Technical Studentship - General / Civil Engineering 2027-1
5456,"Senior Business IT Engineer, Atlassian Cloud"
5457,Laser Architect
5458,Construction Project Manager
5459,Contract Manager IT H/F
5460,"Product Manager, Your Private Chef"
5461,Associate (Private Client)
5462,Physiotherapeut (m/w/d) für die Geriatrie in geringfügiger Beschäftigung für das Wochenende
5463,Applications Engineer
5464,Senior Product Engineer - Supply Team
5465,"Director – Product Management, Commerce Exchange"
5466,Senior Software Engineer I
5467,"Regional Sales Manager, DACH"
5468,Sr. Counsel - Regulatory
5469,"VP, Partnerships & Alliances"
5470,"Intern, QA Engineering"
5471,[遠端] Customer Service Specialist 客服專員(三線客服)
5472,パートナーアカウントマネージャー
5473,Quant Trader - Asia
5474,Presales Engineer/ Solution Engineer – South (Bangalore or Chennai)
5475,"Principal Solution Architect, Professional Services - Finance"
5476,"Senior Specialist, Implementation Engineering"
5477,"North Carolina-Licensed Child & Adolescent Therapist (Virtual, School-Based, Part-Time)"
5478,Lead Revenue Operations Specialist
5479,"Staff Software Engineer, Android"
5480,Assistant Officer - Warehouse - Panoli
5481,Staff Electrical Engineer - Testing
5482,Lider Sprzedaży
5483,AP - Quality Assurance Manager (Medical Devices)
5484,Communications and Digital Marketing Advisor
5485,Partnership BD Manager - KSA
5486,Travel Agent German Speaking
5487,"Country Representative, Côte d’Ivoire"
5488,"Senior Account Executive, Warsaw"
5489,Implementation Consultant | REMOTE (Ontario)
5490,Android Software Engineer - Applications
5491,Professional University Intern– Communications & Graphic Design
5492,Vehicle Test Software Team Lead
5493,"Emergency Veterinary Assistant (Relief) - San Diego, CA"
5494,"Manager, Customer Support"
5495,Logistics Sales Executive - Nights - Fort Worth
5496,Product Manager - Data
5497,Senior Design Manager (Infrastructure)
5498,Cloud Professional Services Manager
5499,Engineering Manager - Linux Hardware Enablement
5500,Software Engineering Manager - Container and Virtualisation Infrastructure
5501,"Engineering Manager - Public Cloud, Python, Golang"
5502,Cloud Engineering Manager
5503,Revenue Accountant
5504,Technical Manager - Automotive and Industrial
5505,"C, Golang Software Engineer working on dqlite, a Raft extension for SQLite"
5506,Sales Operations Analyst
5507,Teacher Qualified Lead Toddler Teacher
5508,"Insurance Agent - San Bernardino, CA"
5509,Lead Database Engineer and Administrator
5510,Pessoa Arquiteta Corporativa Ciclo de Desenvolvimento e Qualidade | Enterprise Architect
5511,Data Engineer Manager
5512,"Enterprise Account Executive, EMEA"
5513,"Bilingual Field Quality Engineer (Fontana, CA)"
5514,HW System/SoC Architect
5515,"Sr. Tax Associate, R&D"
5516,Enterprise Account Executive (Colorado)
5517,Psychiatric Nurse (LPN/RN) - FLOAT
5518,"Senior Director, Growth Marketing"
5519,Medical Director Orthopedic Surgery
5520,Product Manager II - Cloud Infrastructure
5521,SMB Account Executive - Canada
5522,"Enterprise Account Executive, Australia"
5523,Program Employee
5524,School Assistant
5525,"Executive Director Quality Assurance, External Manufacturing"
5526,"Account Executive, Professional Services"
5527,"Supervisor, Porter"
5528,Robotic Hardware Engineer - Defense
5529,"Senior Analyst, Quality Control"
5530,Technical Recruiter (McGregor)
5531,Delivery Systems Specialist - Driver
5532,Mechanical Design Engineer - Core Mechanical Design
5533,Staff Cost Accountant
5534,"Staff Software Engineer, Perception"
5535,Part-Time Pediatric Certified Nursing Assistant
5536,Process & Mechanical Engineering Team Lead
5537,Audit Manager
5538,Environmental Health & Safety (EHS) Technician - contract to hire
5539,Staff Software Engineer-dbt core
5540,Senior Data Scientist (Gen AI)
5541,"Sales Manager, Retail & Broker Management"
5542,"Staff Product Manager, Enterprise Buyer Experience"
5543,(Senior) Custody Operations Manager (f/m/d)
5544,"Account Executive, Majors"
5545,Senior Staff Platform Engineer
5546,Trader
5547,"Senior/Staff Software Engineer, Search & Retrieval Infrastructure"
5548,"Armenian, Albanian, Hebrew, Romanian, Russian and Turkish Language Linguists"
5549,Full-Stack Software Engineer (F/M/D)
5550,"Director, Accounting"
5551,Product Marketing Manager (Hybrid)
5552,Experienced Aesthetic Nurse Practitioner/Physician Assistant/Registered Nurse - Northern California
5553,Ausbildung zur Fachkraft für Lebensmitteltechnik 2027 (m/w/d)
5554,UK & Europe Account Executive
5555,Commercial(e) sédentaire (x/f/m)
5556,"Principal Scientist, CMC Analytical"
5557,Senior SEO Manager
5558,Business Operations
5559,"QA/QC, Quality Assurance/Quality Control Manager – Nussir Mineral Processing Plant"
5560,Senior Product Manager (IT/Cyber Risk)
5561,Social Media & Content Manager
5562,CDI - Responsable Régional (Ouest) F/H
5563,Associate Customer Success Manager - Benelux Market
5564,Customer Training Manager (m/f/d)
5565,Supervisor Technical Program Manager (IST)
5566,Account Executive - Ontario
5567,Engineering Manager-Salesforce
5568,Territory Sales Lead (Ejecutivo de Ventas Regional) - Guanajuato (Hybrid/Remote)
5569,Sr. Human Resources Investigator
5570,Mechanical Engineer (PE) - Paducah
5571,Network Infrastructure Engineer
5572,Scheduler
5573,Radiological Protection Engineer
5574,Mechanical Design Engineer (Falcon)
5575,Structural Analyst (Raptor Combustion Devices)
5576,AI Solutions Architect
5577,Lead Fleet Operations Software Engineer
5578,Compliance Manager
5579,Children's Karate Instructor
5580,"Field Nurse Practitioner - Coeur D'Alene, Idaho"
5581,HR & Payroll Software Consultant | SCAN HRMS
5582,Change & Release Coordinator
5583,1520 - Network Engineer I - III
5584,Project Cost Senior Accountant
5585,MSP Trainer
5586,Financial Controller (Part-Time) - (17-1117)
5587,"Account Executive, Medical Communications"
5588,Quantity Surveyor
5589,"Engineering Manager, Data Systems"
5590,Data Scientist - Staff or Senior (Australia)
5591,"Solutions Engineer, Commercial Sales"
5592,Developer Relations Engineer
5593,Senior Network Administrator
5594,"AI Engineer, Physical Systems and Sensing"
5595,Effector Guidance Software Engineer
5596,Senior RF Geolocation Engineer
5597,Senior Software Engineer (DCIE)
5598,Opportunistic Applications
5599,General Manager
5600,"Business Development Representative, Government"
5601,Women's Psychiatric Mental Health Nurse Practitioner - Texas
5602,"Veterinary Sonographer - Seattle, WA"
5603,Lead Machine Learning Engineer - ML Infrastructure
5604,Senior Legal Analyst & Litigation Project Manager
5605,Tech Lead Applied Scientist
5606,Home Care Coordinator Supervisor
5607,Animal Care Technician
5608,Traveling Emergency Veterinarian - West Region
5609,"Senior Product Manager, Hardware Platform"
5610,"Technical Solutions Engineer - Cloud, Hyperscalers and AI networks"
5611,PL/SQL Developer
5612,Senior Director Product & Technology Finance
5613,Scala Backend Software Engineer - Vice President
5614,"Client Relationship Manager, Structured Investments - Issuer Coverage - Vice President"
5615,"Corporate Finance, FP&A - Associate"
5616,"Investment Strategy, Private Markets - Vice President"
5617,Value Engineer
5618,Enterprise Solutions Engineer - East Coast
5619,Licensed Clinical Therapist
5620,"Bilingual Strategic Cuisines Account Executive (Spanish) - South Austin, TX"
5621,"Sr. Data Analyst, Finance"
5622,Senior Instructional Designer
5623,"Technical Senior Manager, Fund Tax"
5624,Senior Contracts Lawyer
5625,"Machine Learning Engineer, Search Quality"
5626,Enterprise Account Manager - NYC
5627,Test Engineer II-Senior
5628,Principal Security Researcher - EDR (Windows)
5629,Machine Maintenance Supervisor (Starlink) - Multiple Shifts
5630,Senior Design Engineer - Water/Wastewater Treatment
5631,"Product Manager, SaaS (F/M/D)"
5632,Commercial Growth Specialist
5633,Supervisor Kitchen (all genders)
5634,Software Test Engineer - Neuraverse (human)
5635,Project Manager (eFront)
5636,"Vice President, New Business (Health)"
5637,"Emergency Credentialed Veterinary Technician - (Overnights) - Fort Lauderdale, FL"
5638,Process Technician (Night Shift)
5639,Field Service Engineer/ Servisní technik ROB CZ
5640,Senior Multimedia Firmware Engineer
5641,"Senior Staff Product Designer, Care Delivery"
5642,Staff Data Analyst (Pricing)
5643,"Sr Manager, Media Strategy, B2B"
5644,ERP (Enterprise Resource Planning) Software Test Engineer
5645,Biology Expert - AI Trainer (Mexico)
5646,Account Executive (Life Science/Pharma)
5647,Biology Expert - AI Trainer (Czechia)
5648,Biology Expert - AI Trainer (Chile)
5649,"Emergency Veterinarian - Ann Arbor, MI"
5650,"Business Development Manager, Special Operations"
5651,"Senior Product Manager, UX Foundations"
5652,Staff Windows Low Level C++ Engineer - Endpoint security
5653,Distinguished Architect
5654,Senior Sales Operations Analyst
5655,Future Opportunity: Enterprise Sales Representative
5656,Logistics Manager H/F
5657,Sales Development Representative- DACH (m-w-d)
5658,"Senior Manager, Pricing Strategy"
5659,"Customer Success Manager (Remote, Portugal)"
5660,Talent Acquisition - Internship
5661,Sales Manager - Portuguese Market
5662,"Principal, Global Sourcing 資深跨境採購經理"
5663,"Territory Manager, Argentina"
5664,AI Solutions Sales Consultant - Malaysia
5665,"Scientist, Biophysical Characterization (SPR/BLI)"
5666,Operations Support - Remediation and Feedback
5667,Account Executive - Berlin
5668,"Staff Software Engineer, Public Sector"
5669,"DevOps Engineer, Infrastructure & Security"
5670,Senior Software Engineer - Agentic Tooling & Productivity
5671,Telehealth Nurse Practitioner or Physician Assistant (Remote) - Pennsylvania License
5672,Senior QA Automation Engineer
5673,Head of Global Strategic Sourcing
5674,"Maintenance Manager, Austin"
5675,Staff Software Engineer – Marketplace Growth
5676,Sales Associate (Full-Time) - Westfield Topanga
5677,Sales Associate (FTC) - Brompton Road
5678,Operations Lead - Broadway Plaza
5679,Sales Associate (Part-Time) - Westbourne Grove
5680,"Senior Analytics Engineer, Product"
5681,"Business Manager, Technology"
5682,Point72 Academy 2026-2027 Investment Analyst Program for Experienced Professionals - US
5683,Cubist Quantitative Researcher
5684,Quantitative Developer
5685,Identity & Privileged Governance Analyst
5686,Strategic Implementation Program Associate
5687,"Physical Therapist (Nebraska, Hybrid)"
5688,Machine Tool Maintenance Specialist
5689,Back Office Assistant Manager
5690,Maintenance Mechanics -1468
5691,Senior Manager - PlayPath Development Programs
5692,Executive Administrator
5693,Mitigation Technician
5694,Second Shift Operations Manager
5695,Consultor Comercial de Gestión de TI | Querétaro
5696,"Manager, Government and Regulatory Affairs - SPP and ERCOT"
5697,"(2161) Ingeniero de Integración de Equipos Mecánicos, Eléctricos y Neumáticos"
5698,Project / Product Support Officer
5699,Senior Paid Media Buyer
5700,Summer 2027 Business Operations Internship/Co-op
5701,Lead Software Engineer - Platform
5702,"Staff+ Software Engineer, Databases"
5703,"Director, Investor Relations"
5704,"Technical Program Manager, Research"
5705,"People Research Scientist, Recruiting"
5706,"Growth Account Executive, AI Native"
5707,"Enterprise Enablement Partner, EMEA"
5708,HRIS Manager (Workday)
5709,Electrical-Mechanical Maintenance Technician - 3rd shift - 11pm-7:30am
5710,Stagehand Crew Chief - Mountain Winery
5711,Interested in future opportunities?
5712,"Emergency Credentialed Veterinary Technician - San Diego, CA"
5713,Field Brand Ambassador
5714,Staff Data Integrations Engineer - Connex Integration
5715,"Strategic Sales Director, EMEA"
5716,"Sales Development Representative EMEA, London"
5717,"Senior Software Engineer, Backend (Bucharest)"
5718,"Sr Mechanical Engineer [South Bay, CA]"
5719,Business Operations Specialist (Risk & Fraud)
5720,Senior Risk Analyst
5721,Staff Embedded Client Platform Engineer
5722,"Principal Software Engineer, Financial Data Platform & GenSearch Agent"
5723,Join AlphaSense Helsinki Talent Community!
5724,"Staff Software Engineer, QE"
5725,Residential Rehabilitation Educator $20 #288
5726,"Residential Rehab Educator, $20.00"
5727,"Associate Director, Integrated Marketing Analytics"
5728,"Senior Manager, CRM Marketing, Europe"
5729,Accounting Director - Mexico
5730,Technical Support Analyst
5731,Director of Product
5732,Financial Advisor (Hybrid)
5733,Compliance Examiner - Broker Dealer
5734,Lead Hardware Systems Engineer
5735,Senior Azure Cloud Engineer
5736,"Compliance Operations Specialist, JP"
5737,"Oracle Fusion Techno-Functional Developer- Remote, US"
5738,Startup Partnerships
5739,"Engagement Manager, Market Access Consulting"
5740,Senior Clinical Research Associate/ Clinical Research Associate II
5741,Clinical Research Associate II
5742,Fabricator - Metal
5743,Senior Software Engineer - Customer Interfaces
5744,eRetail Engineering Manager / AI-Driven Delivery
5745,2027 Summer Client Service Internship
5746,Senior Mid-Market Sales Manager | Housing
5747,Entry-Level Software Engineer
5748,Analista de Marketing de Produto Pleno
5749,Specialist Account Executive (LPR)
5750,Physician - Full-Spectrum Primary Care - Los Angeles - Talent Community
5751,Software Engineer (Full-Stack)
5752,Revenue Operations Manager
5753,Production Supervisor - Assembly & SMT (Starlink)
5754,iOS Developer
5755,Staff Front End Engineer
5756,"ML Systems Engineer, ML Acceleration"
5757,"Senior Engineer, ML Data Services"
5758,"Director, Product Marketing"
5759,Uitvoerder Wegenbouw (Regio Noord-Holland)
5760,"Senior Manager, Platform Security"
5761,Business Applications Administrator
5762,NEW GRAD Registered Nurse (RN) - Part-Time Days
5763,Assistant Influencer Strategist
5764,Senior Operations Manager
5765,Senior Backend Engineer(Mobile Platform)
5766,Senior Software Engineer - Data Engine
5767,Offensive Security Engineer
5768,Strategic Project Manager - Growth
5769,Ice Cream Server - Millburn
5770,Senior CFD Engineer - Plasma Specialist
5771,Software Development Engineer III
5772,Montagefacharbeiter (Human)
5773,AI-first Creative Lead
5774,Senior DevOps Engineer for PACCA program (m/f/d)
5775,Lead Engineer - Relocate to New Zealand
5776,Contract Manager - 12 month FTC
5777,Temp Process & Filling Operator - 1st Shift
5778,Security Manager
5779,Driller's Assistant
5780,MS Dynamics Developer
5781,System Integration & Workflow Specialist
5782,Information Management Analyst
5783,QA Engineer / Test Specialist
5784,Traveling Installer
5785,Principal Low-Level Graphics Programmer
5786,Cleaning Operative
5787,Senior Embedded Software Engineer (Home Networking)
5788,People Generalist - 12-month Fixed-Term Contract (Maternity Cover)
5789,"Security Engineer, Application Security"
5790,"Lead, Data Operations Global Expansion"
5791,"Helix AI Engineer, Perception"
5792,"Material Planning Manager, Electronics"
5793,Sales Engineer (Enterprise)
5794,Firmware Engineer Tech Lead
5795,Software Engineer - Kubernetes & Go
5796,Engineer Technician Training (Hourly)
5797,Accountant - Singapore Clients - Remote
5798,VP of Finance
5799,"Senior Staff Machine Learning Engineer, Menu Personalisation (m,f,x)"
5800,"Associate Director, Sales"
5801,Mainframe tester
5802,Founding Product Engineer
5803,"Sound Operators (Part-time), Live Events"
5804,"Part Time Virtual Family Practice Nurse Practitioner - Temporary (CA Licensed) | Up to $5,000 Bonus"
5805,AI Resident
5806,Senior Accounting Operations Analyst
5807,"Senior Director, Strategic Solutions, Navy and Maritime Industrial Base"
5808,Head of Physics
5809,UX UI Designer
5810,"Staff Manufacturing Engineer, Production Systems"
5811,Gerente de Negócios Veículos | Belo Horizonte - Minas Gerais
5812,Carbon Partner Sênior | Assessoria de Investimentos Local | Brasília
5813,Gerente de Relacionamento | C6 Empresas - Pessoa Jurídica | Florianópolis - Santa Catarina
5814,Gerente de Negócios Veículos | Ribeirão Preto - São Paulo
5815,Fully Licensed Therapist- Remote (Tennessee)
5816,General Resume Submittal
5817,Lead Harnessing Technician
5818,Group Leader (Municipal Roadway)
5819,Mechanical Engineer - Data Center
5820,Licensed Traffic Engineer – Data Center
5821,Mechanical Design Technical Manager - Industrial
5822,Construction Materials Testing (CMT) Field Manager
5823,Professional Land Surveyor (PLS)
5824,Associate Engineer – Substation and Power Generation
5825,Mechanical Designer - Industrial
5826,"Représentant·e ventes porte-à-porte, Montréal"
5827,"Représentant·e marketing de quartier, Montréal"
5828,"Mental Health Therapist (Part-Time, W-2)"
5829,Sr. Strategic Finance Manager (Remote)
5830,"Regional Learning Manager, Learning Operations"
5831,"Principal Physical Design Engineer, Methodology"
5832,"Hardware Engineering Operations / Manufacturing, AVP"
5833,Senior Emulation Engineer
5834,Senior/ Staff Package Design Engineer
5835,VP of Sales
5836,"Manager, Energy Market Development"
5837,"Licensed Veterinary Technician, Emergency & Critical Care"
5838,"Principal Product Manager, Communications Platform"
5839,"Software Engineer II, Developer Platform"
5840,"Senior Engineering Manager, Distribution Platform"
5841,Field Operations Lead - Arabian Gulf
5842,General Counsel
5843,"Structural Analysis Engineer II, Solid Missile Systems"
5844,"Sr. Software Engineer II, Exchange Connectivity (C++)"
5845,"Senior Legal Counsel, Labour and Employment Law"
5846,Frontend Platform Engineer
5847,Embedded Software Architect – Edge AI MCU
5848,Head of Product Management & Marketing
5849,Enterprise Sales Leader West Coast
5850,Network Engineer - Core Infrastructure
5851,Media Analyst
5852,"Staff Software Engineer, Developer Platform (Auth0)"
5853,Staff Engineer - Fullstack
5854,"Production Associate - Day Shift - Days Off: Wednesday, Thursday, & Friday"
5855,Account Solutions Architect - Greenfield
5856,Manufacturing Controls Engineer
5857,Market Manager - Vacation Rental
5858,"Embedded Controls Engineer, Spacecraft"
5859,"Staff, Technical Program Manager(CoupangEats Engineering)"
5860,Staff Data Scientist - Search and Discovery
5861,"Director, Global Payroll and Equity Administration"
5862,"Director, Selection Operational Excellence"
5863,Instock Management Specialist - Andon focus
5864,Senior HRM Manager (Taoyuan)
5865,"Principal, Program Management"
5866,Software Development Manager
5867,"Manager, Seller Service (Training Manager)"
5868,"Senior Accountant–General Ledger & Taxation, reporting"
5869,Senior Product Designer (m/f/d)
5870,Senior Microsoft 365 Specialist
5871,Devops Engineer
5872,Growth Marketing Manger
5873,Hardware and Environments Test Engineer (III-Senior)
5874,Mission Data Engineer (Top Secret with agreement to obtain CI Poly)
5875,Electrical Systems Engineer
5876,Commercial Data Analyst
5877,Physical Therapist (PT) - Outpatient
5878,Director of Accounting Operations
5879,Exercise Scientist
5880,PCB Supplier
5881,Junior Customer Support Representative (Bilingual English/Spanish) - LATAM
5882,Maitre d' Hotel (EllaElyra - S27)
5883,Head of Banking Product Portfolio (m/f/d)
5884,Staff Data Engineer / Tech Lead (Distribution Center)
5885,Strategic Regional Finance Manager
5886,Senior Mobile Engineer
5887,"Technical Program Manager, Thermal Systems"
5888,Registered NurseSenior Living Visits
5889,Senior Project Accountant
5890,Floor Lead (Retail) (Full-time)
5891,CCM Case Management RN
5892,"Director, Regulatory Compliance & Export Controls"
5893,General Manager in Residence
5894,Senior Enterprise Security Engineer
5895,"Territory Manager, SUD (WI, Milwaukee)"
5896,"Territory Manager, SUD (CA, Sacramento)"
5897,"Territory Manager (TX, South Houston / Galveston)"
5898,"Territory Manager (OH, Massillon)"
5899,"Territory Manager (TX, Greater McAllen)"
5900,Mental Health Group Facilitator - Master's Degree Required
5901,"Territory Manager (NY, Greater Buffalo)"
5902,"Territory Manager (Greater Detroit, MI)"
5903,Mental Health Group Facilitator - AZ
5904,"Territory Manager (MO, Columbia)"
5905,"Territory Manager (MT, Missoula)"
5906,Insurance Verification Specialist
5907,Mental Health Group Facilitator - MS
5908,"Territory Manager (FL, Ocala)"
5909,"Territory Manager (PA, York County)"
5910,Senior Power Electronics Design Engineer
5911,Global Trade Compliance Analyst
5912,Sales Engineer - Italian Speaking
5913,"State Enterprise Account Executive - VA, WV, NC"
5914,Associate Digital Designer
5915,Senior Highway / Roadway Engineer
5916,"Research Engineer, Large-Scale Training"
5917,Women's Health PA
5918,Fraud Strategy - Authentication
5919,Civil Engineer / Associate Engineer
5920,Staff Software Engineer - AI Platform
5921,Leadership Rotation Network Analyst
5922,Linux Engineer
5923,Machine Learning Research Engineer
5924,"Campus Recruiter, Technology"
5925,Events Specialist
5926,Compiler Engineer
5927,OxCaml Educator
5928,"Manager, SDR"
5929,Lead Software Integration & Test Engineer
5930,Lead Research Scientist - Machine Learning (Clearance Required)
5931,Dual-Site Community Manager
5932,Chief Architect - Optical Communication Terminals
5933,Staplerfahrer (m/w/d/x)
5934,Sr. Account Executive
5935,Team Lead Sales Development
5936,Lead Claims Auditor (QC)
5937,Projektleiter / Bauleiter (m/w/d) Ladenbau – Schwerpunkt Tankstellen
5938,B2B Marketing Manager (Japan)
5939,Regional Sales Manager - Northern Italy
5940,(Senior) Kotlin / Java Software Engineer - Clearing & Settlement (m/f/x)
5941,"Manager, Tech Partnerships (Bangkok, Relocation provided)"
5942,MITARBEITER TEILELAGER (M/W/D) FÜR BMW & MINI
5943,AI Operations Specialist
5944,VP of Design
5945,Consultant
5946,Package Reliability Engineer (f/m/d)
5947,"Principal, Copywriting"
5948,Senior IT Project Manager (Real Estate & Infrastructure Projects)
5949,"Talent Sourcer, Engineering (12 Month Contract)"
5950,Global VP of Brand Partnerships & Enterprise Sales
5951,Consultant - Forensic Accountant
5952,Senior Management Strategy Manager - Mercari
5953,Paint & Body SERP Engineer
5954,Application Support Engineer (GCP & Media Platforms)
5955,Trade Surveillance Specialist
5956,Business Analyst (Salesforce)
5957,Senior Structural Engineer
5958,Pre-Sales Technical Support Engineer | Telematics
5959,Sr. Technical Account Manager - Canada East
5960,Electrical QA - Semicondcutor
5961,Chefe de Equipa Oficina (M/F) - Alameda
5962,"Autonomy Engineer I, Arc Vehicle"
5963,Senior Harness Engineer
5964,Senior Lab Automation Engineer
5965,Research Scientist/Engineer - Agent Memory
5966,Senior Product Manager - Data & Quality
5967,Staff Data Engineer
5968,Medical Assistant (Pickens County)
5969,Landing Page SEO & AEO Strategist
5970,"Senior Product Program Manager, Roadmap Planning & Program Management"
5971,Senior Cloud Infrastructure Support Engineer
5972,Preschool Guide
5973,Technical Targeting Analyst - SME
5974,Enterprise Product Manager
5975,"Quantitative Researcher, Intern (Summer 2027)"
5976,"Software Engineer, Intern (Summer 2027)"
5977,Group Product Manager - Quantum Networking
5978,"Director, International Communications - Remote (Mexico)"
5979,"Senior Manager, Speciality / Ancillary Products"
5980,Platform Integrity Manager (Starlink)
5981,Business Operations Manager (Starlink Platform Integrity)
5982,"Hardware Engineer, PCB"
5983,Benefits Administrator
5984,Security Authorization Specialist
5985,"Sr. Software Engineer, DevOps (Starlink)"
5986,"Software Engineer, Enterprise Verticals"
5987,Senior Advisory Solutions Consultant - Broad Markets
5988,Test Manager
5989,Mechanical Engineer- Fleet Operations & Reliability
5990,AIT Technician - EGSE (Weekday Shift)
5991,Battery Cell Stack Engineer
5992,Senior Manager Internal Audit - Business Process
5993,Staff Mechanical Engineer
5994,Cyber Incident Response Analyst
5995,Unarmed Security Officer (Cartersville / Dalton / White)
5996,Unarmed Security Officer (Braselton / Suwanee)
5997,Master Level Automotive Mechanic
5998,Laboratory Manager
5999,Commercial & Technology Transactions Attorney (2–4 Years Experience) | Remote
6000,"Product Marketing Lead (Remote, US)"
6001,Senior Fraud Analyst – Fraud Investigations & Financial Crimes Monitoring
6002,Databricks Practice Lead
6003,Inbound Sales Representative (Remote/Central Time)
6004,Senior Modern Workplace Engineer
6005,Product Controller Senior Associate
6006,Responsable commercial export hors Europe F/H
6007,Test Development Engineer - Electronic Hardware
6008,Sourcing Manager - Memory and Storage
6009,Supply Chain Planning Manager - NPI
6010,Staff Manufacturing Test Engineer
6011,Supply Quality Engineer
6012,Director/Sr. Director Controlling
6013,Joint Business Agreement Manager Cargo
6014,Werkstudent Architektur/ Bauwesen/ Energiemanagement/ Elektrotechnik (m/w/d)
6015,CDI Responsable Excellence Opérationnelle site industriel de Lure F/H
6016,Treatment Specialist - Student/New Grad (Part-time)
6017,Experienced Aesthetic Nurse Practitioner/Physician Assistant/Registered Nurse (Part-time)
6018,Business Development| Project Management | Corporate Fitout | Bangalore
6019,"Enterprise Territory Account Executive, Southeast"
6020,GTM Partnerships Manager (Payments Business Operations)
6021,SAP MM Analyst
6022,Business Manager (Team Leader ) - Ngaliyan
6023,"Industrial Maintenance Mechanic, Manufacturing"
6024,Conseiller(ère) Clientèle - Banque
6025,Senior System Analyst
6026,Concrete Skilled Labor
6027,Client Service Specialist - Sydney
6028,"Full Stack Engineer (.Net, Vue/React - Backend heavy) - Hybrid"
6029,Sales Operation Analyst
6030,Marketing Creative Lead
6031,Responsabile Programmazione Produzione e Logistica
6032,"Operations Engineer, Applied AI (Application Software)"
6033,ML Research Intern
6034,Especialista de Sucesso do Cliente
6035,Coordenador de Operações
6036,Behavioral Health Care Manager - Pacific Time Zone
6037,"Talent Sourcer, GTM (6-month Contract)"
6038,Principal Enterprise Architect
6039,"AI Business Solutions Architect, People Technology"
6040,"Builder - Product Lead, Find"
6041,Associate (AI) Solution Consultant - Orbit Program
6042,Lead Packaging Designer (Part Time)
6043,Process Engineer
6044,"Senior Manager, Battery Engineering"
6045,Strategic Program Manager
6046,Assistant Store Manager
6047,Engineering Manager | Bankrate
6048,Mixer (2nd shift)
6049,"Construction Manager, Aviation Infrastructure"
6050,Account Executive (DACH)
6051,Associate Scientist I Denver
6052,Senior Deal Desk Specialist
6053,"Director, Financial Institutions Group"
6054,"Senior Applied Machine Learning Developer, Asset Intelligence"
6055,Executive Assistant - Growth
6056,Infirmier pour l'hôpital de jour médical (DAME) (H/F/X)
6057,Site Reliability Engineer - Frontend
6058,"Working Student, Legal (German-speaking)"
6059,"Senior Information Security Engineer, Offensive Security"
6060,Lead Compute Platform Engineer
6061,Senior Localization Team Lead | Remote
6062,Senior Manager - Restructuring Advisory
6063,"Senior Software Engineer, Backend Development (Playable Ads)"
6064,Data Engineer II
6065,Senior / Business Consultant (US)
6066,"Senior Growth Manager, Acquisition"
6067,"Staff Mechanical Engineer, Robot Head"
6068,2026 Internship - Marketing and Retail Intern
6069,Senior Loan Processor (AU Mortgage) - Mercury
6070,Relationship Manager (Corporate Banking Background)
6071,Staff Engineer - Mechanical
6072,Arabic LQA Tester
6073,Russian LQA tester
6074,"Project Manager, Terrestrial"
6075,NZ Senior Bookkeeper - Dayshift Remote
6076,Caregivers/HH Aides/Personal Assistant and CNAs for Scottsdale/Fountain Hill
6077,"ML Scientist, Nucleic Acid Design"
6078,Nuclear Operations Lead/Manager
6079,Marketing Development Representative
6080,"Staff, Hardware Electrical Engineer"
6081,LPN Care Coordinator (BHI)
6082,Clinical AI Manager
6083,Controls Technician
6084,FINANCIAL OPERATIONS ANALYST III
6085,"DEVELOPER MOBILE IOS/ANDROID (Pl, Sr & Spec) | Recife"
6086,Senior Director Technology – Web Technologies & AI (all genders)
6087,Principal Engineer - Perf and Benchmarking
6088,"Software Engineer, Kubernetes"
6089,Strategic Treasury Manager
6090,Hardware Engineer — All Levels (Junior to Senior)
6091,Payroll Manager
6092,"Project Scheduler, PM - T3G"
6093,Staff Solutions Engineer
6094,Cybersecurity Analysts and Specialists - Future Consideration
6095,Manager of Systems & Automation
6096,"1099 Patient Care Associate (Albany, NY)"
6097,Commercial Solutions Architect - Texas
6098,Program Manager — All Levels (Junior to Senior)
6099,Electrical Engineer — All Levels (Junior to Senior)
6100,"Staff Product Designer, Mobile focus"
6101,Chargé(e) de clientèle marché secondaire
6102,Senior Mechanisms Engineer - Separation System
6103,"Salesforce Developer - Service Cloud, Experience Cloud & AI (100% Remote within Spain)"
6104,Forward Deployed Architect
6105,Network Manager - II (Network and Computer Systems Administrators)
6106,Information Assurance Specialist - I (Information Security Analyst)
6107,Computer Systems Analyst OT - I1 (Computer Systems Analyst)
6108,CETS: Administrative Professional
6109,"Associate Director, Analytical Development and Quality Control"
6110,Project Civil Engineer - Project Manager
6111,Project Technology V
6112,Sr. Marketing Specialist
6113,"Commercial Solutions Consultant, New York"
6114,Senior Software Engineer (Managed PostgreSQL)
6115,"Director, Pricing"
6116,L2 IT technician (project tasks)
6117,Data Center Design Lead
6118,Stage de fin d'études en Intelligence Artificielle (H/F)
6119,People Experience Partner
6120,Customer Success Specialist
6121,Content Marketing Manager (German)
6122,Responsable SAV LOGEMENTS - F/H
6123,Functional Training Coordinator
6124,IT-Consultant SAP SCM mit Schwerpunkt SAP APO/PP/DS (m/w/d)
6125,CRNA (Spokane) Independent Practice
6126,Executive Assistant [L4~L5]
6127,[Taiwan/台湾] Refer Your Friend for Future Job Opportunities / 註冊人才網絡
6128,Technical Lead (Machine Learning)
6129,Senior Quality Assurance Representative
6130,Spécialiste TI - Infrastructures et exploitation
6131,Lead Coach & Growth Manager (Youth Sports)
6132,Operations Engineer - Facility Management (Saudi Arabia)
6133,Senior Lead Data Engineer - Databricks
6134,Υπάλληλος Διαλογής Αποστολών
6135,"Deputy Manager - Supported Living Services - Newham, London"
6136,Staff or Principal Applications Engineer
6137,Internal Deployed Engineer
6138,Electrical Engineer - Payload Systems
6139,Strategy & Operations Associate
6140,Business Operations Associate
6141,Professional Services Program Manager
6142,Primary Care Provider
6143,VCE Curriculum Content Builder - Unit 1 & 2 Applied Computing
6144,"Director of Sales, Strategic Accounts (Northeast)"
6145,Sr Mechanical Design Engineer II
6146,Staff/Principal Full Stack Software Engineer
6147,AI Engineer - Agentic AI & Automation
6148,Head of Customer Experience & Platform Integrity
6149,"Senior Manager, Stock Administration and Payroll"
6150,Summer 2027 Systems Engineering Intern
6151,Licensed Surveyor
6152,Equipment Maintenance Technician
6153,Travel Primary Care Physician
6154,LPN Collaborative Care Model (CoCM) Behavioral Health Care Manager
6155,Audiologist
6156,"Senior Finance Manager, FP&A"
6157,"Supervisor, Hardware Reliability"
6158,"Sr. Materials Engineer, AI Satellites (Starmind)"
6159,"Manager, Supply Chain - Datacenter Compute Infrastructure (Starlink)"
6160,Sr. Silicon Photonics Design Engineer (RFIC Engineering)
6161,Spaceport Integration Manager
6162,"Sr. Business Analyst, Workforce Planning (Starlink)"
6163,Propulsion Engineer (Raptor Components)
6164,"TIG Welder, Chamber and Nozzle (Raptor) - 2nd Shift"
6165,Starlink Production Technician - Machining
6166,PCB Technician (Starlink)
6167,Production Reliability Engineer (Starship Electronics)
6168,Tool & Die Specialist - Level 4/5 (2nd Shift)
6169,Structural Engineer (Critical Infrastructure)
6170,"Starlink Growth Lead, Midwest"
6171,"Lead Mechanical Engineer, Hardware Reliability (Starlink)"
6172,Sr. Gateway Site Development Engineer (Starlink)
6173,"Supervisor, NDE Operations (Starship) - Nights"
6174,Gateway Site Development Engineer (Starlink)
6175,Sr. Construction Engineer
6176,Sr. RF Software Engineer (Starshield)
6177,"Mission Integration Engineer, AI (Starshield) - Top Secret Clearance"
6178,Sr. Sensor Development Engineer (Starship)
6179,"Development Process Technician, Injection Molding (Starlink) - Level 4/5"
6180,CNC Machinist (Starship Components) - Level 4/5
6181,"Chemical Process Specialist, PCB (Starlink)"
6182,"Software Engineer, Engineering Simulation & Automation (Vehicle Engineering)"
6183,"Sourcing Manager, Capital Equipment & Construction (Starship)"
6184,"AI Engineer, Special Programs - Top Secret Clearance"
6185,"Sourcing Manager, Mechanical Commodities (Starlink)"
6186,Ground Network Specialist (Starshield)
6187,SPMT Critical Lift Technician (Starship)
6188,Integration Engineer (Super Heavy Booster)
6189,Water Treatment Engineer (Starlink)
6190,Commercial Sales Manager (Starlink Mobile)
6191,Government Affairs Manager (Tennessee)
6192,Sourcing Manager (Raptor)
6193,"Manager, ASIC Design Engineering (Starshield Silicon)"
6194,Test Stand Maintenance Technician
6195,Diamond Turning Machinist (Starshield) - Level 4/5
6196,"New Graduate Engineer, Propulsion (Raptor)"
6197,"Automation Engineer, Blades and Vanes Foundry"
6198,Data Infrastructure Operations Manager II (Starlink)
6199,Welding Inspector Specialist
6200,Sr. Electrical Superintendent (Construction)
6201,Mechanical Engineer (Facilities)
6202,"Spaceport Designer, Architect (Starbase Development)"
6203,"IT Systems Administrator, Launch"
6204,"Mission Integration Engineer, C3 - Top Secret Clearance"
6205,"Sr. Software Engineer, Starlink Network"
6206,"Manager, Production (Solar Cells)"
6207,Global Relocation Program Manager
6208,Geotechnical Field Technician
6209,Growth Lead
6210,Producteur sénior
6211,Integrated Producer
6212,Ingénieur.e staff de fiabilité des sites
6213,DFT (Design For Test) Lead (6251)
6214,Federal Customer Success Manager
6215,Engineering Tech Lead
6216,Robot Integration and Test Technician
6217,Artiste de niveau senior / Senior Level Artist
6218,Government Partnerships Communications Lead
6219,Healthcare Staffing Coordinator
6220,Senior Service Sales Manager (PS Business Development)
6221,Consultant - FP&A - Financial Planning & Analysis
6222,"Senior Solution Consultant (Supply Chain Planning), Pre-sales"
6223,Partner Ecosystem Manager
6224,"AI Silicon, Digital Design Engineer"
6225,AI Hardware Architecture
6226,"Studio Coach - Ann Arbor, MI"
6227,"Director, Capital Projects"
6228,Senior Product Manager – Marketplace (100% Remote within Poland)
6229,"Porter, Full-Time"
6230,"Store Associate, Houston"
6231,Lifecycle & Email Marketing Manager
6232,"Assistant Store Manager, Houston"
6233,Views Editor
6234,Junior Product Owner
6235,"Field Service Technician - Minneapolis, MN"
6236,Assistant Manager -Global AP & Financial Accounting
6237,"GTM Partnerships Manager, South Korea - CorpSec, Lawfirm, and Accounting"
6238,Unsolicited application
6239,"Senior Value Engineer, Consumer Packaged Goods (CPG)"
6240,Refer a Candidate to OpenFX
6241,Part-Time Retail Ambassador - Fashion Island
6242,"Analytics Manager, GOC"
6243,Branch Manager
6244,Home Health Registered Nurse Clinical Manager
6245,"Sales Engineer, Haas CNC"
6246,Senior Manager: Lifetime Value (LTV)
6247,Inside Sales & Marketing Specialist (Neuroscience)
6248,"Strategic Client Executive, Public Sector"
6249,Senior Flight Software Engineer
6250,"CRM & Lifecycle Lead, International"
6251,Selling Specialist - Sephora/Ulta: Dallas
6252,"Governance, Risk, Compliance & Trust Analyst"
6253,Engagement Manager - FedCiv
6254,Development Manager
6255,Lead Data Operations & Quality
6256,"Bilingual Strategic Cuisines Account Executive (Spanish) - Pomona, CA"
6257,"Strategy & Operations, Healthcare - Patient Operations"
6258,"Senior Engineering Manager, Software Supply Chain Security"
6259,Customer Account Manager - Strategic - West
6260,Senior Supplier Quality Engineer
6261,"Director Land Development (Single Family, Subdivision, Master Planned)"
6262,"Operations Engineer III, Mission Operations"
6263,Apple iOS Developer
6264,Systems Administrator Level 1
6265,Geospatial Analyst - Mid
6266,Data Scientist - Expert
6267,Construction Manager
6268,Barista | Glasgow
6269,Servicetechniker / Elektroniker für DGUV 3 + DGUV 4 Prüfungen (m/w/d)
6270,"Manager, Environmental Health & Safety"
6271,Solutions Engineer
6272,Head of Talent
6273,"Strategic Account Executive, DACH"
6274,"Senior Product Designer, Securities"
6275,Senior Software Engineer - OpenCRQ
6276,Vehicle Feature Owner – Systems Engineering & Requirements
6277,(Junior) Produktmanager (m/w/d) – Dein Einstieg in KI-Produktentwicklung Reise
6278,LVT Manager of Emergency and Critical Care (ECC)
6279,Project Engineer (Piping)
6280,"Pain Consultant (Remote, Ireland)"
6281,Founders Associate - AI & Product
6282,"Senior Manager, Security Compliance - Japan"
6283,Business Applications Manager
6284,"Oncology Regional Sales Manager, Upper Midwest"
6285,Staff Computational Biologist
6286,IAM Engineer
6287,Strategic Communications Specialist (E-Volunteer)
6288,Fire Alarm Service Technician
6289,Lead Delivery Manager - Agile
6290,Power BI / Microsoft Fabric Developer - Supply Chain & Manufacturing (SAP)
6291,Senior Parabroker (AU Mortgage - Remote)
6292,Aesthetic Injector - Nurse Practitioner
6293,Manager - External Programs & Policies
6294,Executive Administrative Assistant
6295,"Director, Customer Service"
6296,Senior Product Operations Manager
6297,Weekend Program - Registered Nurse (RN)
6298,Ice Cream Server - UTC La Jolla
6299,"Account Manager, Monterrey"
6300,Chief of Staff to the CEO
6301,Special Education Instructional Manager
6302,Instructional Manager
6303,"Sr. Platform Operations Engineer, DevOps | TS Cleared"
6304,Operation Lead
6305,Fulfillment Team Member
6306,Food Production Supervisor
6307,Culinary Operations Supervisor
6308,Sustainability Lead
6309,Short Form Comms
6310,Regional Sales Director - East
6311,"Manager, Product Security"
6312,AI Support Engineer - Singapore
6313,Senior Frontend Developer
6314,Relief Veterinarian - Flexible Days
6315,"Staff Software Engineer, Banking"
6316,Workplace Experience Manager - Austin
6317,.Net Senior Developer
6318,Senior Backend Engineer I
6319,Machinist
6320,"Research Engineer/Research Scientist- Personal AGI, Model Experience"
6321,Alternance Assistant(e) Qualité Agroalimentaire - 1 an à partir de Septembre 2026 (F/H).
6322,Senior Strategic Category Manager (SaaS)
6323,Senior Conversion Rate Optimization & Merchandising Manager
6324,Lead/Staff Talent Partner - Tech
6325,Solution Architect (Appian)
6326,System Test Engineer - Humanoid (human)
6327,Head of Product
6328,Component Process Engineer
6329,"Cloud Engineer, IV"
6330,Technical Product Manager (d/f/m) - People Intelligence Apps
6331,"Manager, Distribution Partnerships"
6332,"Solutions Consultant (Sydney, Australia)"
6333,"Manager, Strategic Sales"
6334,Vertriebsmitarbeiter Kreditvermittlung Hamburg (w/m/d)
6335,Compiler Engineer C++/LLVM (Singapore)
6336,"Product Specialist, Cattle - Argentina"
6337,Lead Fire Protection Engineer/Consultant
6338,Principal CFD Modeling Engineer
6339,"Country Director, India"
6340,General manager of the Department of Group Economic Planning
6341,Senior Contracts Manager
6342,"Sales Training Manager, Prenatal"
6343,"Director of Office of the CEO, Founder in Residence"
6344,Research Engineer - Wildfire
6345,Cloud Engineer/ Specialist
6346,Analyste fonctionnel Oracle FMW
6347,Creative Director (Primal Harvest)
6348,Senior Project Superintendent
6349,Gender Equality and Social Inclusion Advisor
6350,Full Stack Engineer (TypeScript/Node.js) - REMOTE - ONLY MEXICO
6351,"Senior Consultant - London, UK"
6352,Field Execution Representative
6353,Ingénieur Qualité & RSE Anglophone (H/F)
6354,Propulsion Engineer II
6355,Associate Account Executive (Healthcare/GPO)
6356,Behavioral Interventionist
6357,Staff Battery Engineer
6358,Analista Pleno - Product Marketing
6359,Commercial and Technology Agreements Attorney (2 - 4 Years)
6360,Join our Business Talent Community
6361,"Scientist II, Analytical Development"
6362,Sanitation Manager
6363,Partnerships Lead
6364,Telecommunications Design Drafter
6365,"Member of Technical Staff — Research, Physics"
6366,CPU Core Design Verification Testbench Lead
6367,Warehouse Delivery Driver
6368,Builder - Head of Finance
6369,Software Procurement Analyst
6370,"Territory Account Executive, Retail - South Texas (Spanish/Bilingual)"
6371,"Retail Account Executive (Calgary, AB)"
6372,"Bilingual Strategic Cuisines Account Executive (Spanish) - Albuquerque, NM"
6373,Sales Development Representative - Boston
6374,Rotor Wing Relief Pilot
6375,"Director, Transactions"
6376,Credentialed Veterinary Technician - Boston - Multiple Locations
6377,Project Manager - Mechanical
6378,Senior Founding Engineer – AI Learning Platform
6379,Finance & Strategy Manager
6380,Paid Media Lead (Remote US) - Future Opening
6381,Ice Cream Server - Ridge Hill (Yonkers)
6382,Plumbing Technician
6383,Senior Logical Design Engineer
6384,Senior Software Engineer - Dataplane High Availability & Clustering
6385,IP Specialist (Overseas Filling)
6386,"Senior Product Manager, Brand Protection"
6387,GM Turkey
6388,Coordinateur de secteur / assistant d'agence (H/F)
6389,"Associate, Phone Support - DACH"
6390,HPC Network Engineer
6391,Special Projects Manager (Strategy & Operations)
6392,Sportsbook - Backend Software Engineer
6393,Staff Software Engineer (Data Platform)
6394,Staff Frontend Engineer
6395,SDET
6396,"Senior Analyst, Sales Operations"
6397,Electronics Repair Technician - Test Field (m/f/d)
6398,[Product] Senior Product Manager (Korean Speaking) – Bangkok or Seoul Based
6399,"Senior Developer Experience Engineer, Integrations"
6400,Client Onboarding Specialist
6401,Member of GTM Staff - San Francisco
6402,Electrical Engineer II - Advanced Programs
6403,Ad Creative Funnel Strategist
6404,Civil Designer
6405,Senior Lead Network Engineer - InfiniBand
6406,"Care Concierge, US Remote"
6407,QHSE officer
6408,Operations Lead - New York City
6409,Parent & Me Soccer Instructor | Part Time
6410,Operations Compliance Training Coordinator
6411,Business Development Leader
6412,Finance Operations Manager
6413,"Senior R&D Software Engineer, Fivetran AI"
6414,Eikon G&A Talent Community
6415,Strategic Finance Lead - Product
6416,"Manager, Corporate Finance"
6417,Controls Engineer
6418,"Military Recruitment Program - San Antonio, TX; St. Louis, MO; Arlington, VA"
6419,Sr. Cloud Database Administrator (SCON)
6420,Custom Software Engineering Lead
6421,Senior-Level ServiceNow Developer
6422,SAP Assortment & Listing / SAP Retail Senior Analyst
6423,Lead Cyber Effects Joint Operations Planner
6424,Cyber Fires Planner
6425,SCON_Oracle Custom Dev/Sr. BreakFix
6426,Oracle EBS Procure to Pay (P2P) Functional Analyst
6427,Senior Tax Accountant
6428,Commercial Lead- Financial Products and Treasury
6429,"Senior Manager, Business Intelligence"
6430,Web & SQL Developer
6431,Dock Foreman
6432,Product Support Manager
6433,Senior Software Engineer - Scalable Machine Learning
6434,"Associate Director, Influencer Marketing"
6435,Senior Full Stack Software Engineer
6436,Forward Deployed Software Engineer
6437,"Account Executive, Higher Ed, Mid Market Accounts, West"
6438,"Staff Software Engineer, Web3"
6439,"Brand Ambassador -Burlington, MA"
6440,"Brand Ambassador -Dedham, MA"
6441,Head of Strategy and Product
6442,Sales Development Lead - Europe
6443,Technical Sales Representative - Italian Speaking
6444,"Senior Manager, Payroll"
6445,Engagement Manager (Strategy & Data/AI Transformation)
6446,Senior Business Development - US
6447,Senior Backend Engineer - Java
6448,SAP Support Expert (PP)
6449,Production Assistant (3rd Shift)
6450,Senior AI Engineer (Driving VLM/VLA)
6451,Change Consultant
6452,Principal Consultant - Oracle
6453,Deployment Strategist Lead - Nordics
6454,"Managing Director, Integrated Media Investment"
6455,Direct Support Professional
6456,Teacher Assistant - Healthcare Facilitator - SMP
6457,Senior Legal Counsel
6458,Mobile Diesel Mechanic/Technician (2062)
6459,Maintenance Club House Manager │Riverside Golf Club
6460,Conseiller(e) de vente - Roppenheim Denim CDD 35H
6461,Certified Medication Aide (CMA - Part Time)
6462,Principal Optics Engineer (Group Lead)
6463,"Account Executive, Higher Education"
6464,Daycare Teacher
6465,Brand Ambassador (Full-Time or Part-Time)
6466,Member of Technical Staff — Data Infrastructure
6467,B2B Sales Executive
6468,CUDA Engineer
6469,Delivery Manager - Insurance Operations Management
6470,"Senior Manufacturing Engineer, Integration / Assembly"
6471,"Software Engineer, Commissioning Automation"
6472,Chief Product Officer
6473,Vice President Controller
6474,"Member of Technical Staff, iOS"
6475,Small Business Field Sales Representative
6476,Restructuring and Turnaround Services - Manager (Intelligent Manufacturing Solutions - Performance Improvement)
6477,Academic Advisor
6478,Director of CTV Retail Media
6479,Local Advertising Account Executive - Miami
6480,Civil Engineer - Airports
6481,Project Engineer – Transportation / Highway (DOT)
6482,"Product Expert, PLM and ERP"
6483,"Head of Ground Integration, Top Secret Clearance"
6484,Avionics Production Engineer (Senior-Staff)
6485,Early Childhood Behavior Technician - ABA - Cape Cod
6486,Sports Management Coach
6487,Search Fund & ETA Coach
6488,"Robot Safety Operator - Walnut Creek, CA"
6489,Construction Business Development
6490,Occupational Therapist Coach
6491,Actors/Performers for a Bluey x CAMP Immersive Production
6492,Local Business Head (m/f/d) Aerospace & Defense
6493,Corporate Governance Counsel
6494,Supply Chain Manager
6495,Site Reliability Engineer - Singapore
6496,General Application - Register Your Interest
6497,Strategy Consultant
6498,Software Engineering Team Lead
6499,Autonomous Vehicle System Integration Engineer (Mechanical)
6500,HVAC Installer
6501,"Director, Business Development"
6502,"Mechanical Engineer, Capacity Delivery"
6503,Human resources coordinator (F/M)
6504,Sales Manager | Telematics
6505,Grave Shift Youth Mentor
6506,HR Supervisor
6507,Account Manager (London)
6508,Credit Intern
6509,Growth Marketing & Business Development Manager - Remote (NZ)
6510,Facilities & Infrastructure Coordinator
6511,Mortgage Credit Analyst ( AU) - Mercury
6512,Digital Marketing Specialist
6513,Recruitment Manager
6514,"Partnerships Executive, Singapore"
6515,Facilities Night Manager - Emerging Markets
6516,Senior Industrial Designer - Taiwan
6517,"National Channel Sales Manager, Convergint (Eastern US)"
6518,Reach Truck Operator - 1st Shift - Days Off: Wednesday & Thursday
6519,"Product Marketing Manager, Activation"
6520,Regulatory Program Manager
6521,Senior Game Designer (Combat)
6522,Product Manager- AI Education
6523,Manager - Project Controls
6524,"Senior Engineer, Project Controls"
6525,Behavior Therapist
6526,"Senior Software Engineer II, Frontend Platform"
6527,"Clinical Expert, Care Team Operations (RN)"
6528,"Program Manager, Employee Giving and Volunteering"
6529,LSAT Tutor
6530,IELTS Tutor
6531,General Management Coach
6532,Network Operations Engineer
6533,Designated Service Engineer - Ceph Expert
6534,Game Night Staff: Youth Hockey Development (Part-Time/Seasonal)
6535,"Emergency Credentialed Veterinary Technician (Full-Time) - White Plains, NY"
6536,Fitness Coach
6537,"New ER Doctor (NERD) Program: Starts Jan 2027, Practicing Veterinarians - Shrewsbury, MA"
6538,"Emergency Veterinary Assistant (Relief) - Pinecrest, FL"
6539,"Emergency Veterinarian (Relief) - Peabody, MA"
6540,"Veterinary Technician Student Externship - Boston, MA"
6541,"Emergency Veterinary Assistant (Part Time) - Greenville, SC"
6542,"Veterinary Technician Student Externship - Chandler, AZ"
6543,"Medical Director - Silverdale, WA"
6544,"Veterinary Technician Student Externship - Brentwood, MO"
6545,"Emergency Credentialed Veterinary Technician - Oceanside, CA"
6546,"Emergency Veterinarian (Relief) - Knoxville, TN"
6547,"Veterinary Technician Student Externship - Houston, TX"
6548,"Veterinary Technician Student Externship - Overland Park, KS"
6549,"Veterinary Sonographer - Brooklyn, NY"
6550,"Emergency Veterinary Assistant (Relief) - Frisco, TX"
6551,"Emergency Credentialed Veterinary Technician Specialist (VTS) - Falls Church, VA"
6552,"Emergency Credentialed Veterinary Technician (Relief) - Arrowhead, AZ"
6553,"Veterinary Technician Student Externship - Peabody, MA"
6554,"Emergency Veterinarian (Part Time - Weekends) - Chantilly, VA"
6555,"Veterinary Technician Student Externship - Franklin, TN"
6556,"Veterinary Technician Student Externship - San Jose, CA"
6557,Quantitative Trading Analyst Intern
6558,FP&A Analyst
6559,"Senior Program Manager, EO/IR"
6560,Inside Sales Manager (m/w/d)
6561,"Recruitment Associate, Client Service"
6562,"Lead Developer, Integrations and Data Migration"
6563,Material Handler
6564,MLFF Distillation & GCMC Integration - Internship
6565,Traveling Groomer
6566,Veterinary Technician Student Programs - General Application
6567,Licensed Practical Nurses LPN
6568,Senior Investment Broker - Commercial Real Estate
6569,Senior Investment Sales Broker (Southeast) - Retail Institutional
6570,System Architect Lifecycle Marketing
6571,"Finance Manager BENELUX, Finland & Denemarken"
6572,Alteryx Developer
6573,AI-Scriptwriter
6574,Senior AI Creative Designer
6575,Infrastructure Engineer (Data Center Operations)
6576,"Security Monitoring Specialist (Starting at $21/hr, On-Site)"
6577,"Research Manager, Client Service"
6578,Talent Pool: Teacher Assistant (FTC) - SPARK High Schools - 2026
6579,Gestionnaire de projet / Project Manager - Engineering Effectiveness
6580,Full Stack Web Developer -Data Visualization/Dashboard - EST USA
6581,Sales Assistant / Verkäufer:in (w/m/d)
6582,Fall Influencer Marketing Internship
6583,Music Copyright Specialist - Batch No 23
6584,"Applied Cyber, Detections"
6585,"Principal Engineer, Heat Transport System"
6586,Retail Sales Associate - Full Time
6587,E-Commerce & DTC Coach
6588,Sr. Staff Engineer (Fullstack/Frontend)
6589,AI Enablement Director
6590,Business Development Rep
6591,"Researcher, China"
6592,Dispatcher
6593,"Administrative Assistant, Property"
6594,Socials Lead
6595,Senior Paid Social Manager
6596,Anesthesia Technologist
6597,Clinical Educator (French)
6598,Lead Software Engineer (Java)
6599,Senior Paid Social Specialist
6600,Freelancing opportunities - Push your creativity with us!
6601,General Liability Pre Suit Attorney
6602,Certified Nursing Assistant (CNA) │Full-Time│10:45pm - 7:15am
6603,"Vice President of Sales, Energy"
6604,Senior Engineer - Computational Knowledge Graph
6605,Senior ECAD Specialist
6606,(Sales) Senior Account Executive
6607,DevOps engineer T Cloud Public (m/f/d)
6608,Lead Gemini Enterprise Agent Platform Engineer
6609,Facility Manager (human)
6610,Facility Manager (Mensch)
6611,Senior EPM Consultant
6612,Fire Engineer
6613,Account Executive - Mid-market - €60–80K + BSPCE
6614,Reiseberater / Sachbearbeiter (m/w/d) Kundenservice AurumCars
6615,Regional Manager
6616,Staff iOS Engineer
6617,"Manager, Sourcing Packaging & Paper"
6618,"Staff Software Engineer, Billing Agents"
6619,Pilates Reformer Trainer
6620,Solution Architect - AI / HPC Infrastructure (Pre-Sales)
6621,Maintenance Technician (REQ858)
6622,Marketing & Content Creation Intern Café Brand
6623,Youth Instructor Health & Athletics for Ages 1 to 8
6624,Embedded Cyber Detection and Response Deputy Team Lead
6625,Licensed Psychologist - Benelux
6626,Sales - Customer Experience Representative
6627,"Electronic Warfare and Research, Senior- WAX 01.4.08"
6628,Communication & Public Speaking Coach
6629,Senior Software Engineer - Backend (Media Capture)
6630,Cloud Software Architect
6631,Hardware Test Automation Engineer
6632,Senior Performance & Insights Manager
6633,Silicon Power & Characterization Lead
6634,Principal Software Engineer- Backend (Admin Workflows)
6635,Command Center Officer
6636,Quantum Space General Interest Application
6637,Creator Platform Operations & Governance Manager
6638,"Senior Software Engineer - Identity, Data Security and Trust"
6639,Product CEO / Venture Studio Director - Montreal
6640,Entrepreneur in Residence - Vancouver
6641,Chief of Staff - Vancouver
6642,Chief of Staff - Montreal
6643,Data Services Analyst
6644,"Senior GTM Partnerships Manager, Canada"
6645,AI Resilience Fund Manager - Bay Area
6646,"Senior Electrical Engineer (m/f/d), Platform"
6647,"Staff Engineer, Robotics Perception (m/f/d)"
6648,"Director, Workflow Strategy & GTM"
6649,"LifeLock Lead Product Manager, Core Experiences & AI Assistant"
6650,Security Operations Lead
6651,Senior Data/AI Engineer
6652,Recruiter (6 month contract)
6653,252 -System Analyst/ITBA
6654,"Helper, E&I"
6655,Rigger
6656,Mobile Developer
6657,Executive Assistant (m/f/d)
6658,MSP Partner Manager Nordics (f/m/x)
6659,Consulting Manager (m/f/d) Daten- & KI-Strategie
6660,Talent Associate
6661,Mobile Developer / Ionic
6662,"Senior Backend Engineer, Liquidity Platform"
6663,"Staff Test Engineer, Systems Test"
6664,Merchant Operations Executive
6665,Concepteur Sonore Free-lance / Freelance Sound Designer
6666,Quality Assurance
6667,Join Our Talent Pool - Future Remote Opportunities
6668,Architect (CAD & Construction Documentation)
6669,German Language Interpreter
6670,Cloud Security & DevOps Engineer
6671,Landscape Production Manager
6672,Business Manager (Team Leader ) - Purbalingga
6673,"Director of Mechanical Engineering, Hardware Platform"
6674,"Head of Talent and People (backed by Y Combinator, $5M+ ARR, $23M+ raised)"
6675,Influencer Marketing Manager
6676,CNC Programmer
6677,"Account Director, SEO"
6678,Strategic Project Lead
6679,Radiology Veterinary Assistant
6680,Triage Associate
6681,Associate Renewal Underwriter
6682,Deployment Finance & Business Operations
6683,"Staff Production Engineer, Compute"
6684,"Staff Data Analyst, Marketing"
6685,Support Operations Lead
6686,Human Resources Coordinator
6687,"Staff Product Designer, AI"
6688,Veterinary Assistant - IM Treatment Room
6689,Talent Pipeline – Master Level New Grads
6690,Staff Machine Learning Engineer - Generative AI
6691,Ice Cream Server - Park Slope
6692,Technical Platform Advisor - Stockholm
6693,PlayStation Studios QAゲームテスター（アルバイト）
6694,Vertriebsexpert*in Versicherung / Finanzen in der Region Saarpfalz-Kreis
6695,"Director, AI & Data Science"
6696,Maintenance/Mechanical Engineer
6697,Senior Growth Engineer
6698,Recruitment & Career Counseling Specialist
6699,Quantitative Researcher - Early Career (USA)
6700,Fabricator
6701,IT Co-op (Spring 2027)
6702,FBS Claims Operations Specialist - Oct
6703,Finance Director (Strategic Finance Lead)
6704,Commercial Disputes Subject Matter Expert | AI Evaluation Specialist (On-Call)
6705,Pre Sales Networking and IoT Engineer | Networks
6706,Search Engineer
6707,Lead Data Scientist
6708,Director - Procurement - DA3
6709,Cardiologist | Private Practice | Brisbane
6710,"Machine Learning Engineer, Data Privacy & Anonymization"
6711,Commercial Counsel-Infrastructure and GTM
6712,"Senior Software Engineer - AI Compute, Together Cloud"
6713,"Senior Test Engineer, Mechanical/Fluids"
6714,Backend / Integration Engineer
6715,"Senior Software Engineer, Education.com"
6716,IXL Associate Product Manager
6717,"Senior Vice President, Accounting & Controllership"
6718,Industrial Maintenance Technician (Facilities)
6719,Research Intern (BS/MS/PhD)
6720,"Sr. Manager, Global Consumer Insights"
6721,BDR Team Manager | Italian Market (Barcelona)
6722,Impiricus Intern
6723,"IT Support Dublin, EMEA Regional Lead"
6724,"Solutions Engineer, Strategic"
6725,"Director, Talent Management"
6726,ESG & Sustainability Technician
6727,Conseiller.ère en analyse fonctionnelle - Plateforme données
6728,Chargé.e de projet
6729,Analyste logiciel
6730,Senior Software Development Engineer in Test (SDET)
6731,Développeur.euse Java
6732,"Senior Director, Biostatistics"
6733,Mid Market Account Executive - English Speaking
6734,"Sr. Manager, Product Marketing"
6735,Stagiaires Mesures Physiques/ Métrologie (H/F)
6736,Tooling Prestter - 3rd shift
6737,"Field Nurse Practitioner / Physician Assistant - Ottawa County, Michigan"
6738,Guest Relations Officer (Part-timer) (HighHouse/NOVA)
6739,Senior Trade Advisory Manager
6740,Area Manager
6741,"Robotic Software Engineer, Perception"
6742,"Sr Director, Sound Design"
6743,Fork Lift Operator
6744,Senior Data Engineer - Data Platform & Martech Engineering
6745,Senior Mechanical Engineer - Humanoid (human)
6746,"Senior Manager, Enterprise Data (Remote)"
6747,Technical Sales Development Representative (SDR)
6748,"Software Engineer, Security"
6749,"Machine Learning Engineer, Lyft Business & Ads"
6750,"Accountant, Cyprus"
6751,Full-Stack Developer - AI Trainer (Turkey)
6752,Senior Lab Operations Associate
6753,"Strategy & Operations Principal, Fleet Operations"
6754,(Junior) Account Executive (f/m/d)
6755,Structural/Mechanical Project Manager
6756,Business Development Representative (US Market)
6757,"Business Development Manager, Reagent Services"
6758,Ausbilder:in für Elektriker:innen (w/m/d)
6759,Brand Growth Lead
6760,PR & Communications Manager
6761,Sales Development Manager
6762,RESPONSABLE QSE (H/F)
6763,Warehouse Lead/Koordinátor úseku skladu
6764,Product Owner
6765,Senior Technical Artist
6766,Expert Backend Engineer
6767,Medizinisches Fachpersonal (m/w/d) für unser mobiles Springerteam in Rheinland-Pfalz
6768,Graphics Engineer Intern
6769,Technical Integration Specialist
6770,Enterprise Sales Manager (Florida)
6771,Electrical Architect
6772,Powertrain Test Technician
6773,Technical Analyst
6774,Forklift Operator
6775,シニアデータマネジメントスペシャリスト / Senior Data Management Specialist - Mercari
6776,"Become a Luxury Brand Evaluator in Austin, US"
6777,Learning and Development Supervisor | AYANA Komodo
6778,Senior Legal Counsel - EMEA
6779,Google Workspace & Business Profile Owners
6780,Board Certified-Oral Maxillo-Facial Surgeon
6781,Sales Development Representative (B2B / SaaS) - South Africa
6782,"Relationship Manager, Energy (Oil, Gas and Power)"
6783,Appointment Setter - (Legal Services)
6784,Revenue Economics Analyst
6785,Strategic Sales Director
6786,"Engineering Manager, SupportX"
6787,Representante Técnico de Producto
6788,Staff Cloud Security Engineer
6789,"Principal Product Strategist, AI Engagement Leader"
6790,Member Operations Analytics
6791,IT Support Engineer
6792,"Senior Director, Demand Generation"
6793,"Channel Developer, Off-Premise"
6794,Head of Growth
6795,"Senior Solutions Engineer, CNC & Sheet"
6796,Customer Engagement Manager
6797,"Account Executive, Marketplace Sales"
6798,Software Engineer - New Grad
6799,Sr. Member of Technical Staff - Platform
6800,"Startup Market Lead, AMER"
6801,Manager of Marketing Analytics
6802,Fullstack Engineer
6803,Advanced Practice Provider - SunState Medical Specialists
6804,"Head of Finance, Canada"
6805,Consultant en gestion et stratégie PME agricole - f/h
6806,Physicist - Consultant
6807,Strategy and Organisational Design Director
6808,Garage Door Sales Consultant
6809,FullStack DevOps Engineer - AWS / CDK / Python
6810,Enterprise Sales Manager (Montana & Idaho)
6811,Territory Manager (South East Saskatchewan)
6812,Foundation and generative models for biomolecules
6813,Advancing Inceptive's commercial strategy
6814,Sr. Account Executive - Enterprise
6815,Telugu Language Interpreter
6816,Software Engineering Intern - IN26005
6817,Export Sales Manager
6818,Cloud Infrastructure Engineer (Familiar with Sharepoint Development)
6819,Accounts Administrator
6820,Business Development Manager (Travel industry) Scotland
6821,Construction Estimator
6822,Video Content Creator (Contract to Perm)
6823,AI & Backend Engineer - Production AI & LLM Systems | Pakistan
6824,CRM Manager
6825,Service Desk Agent L1 with German
6826,Security Shift Supervisor North York General Hospital
6827,IT Security Engineer
6828,"RN Clinical Manager, Home Health"
6829,Enterprise Account Director- NYC
6830,Consulting Engineer - Nuclear
6831,"Founder, AI Labor & Financial Operations"
6832,Trading Operations Analyst
6833,"Lead, Social Media"
6834,Store Associate
6835,Store Associates
6836,Pediatrician (Part-Time) - CA License - Spanish
6837,Research and Development Machine and Controls Engineer
6838,Senior Program Manager
6839,CNA PCA HHA - Geriatric In Home Caregiver
6840,Lean Transformation Coach
6841,Stage - Graphiste Communication Groupe (H/F)
6842,"Research Engineers, Post-Training"
6843,Regional Leasing Specialist
6844,Behavior Therapist - Opportunities available throughout Massachusetts!
6845,"Business Operations Senior Associate, Institutional"
6846,"Talent Acquisition Partner, G&A"
6847,Software Engineer Assistant - Internship
6848,"Business Navigation Leader, IKEA Damansara"
6849,Senior Sales Development Representative
6850,IQOS Advisor - Δίκτυο συνεργατών (Θεσσαλονίκη)
6851,Business Development Executive (POS)
6852,Virtual Service Coordinator
6853,"Retail Store Manager, Financial Services (CA)"
6854,Office Manager/Administrative Manager
6855,Structured Finance Senior Associate
6856,Customer Support and Product Specialist
6857,Social Media Specialist
6858,Technical Director
6859,"Medical Writer, Scientific Communications"
6860,Senior Forward Deployed Engineer
6861,Manufacturing Operations Program Manager (Taiwan)
6862,Technical Program Manager -Missile Defense
6863,Director of Field Applications Engineering- Europe and APAC
6864,"Enterprise Account Executive, West"
6865,Senior Product Manager - Interactive Analytics
6866,"Anesthesiologist (Salem, Peds Dental)"
6867,Private Duty Caregiver - Adults & Seniors
6868,Head of Compensation
6869,Product SME - Workers Compensation
6870,Discretionary Trader
6871,Integration Architect
6872,Garage Door Technician
6873,Consultant en Financement de l’Innovation IP Box F/H
6874,Talent Lead
6875,Integration Engineer (SDK)
6876,Bancassurance Sales Specialist
6877,Access Control Technician
6878,Retail Sales Administrator
6879,Product & Tech | Technology & AI - Senior Consultant
6880,Remote Packaging Designer for CPG Company
6881,Drafting Trainer - Oil & Gas (Saudi Arabia)
6882,Mid-Senior HR Generalist
6883,9028/Project Supervisor Sr
6884,Senior Brand Designer
6885,Director - Core Assets Financial Planning & Analysis
6886,Full-Stack Engineer - Palo Alto
6887,Voice Talent - German - Remote
6888,Housekeeper / Heavy Chore Service - Senior Home Care
6889,Certified Home Health Aide (CHHA) *Mandatory Weekends**
6890,LPN - Nurse Residency Program
6891,"HHA, Home Health Aide, Adult Care"
6892,CNA/ Home Health Aide- Pediatrics
6893,R&D Chemist - Digital Ink
6894,Murex Production Support
6895,Social Media & Founder Brand Manager
6896,Marketing Manager / Senior Marketing Specialist
6897,Computer Science Subject Matter Expert (AI Training)
6898,"Dyslexia Specialist (Fully Remote, Full-Time)"
6899,Optical characterization engineer
6900,OSAT Operation Manager
6901,Go to Market Finance & Business Operations
6902,Licensed Professional Counselor (LPC) - Remote
6903,Ice Cream Server - Old Town Alexandria
6904,Senior Product Marketing Manager - Frontier Labs
6905,"Vice President, APAC Sales"
6906,Senior Software Engineer (Fullstack)
6907,Regional Maintenance Reliability Engineer
6908,Cloud Quality Engineer
6909,Satellite Operations Engineer
6910,AV Account Manager
6911,Software Engineer 2
6912,Senior Mechanical Engineer – MiPA (human)
6913,AI Creator - Storyby
6914,Systems Architect - Electronic Warfare
6915,Market Strategy and Partnerships Manager
6916,Senior Software Engineer - High Performance & Scale
6917,CRM Business Analyst
6918,IT Intern – Gadget & Tech Support Operations
6919,Territory Manager (Missouri River South)
6920,Territory Manager (South West Colorado)
6921,Applied AI Research Engineer
6922,Dual Service Operative
6923,Remote Tax Accountant
6924,Junior Quantitative Developer (Algorithmic Engineering)
6925,4601 Especialista CAD/Routing Sr
6926,Senior Email Marketing Specialist
6927,BIM Modeller M&E
6928,Account Manager (Commercial Landscaping)
6929,Emergency Medicine Consultant | Regional SA
6930,Facility Operations Specialist
6931,Operations Support (human)
6932,Superintendent (Ground Up)
6933,Join our Talent Network
6934,Senior Technical Product Manager - Cryogenic Infrastructure & Controls
6935,Conducteur de Travaux Principal Etanchéité/ Bardage H/F
6936,Digital Product Director
6937,Senior Opto-Mechanical Engineer
6938,Force Field Scientist
6939,Senior Innovation (I+D+i) Consultant
6940,Sales Compensation Manager
6941,Consultant Expert SAP S/4HANA – PP QM (H/F)
6942,Database Reliability Engineer
6943,Field Engineer Technician
6944,Mental Health Specialist Chester County
6945,Education Partnerships Coordinator
6946,"Senior Manager, Procurement Operations"
6947,Staff AI Engineer - USA
6948,"Mechanical Engineer II, Space Systems"
6949,Founding Content & Social Marketer
6950,Eyewear Designer
6951,Program Controls Specialist – Utility Field Safety Operations
6952,Korean Bilingual Financial Analyst (FP&A)
6953,Delivery Driver
6954,Last Mile Driver (San Antonio)
6955,Part-Time Flex Valet Attendant
6956,AI Transformation Managing Principal - Banking
6957,Zahnarzt / Zahnärztin (m/w/d) Papenburg inkl. Willkommensprämie 5000€
6958,Revenue Growth Consultant - German
6959,Supplier Quality Engineer
6960,Statistical Programmer Sr
6961,Statistical Programmer II
6962,Account Executive (Future Opportunities)
6963,"CDD Risk Analyst, Onboarding"
6964,"Customer Operations Lead, Claims"
6965,Regional Sales Lead (Dakota Range)
6966,National Sales Executive - Lenders One
6967,Crossing Guard
6968,Instructional Assistant / IA
6969,Behavior Health Technician / BHT - IBHS Chester County
6970,Technology M&A Analyst - Paris - January or March 2027 (Internship)
6971,HVAC Installation Apprentice
6972,SPED Tutor - Bay Area / NorCal
6973,Retail Assistant Volunteer Masterton
6974,"Manager, Scaled Customer Success Strategy & Operations"
6975,"Lead AI Project Manager, CX"
6976,Automotive Technician
6977,Principal Product Manager - Domain PM
6978,"Principal Engineer, Product Engineering"
6979,Join Our Talent Pipeline!
6980,Macro Analyst - Event Driven
6981,"Senior Software Engineer, C++ (Algo)"
6982,Workers' Compensation Attorney
6983,Subject Matter Expert – International Trade & Logistics - English/Spanish (Mexico) – Remote
6984,"Customer Success Manager, Mid-Market"
6985,Engineering Manager - Barcelona
6986,Full-Stack Developer (Peru)
6987,Stage – Appui à la Relation commerciale
6988,Talent Community
6989,Robot Learning Intern
6990,Senior Business Development Manager - IndraMind
6991,Summer Soccer Coach
6992,Leasing Agent - Multifamily Affordable Housing - South LA
6993,Board Certified Physician Reviewers - Pulmonary Disease - Indiana License
6994,Customs Clerk
6995,SAP Ariba Quality Engineer
6996,Produkto inžinierius (-ė) | Elektronikos gamyba
6997,HR Administrative Assistant (English)
6998,Vice President of Customer Experience #0405MB
6999,DACH Apprenticeship as an IT Specialist for Application Development
7000,Shisen Hanten - Intern (TAP)
7001,Head of Content and Social
7002,Software Engineer - Integrations
7003,"Director, Enterprise Account Executive"
7004,"Wealth Advisor (Portland, OR)"
7005,"Vice President, Clinical Development, Tonlamarsen (TLA)"
7006,"Agent Post-Training, Personality"
7007,"Software Engineer, The Stacks"
7008,Obstetrician/Gynecologist (Full Time)
7009,Staff Machine Learning Engineer (Autonomy)
7010,Développeur(se) senior en analytique
7011,Enterprise Account Executive II
7012,"Corporate Legal Counsel, France"
7013,[AI Transformation Dept.] Sr. AI Transformation Specialist (FDE) (7년 이상)
7014,"Senior Manager, Community Relations"
7015,"Associate Director, Regulatory Science"
7016,Senior Civil Litigation Attorney - Personal Injury (Washington)
7017,"Full-stack AI Engineer (Athens, Greece)"
7018,Sales Advisors & Cashiers - Κατάστημα Μελισσίων
7019,Corporate Counsel
7020,"Salesforce Experience Architect, AI and Agentforce (Solution Architect)"
7021,Test Engineer - Space Solar
7022,AI QA Automation Lead
7023,Customer Success Manager - APAC
7024,Law School Student Ambassador
7025,Senior Commercial Leader / Entrepreneur in Residence (d/f/m)
7026,Back-end Software Engineer | Betty CA
7027,Tech Lead (.NET) | Betty CA
7028,"Strategic Finance, Principal"
7029,Engineer
7030,Senior Product Researcher
7031,Enterprise Advertising Account Manager (Netherlands & Nordics)
7032,Technicien de maintenance et industrialisation
7033,Lehrstelle Elektroniker EFZ (m/f/d)
7034,Senior Consultant Business Central – Finance & Controlling (human)
7035,AI Deployment Manager (Builder) - Tokyo
7036,Postdoctoral Fellowship - Robotics and AI
7037,[Chairman’s Office] M&A Specialist (7년 이상)
7038,[Bluehole Studio] 클라이언트 프로그래머 리드 (Client Programmer Lead) - TERA2
7039,"AI Strategist, Enablement"
7040,Pastry A' - Makris Restaurant at Domes Miramare Corfu
7041,Hourly Paid Music Business and Event Management Tutors
7042,Salesperson #Cosmos Sport Σέρρες
7043,Manufacturing Engineer - Space Solar
7044,Driver Class A
7045,Modelling Lead (SystemC / Virtual-Platform Architect)
7046,Principal Software Engineer - Agentic Pipelines
7047,Growth Marketing & Digital Channels Specialist
7048,"Member of GTM Staff, AI Associate"
7049,Software Engineer – Nonlinear Solid Mechanics & High-Performance Computing
7050,Designer III
7051,Delivery Lead
7052,Outside Sales Representative - Roofing
7053,"Founding Product Manager, Life Sciences Workflows"
7054,STAGE LONGUE DUREE ou CESURE - Chargé d'Audit / Contrôle Interne / Conformité - F/H
7055,"Director, IT and Digital Transformation"
7056,Account Manager - Microsoft Ads - Cairo - Egypt
7057,Administrative Officer
7058,"Staff Product Manager, Lending"
7059,Early Years Specialist
7060,Coral Husbandry Technician Supervisor
7061,Data Analyst Lead
7062,Warehouse Specialist - PHL
7063,Thermo-Mechanical R&D Engineer (CDD 1 year)
7064,CDI - Content Creator
7065,Incident Response Team Leader
7066,Head - Offline Sales
7067,Παιδίατρος για κάλυψη προγράμματος εφημεριών
7068,Railroad Laborer - Rock Springs
7069,"Part Time - Youth Soccer Coach (Barrington/Hoffman Estates, IL)"
7070,Vice President of Manufacturing (Automotive)
7071,"Talent Acquisition Manager (On-Site, NYC)"
7072,Founding GTM & Sales Lead
7073,Senior Cloud Support Engineer
7074,Demand Planner
7075,Senior Strategic Finance Analyst
7076,Staff Security Reliability Engineer
7077,Commercial Account Executive (Portuguese Speaking)
7078,"Field Service Technician - Danville, VA"
7079,Commercial Lines Account Manager
7080,Customer Success Manager (APAC)
7081,Sr AI/ML Engineer
7082,"Deputy Director, National Organizing"
7083,"Principal Engineer, Data & Compute"
7084,"E-Scooter Field Operations Specialist - Newark, NJ"
7085,"Senior Manager, Strategy and Operations - Tokyo - Japan"
7086,Senior Manager - Procurement
7087,"Cloud Computing Specialist (CCS), Information Assurance"
7088,Enterprise Architect
7089,Senior Product Designer - Defence
7090,Senior Frontend Development Engineer (Enterprise Solutions)
7091,AI-Native Builder
7092,Chef / Sous Chef - JOEY Chinook
7093,FBS Customer Service & Operations Analyst
7094,Quality Assurance Engineer - India Remote
7095,"Senior/Staff Software Engineer, Agentic Platform"
7096,Senior Account Executive - Finland
7097,Lead Software Engineer
7098,Tech Lead/Staff Java Engineer
7099,"Senior Manager, Strategic Finance - B2C Marketing"
7100,"Vice President, Business Development"
7101,Senior Applications Engineer
7102,Senior Solutions Engineer - Healthtech
7103,ASP.Net Developer
7104,Murex Business Analyst
7105,Senior QA Engineer
7106,Senior Consultant - BI & Analytics
7107,Campaign Analyst
7108,Sr QA Engineer
7109,Operations Intern (m/f/d)
7110,Senior Midmarket Account Executive - APAC
7111,Lead Piping Engineer [Offshore Project]
7112,Storage Platform Engineer
7113,Quant Risk
7114,Analyste-Programmeur
7115,Associate Team Lead Growth
7116,Sr Product Manager - IC
7117,"Product Manager, Government Platform"
7118,Social Media Marketing – Future Opportunities
7119,Capital Markets Lead
7120,Virtual Leadership Training Instructor
7121,IT Specialist - Security & Compliance
7122,"Senior Software Engineer, Identity & Access"
7123,"Platform Engineer, APIs & Observability"
7124,"Associate, New Ventures"
7125,Sales Executive - HYBRID
7126,Supply Chain Analyst - Term
7127,Marketing Director/Head
7128,Senior Data Quality Analyst
7129,FullStack Engineer
7130,"1114 | Data Processing Specialist (Night Shift, No Experience)"
7131,Deployment Operations Specialist (VMI and Subcontractors)
7132,Physics Expert - AI Trainer (Portugal)
7133,"Vice President, Biochemistry and Head of Early Discovery Projects"
7134,People Systems Product Manager
7135,Senior Sales Manager
7136,Associate GIS Consultant
7137,"Software Engineer, Developer Experience"
7138,Customer Success Manager Northern Europe
7139,Intern — Support Specialist / Business Analyst
7140,"Senior Tax Manager (Murrysville, PA)"
7141,Associate Category Head
7142,Sales Ambassador
7143,"Product Manager, Web"
7144,"Sales Engineer, Majors"
7145,Analyste fonctionnel QA / Tests
7146,(4031) Technical Test Manager- Mid
7147,Facility Manager
7148,Oracle Cloud ERP Functional Lead
7149,"Member of Technical Staff, TPU Performance Engineering"
7150,Territory Representative
7151,"Strategic Account Executive, Dallas"
7152,"Senior Director, Business Analytics"
7153,"Director, Corporate Finance"
7154,"Senior Software Engineer, Test Infrastructure"
7155,"Data Center Technican (Eagan, MN)"
7156,Sr. Product Marketing Manager
7157,Intern Product Management (all genders)
7158,Sr Technical Marketing Manager
7159,Kotlin Developer
7160,"Manager, Operations"
7161,Director of Customer Success
7162,JSP ETM (Future Opportunity) - MAC Operations
7163,"Software Engineer II (iOS), Financial Platform"
7164,Group Product Manager - Digital Asset Management
7165,Lead - Marketing Planning & Strategy
7166,Graphic Designer (6 Months Contract)
7167,Senior Backend Engineer ((Python / Go)
7168,"Group Director, Audience Analytics"
7169,Electronic Engineer (m/f/d)
7170,Service Coordinator (International)
7171,"Platform Engineer, AI (Levels I, II, III)"
7172,.Net/C# Developer (Short term)
7173,Enhanced Care Management Lead Care Coordinator Team Lead
7174,Petrophysics Data Quality Specialist
7175,Geotechnical Engineering Technician
7176,Teknisk Säljare till Lindquist Heating AB
7177,"Senior Manager/Director, Interconnection"
7178,"Freelance Luxury Brand Evaluator | Western Norway, NO"
7179,"Become a Luxury Brand Evaluator in Toulon (French Speaking), FR"
7180,Business Development Representative (Australia & APAC)
7181,VIP Operations Specialist
7182,Remote Psychiatrist (MD/DO) - South Dakota
7183,Corporate Account Executive - Central (Austin based)
7184,Senior Power Electronics Engineer
7185,"Enterprise Account Executive, West - Northern California"
7186,Member of Technical Staff
7187,Lab Engineer
7188,B2B Marketing Manager
7189,Account Director - Brazil
7190,Senior Key Account Manager (f/m/d)
7191,"Senior Manager, Account-Based Experience (ABX)"
7192,Senior Product Manager - Derivatives Risk
7193,Information Security Specialist (Email Security and Endpoint solutions)
7194,Front Office Agent - Domes of Corfu
7195,Senior/Staff Platform Engineer
7196,Veterinary Technician - Emergency
7197,"Principal Technical Architect - AI/ML, Advanced Services"
7198,"Warehouse Associate (Level 1) - Cranford, NJ"
7199,Regional Sales Manager
7200,Head of Group Business Development (m/w/d)
7201,Proposal Manager
7202,Contracts Superintendent/Specialist
7203,Client Relationship Manager (Korean)
7204,Join Variosystems - Open Application (m/w/d)
7205,1st Shift and 3nd shift Home health Aide or Caregiver
7206,Restaurant Manager
7207,Client Operations Representative
7208,Business Manager (Team Leader Microfinance) - Tuntang
7209,Intensive Care Registrar | Anaesthetics rotation | 2h from Sydney
7210,Branch Support Executive - Gandhinagar
7211,Product Deployment Specialist
7212,"Partner, AI-Enabled Performance Transformation"
7213,Sr Compensation Partner
7214,Media Relations Director
7215,Enterprise Account Executive (Florida)
7216,Talent Partner - GTM
7217,"Software Engineer, CMS (Registry Support)"
7218,Lead Counsel (m/f/d)
7219,Event Manager (human)
7220,"Senior Electronics Engineer, Radar Payload Team"
7221,Apprentice Electrician (Chicagoland)
7222,SOC Analyst Team Supervisor
7223,"Funeral Sales Representative - Loves Park, IL"
7224,"Freelance Luxury Brand Evaluator | Islands, GB"
7225,Foreman - Construction Sports Events
7226,Certification Engineer
7227,Ecosystem Marketing Lead
7228,"Relief Doctor - West Los Angeles, CA"
7229,Senior Technical Product Marketing Manager
7230,"Visual Design Lead, UX"
7231,Business Development
7232,Business Development Representative BR
7233,Electrical Engineer
7234,Downstream Oil & Gas Reliability Engineer
7235,Banco de Talentos | Exclusivo PCD
7236,Technicien de maintenance industriel F/H
7237,Senior QA Engineer - AI/ML
7238,"Freelance Coordinator, Talent Acquisition"
7239,"Senior Manager, Data Engineering"
7240,Senior RF Engineer
7241,Senior Legal Counsel – Contracts (German speaker)
7242,Product Counsel
7243,Program Manager - Data Collection & Annotation - India
7244,Spécialiste RH - Immigration et conformité / Immigration & Compliance
7245,Senior DevOps (1.5 month project)
7246,Warehouse Specialist/Supervisor - IND
7247,Independent Contractor - Lawn and Landscape
7248,Mobile Air Conditioning Engineer
7249,Head of Product - Wadhwani AI
7250,Senior Electrical Engineer- Space
7251,"Freelance Luxury Brand Evaluator | Southern Poland, PL"
7252,"Service Technician - Pittsburgh, PA"
7253,"Engineer Manager - Perception, Self-Driving Systems"
7254,"Clinical Veterinarian, Part-time Contract"
7255,Sales Representative – Insurance Training Provided
7256,Property Accountant | Housing
7257,"Software Engineer, API Multicloud"
7258,Data Analyst II
7259,Software Engineer (Full Stack)
7260,Senior Enterprise Account Executive - San Francisco
7261,Sales Engineer - San Francisco
7262,Subject Matter Expert – Natural Sciences (Spanish LATAM) – Remote
7263,"Media Experts - Buyer, Investments"
7264,Bid & Proposal Manager (all genders)
7265,Associate Director/Director Business Development
7266,Procurement Manager - Athens
7267,Machine Learning Tech Lead
7268,Subject Matter Expert – Mathematics (Marathi) – Remote
7269,TIE Kaizen szakember (ELEKTROMOS)
7270,Tecnico per Impianti Fotovoltaici e Pompe di Calore — Romagna
7271,"Director, Customer Success"
7272,Manager - Financial Planning and Analysis
7273,Marketing Assistant
7274,Environmental Superintendent
7275,Senior Quantity Surveyor
7276,Recruitment Specialist (Manufacturing )
7277,Board Certified- Pain Medicine Specialist
7278,Teen Health Education Internship
7279,Acquisition Management Specialist
7280,Tier 3 Support Engineer
7281,Principal Applied Scientist
7282,"Head of Engineering, Platform"
7283,Research Internship
7284,Coordonnateur(trice) de studio - Studio Coordinator
7285,Barista
7286,Banking Network Specialist
7287,Senior Database Reliability Engineer
7288,Product Manager - Patient Experience
7289,Apply to NISC's Quality Engineering Teams
7290,Subject Matter Expert – Quantative/Scientific/Corporate Domains - Portuguese BR Remote
7291,Business Development Team Lead (m/f/d)
7292,Senior Salesforce Solution Architect
7293,Client Partner
7294,Subject Matter Expert – Retail Trade & Store Operations (English/Malayalam) – Remote
7295,Schnupperlehre Elektroniker/in (m/f/d)
7296,"Subject Matter Expert – Real Estate, Property Management & Leasing (English/Marathi) – Remote"
7297,"Subject Matter Expert – Professional, Scientific & Technical Services (English/Punjabi) – Remote"
7298,Subject Matter Expert – Healthcare & Social Assistance (Korean) – Remote
7299,"Subject Matter Expert – Media, Broadcasting & Information Services (English/Nepali) – Remote"
7300,Flight Operations Engineer
7301,Subject Matter Expert – Government (English/Punjabi) – Remote
7302,Salesforce Implementation Engineer
7303,Property Manager - Commercial Retail
7304,Client Liaison Officer (Australian Mortgage)
7305,Oracle HCM Cloud Consultant
7306,"Investment Director (Lyon, France)"
7307,Wiring Technician
7308,FBS Salesforce Agile dev team member IV
7309,Workplace & Engagement Coordinator
7310,ShareCare - Backend Engineer (Python)
7311,Staff Robotics Software Engineer - Grasping
7312,Media Director
7313,"Staff Product Designer, New Programs"
7314,Finance Manager (human)
7315,AI Deployment Strategist
7316,Data Engineer II (SAS)
7317,Engineering Manager (SRE) | Based in Lithuania
7318,Android Engineer (Berlin)
7319,Application Engineer II
7320,Ηλεκτρολόγος Συντηρητής Βάρδιας
7321,Project Coordinator 1
7322,Stock Loan Middle Office Analyst
7323,"Office Leader, Principal Director"
7324,Per diem CT Technologist - Beverly Hills
7325,Junior Operations Manager (Prop Trading / Investment)
7326,Removal Immigration Staff Attorney (NJ Based)
7327,(0070) Product Owner Sr
7328,Sales Attorney for Criminal Defense Firm
7329,Estimator (AI-Augmented) - UK Construction Estimating
7330,"Solution Engineer, Japanese Market (US-based)"
7331,Operations Team Lead
7332,Lead Analsyt(Sr. business analysis)
7333,"VP, Corporate Development"
7334,Field Engineer - ASEAN
7335,Physical Therapist (PT) - PRN
7336,Strategic Solutions Engineer
7337,"Sales Engineer, San Francisco (Enterprise)"
7338,"Manager, Digital Partnerships"
7339,"Student: Bonner Community Leaders, Academic Year 2026-27"
7340,Senior Systems Test Software Engineer
7341,Manager - Special Programs
7342,Manufacturing Execution System Analyst
7343,Buyer's Agent - Sydney
7344,Buyer's Agent - Toowoomba
7345,4145-Director/ Sr. Director- Growth Strategy (Payer & Public Sector)
7346,Private Duty Home Care Executive Director
7347,Conseiller stratégique en gouvernance et gestion
7348,Hygiene Technician
7349,Portfolio Data Operations Analyst
7350,Founding Engineer
7351,Computer Science PhD (India)
7352,Client Consultant
7353,Medical Translators - English into Icelandic - Remote
7354,Future Opportunities - (Chicago)
7355,US Growth Partnerships Manager | Senior | East Coast
7356,"Director, Paid Social"
7357,Licensed Veterinary Technician
7358,Senior Product Manager - Monitoring & Research
7359,Quant Finance Expert (India)
7360,Product Support Engineer - APAC
7361,"Store Associate, New Orleans"
7362,Creative Workflow Architect (Fluent in Japanese)
7363,"Manager, Metrology Engineering"
7364,"Thoracic Medical Oncologist, Lung Cancer Division Leader - West Cancer Center & Research Institute"
7365,Hematologist Oncologist - Carolina Oncology Specialists
7366,Urologist - Astera Cancer Care
7367,"Executive Director, Business Analytics"
7368,Senior Data Engineer with Google Cloud (GCP) (m/f/d)
7369,"Director, Clinical Operations"
7370,Project Engineer - Hydraulic Design
7371,Join Our Talent Pool
7372,Outbound Sales Development Representative
7373,Senior Hardware Field Engineer
7374,Design Engineer
7375,Restaurant Manager - JOEY Mayfield
7376,"Senior Global Supply Manager, Avionics"
7377,Video Specialist (Agency)
7378,"Research Scientist, AI"
7379,Civil CAD Designer - Land Development
7380,Sr. Technical Program Manager | LATAM
7381,Software Engineering AI Trainer (Spain)
7382,Elektroniker (m/w/d) Windenergieanlagen
7383,Software Engineering Intern
7384,Wealth Advisor
7385,IT & Security Operations Manager
7386,Senior Embedded Systems Developer | Telematics
7387,Customer Success Engineer
7388,Reliability Engineer
7389,Intake Referral Coordinator
7390,Construction Director
7391,Account Executive - Virtual Data Rooms (APAC)
7392,"Become a Luxury Brand Evaluator in Bayreuth (German Speaking), DE"
7393,CIP / Sterilization Operator (Saudi Arabia)
7394,Project Analyst
7395,"Freelance Merchandising Auditor in Chanthaburi, TH"
7396,Junior Sales Development Representative (SDR)
7397,"Staff Technical Program Manager, Low Voltage Electronics"
7398,Combustion Analysis Engineer
7399,"Technical Program Manager (TPM), Infrastructure"
7400,"Technical Program Manager, Additive Manufacturing"
7401,AI Training Contributor - Sepedi - Remote
7402,Sales Manager (GTME)
7403,Sales Manager - WeMoms
7404,Chef de Partie / Kitchen Leadership - JOEY Mayfield
7405,Senior Data & AI Governance Lead (Saudi Arabia)
7406,IT-Consultants Graduates (f/d/m)
7407,Plant Care Specialist
7408,"Clinical Psychologist / Counselor (Massachusetts, US)"
7409,"Account Executive, SUDOSCAN"
7410,Sales Development Representative (US AI startup)
7411,Ingénieur Logiciel
7412,Account Executive - United Kingdom (Remote)
7413,"Account Executive, Schools"
7414,Large Format Digital Press Operator
7415,"Software Engineer, Network"
7416,Provider Partnerships Manager (Hempstead)
7417,Provider Partnerships Manager (Chicago)
7418,Provider Partnerships Manager (New Brunswick)
7419,Performance Creative
7420,Senior Growth Marketing
7421,Sales Representative - US Staffing
7422,Project Process Engineer
7423,Junior Static Stress Engineer (m/w/d)
7424,Digital Graphic Designer
7425,Web Developer (React / WordPress - In-Office Philadelphia Suburbs)
7426,Member of Technical Staff - Geometry / Meshing Engineer
7427,Product Manager (SRA - VDB)
7428,"Senior Partner Sales Manager, CSPs"
7429,"Senior Software Engineer, Infra/Systems"
7430,ALTERNANCE - Assistant Responsable Développement Foncier - F/H
7431,"Director, Data Management"
7432,"Machine Learning Engineer, App SW"
7433,Account Executive - Commercial Sales (Future Opportunities)
7434,Data Collector (International)
7435,Multi-Licensed Inspector
7436,Junior Email & SMS Marketing Specialist
7437,Data Entry Specialist | Ασπρόπυργος
7438,Technical Service Engineer Charging Solutions NL
7439,"Associate Vice President, Change Management"
7440,Autonomy Engineer - Deep Learning Infrastructure
7441,VP of Site Reliability
7442,Outbound Account Executive - Retail
7443,Revenue Strategy Associate
7444,Senior Planner
7445,Elektroniker (m/w/d) Großkomponententausch
7446,Head of Sales Operations
7447,Sales Development Representative - Automotive
7448,Ecommerce Manager (Remote) | LATAM
7449,Skilled Tradesmen
7450,"Commercial Senior Lawyer (Consumer, Health & Tech)"
7451,Firmware Engineering Intern
7452,"Special Projects, GTM"
7453,"Founding Strategic Partnerships, Cloud & Alliances"
7454,Staff Electrical Engineer (Sensors & Imaging Systems)
7455,"Software Engineer, Ad Formats"
7456,Senior Build Quality Engineer
7457,Senior Data Engineer (f/m/d)
7458,(9010) Firmware Test Engineer
7459,Remote Marketing Creative Specialist
7460,Data & AI Manager
7461,Sr. Criminal Defense Attorney
7462,Field Technician - Mexico
7463,AI Creator
7464,"Manager, Revenue Operations, SG"
7465,Camera Systems and Calibration Engineer
7466,Senior Strategic Financial Analyst
7467,"Technical Program Manager, Support Delivery"
7468,"Software Engineer, AI & Automation"
7469,"Staff product engineer, full-stack"
7470,Principal Cloud Architect
7471,Technical Solutions Consultant
7472,Senior Ecommerce & Performance Marketing Product Owner
7473,Senior Build & Integration Engineer
7474,Team lead / Manager Valuation
7475,Fire Sprinkler Service Technician - Odessa
7476,General Accountant
7477,HR Admin & Assistant
7478,"Fullstack Software Engineer, Notifications Lifecycle"
7479,"Member of Technical Staff, Infrastructure"
7480,Doula (Future Opportunities)
7481,"Senior Regulatory Counsel, Americas"
7482,"Staff Network Production Engineer, Deployment"
7483,Strategy & Operations Associate Principal
7484,International Partnerships Manager
7485,Product Manager — Electronic Warfare (Offboard & Cross-Platform)
7486,"Financial Analyst, Client Advisory"
7487,Business Development Manager - Electromechanical Components
7488,Junior Web Developer
7489,Guest Relations Officer (Part-timer) (Gilmore/Rempapa)
7490,Azure Cloud Engineer II
7491,"Senior Product Manager, Member Experience"
7492,"VP, Success & Services"
7493,VERKAUFSBERATER/IN TRANSPORTER / LEICHTE NUTZFAHRZEUGE (M/W/D)
7494,Legal Engineer – German-speaking
7495,Board-Certified Orthopedic Surgeon
7496,Radar System Engineer
7497,Senior Rigging Artist
7498,Υπάλληλος Εξυπηρέτησης Επιβατών
7499,High-Thrust Engine Lead
7500,Accounting Manager (Part-Time)
7501,Account Executive (Southern California)
7502,"Staff Technical Program Manager, Software"
7503,Relationship Manager & Servicing Advisor
7504,GTM Account Executive
7505,Sales and Leasing Specialist
7506,Digital Signal Processing Engineer
7507,ERP & Business Systems Manager
7508,"Named Account Manager, Enterprise"
7509,Product Engineer - Backend Leaning
7510,"Senior Account Executive, AI Automation and Agent Solutions"
7511,IQOS Trade Specialist - Προωθητής B2C στη Μικρή Λιανική (Αγρίνιο)
7512,Clinical Psychologist - Beckley WV
7513,Senior Backend Engineer (.NET)
7514,Orthopaedic Surgeon | Staff Specialist | 0.5 FTE
7515,Senior Aircon Servicing Technician
7516,Senior Software Engineer - Mobile (Android)
7517,Machine Operator(CNC Press Break)
7518,Satellite Systems Engineer
7519,"Specialty Account Manager, Symbravo (Chattanooga, TN)"
7520,Business Development Manager (China Market)
7521,"Software Engineer, Agent Harness"
7522,"Senior Software Engineer, Agent Studio"
7523,"Senior Software Engineer, Core Product"
7524,"Manager, Account Executives"
7525,Clinical Support Specialist
7526,Senior E-commerce MOR/SOR Operations Manager
7527,Senior Business Development Manager (ThinQ Pro)
7528,"Software Engineer, Spend"
7529,Manager of Artificial Intelligence
7530,Automotive Technician Apprenticeship for Military Veterans - Janesville Kia
7531,Automotive Apprenticeship for Military Veterans - Ewald Kia of Oconomowoc
7532,Senior Methods Agent - Mechanical Systems (Production Support)
7533,Shipping & Receiving Clerk (Contract - 1st shift)
7534,"Quality Technician, Chassis/GA (Contract - 2nd shift)"
7535,"Senior Security Engineer, Identity & Access Management"
7536,"Senior / Principal ML Scientist, Foundation Models for Life Sciences"
7537,"Software Engineer, AI Platform"
7538,"Staff Forward Deployed Engineer, Physical Sciences (Level Flexible)"
7539,"Senior / Engineer II, AI Lab Research Engineer"
7540,Product Marketing Lead
7541,"Software Engineer, Staff (Applied AI)"
7542,Backend JVM Software Engineer | IC3
7543,Data Scientist Expert
7544,"Head of Credit, Brazil"
7545,AI Research Engineer - Foundation Models
7546,Customer Care Associate
7547,Marketing Manager
7548,"Web3 Internship- Product Management Intern, OneSavie Lab"
7549,🥥AI Automation Specialist- Job Code: 1778614099542806
7550,"Testing Technician, Switchgear"
7551,"Testing Technician, PEC"
7552,Manager - Anchor Cultural Program
7553,Oil & Gas Consultant - AI Discovery Support
7554,Staff Engineer - Linux Kernel and Device Driver
7555,Registered Nurse (RN) Rehab Nurse Part-Time 12-Hour Day Shift
7556,"Negotiator, Digital Partnerships"
7557,Associate Business Development Representative
7558,Looking for other roles? Join our Talent Community!
7559,Lead Engineer
7560,Publishing Manager - Eastern Europe
7561,Supplier Quality Engineer (Electronics)
7562,Développeur sénior en support logiciel
7563,2026 Early Career System Hardware Design Engineer
7564,Expression of Interest - Shift/Bridge Supervisor
7565,Heavy Equipment Assessor (Trainer)
7566,Head of Marketing (US)
7567,"Software Engineer, Infrastructure (TOR)"
7568,General Application - People Operations
7569,Head of Commercial Legal
7570,Engine Sales and Leasing Manager
7571,"Inside Sales Representative MM, EMEA (PAM)"
7572,"Forward Deployed Engineer, Lead - AI Engineer"
7573,Senior Fraud Analyst
7574,"Account Director, Digital Natives"
7575,Agent Deployment Engineer
7576,Performance Manager - People & Culture
7577,Interior Designer / FF&E specialist
7578,Technical Sales Consultant - AI & Analytics
7579,"Store Associate, Greenwich"
7580,"Keyholder, Charleston"
7581,"Store Associate (Part-Time), Dallas"
7582,"Keyholder, Wilmette"
7583,Founding Growth
7584,Locomotion & Whole-Body Control Engineer (human)
7585,"Analytics Lead - Data, Measurement & Impact"
7586,Space Datacenter Architect
7587,Architect - Interior Designer
7588,Senior Google Ads Specialist
7589,Full Time Hospice Certified Nursing Assistant
7590,Field Sales Representative (PT/FT) -Cities across South-Western Ontario
7591,Ingénieur(e) thermodynamique
7592,UI/UX Design Lead
7593,Product Implementation Engineer
7594,Head of Operations
7595,"Account Executive, High Velocity"
7596,Banking Technical Consultant - SA
7597,Scheduling Specialist
7598,Team Lead Sales Development Representative (AI x Greentech) (m/f/d)
7599,"Senior Delivery Manager, Enterprise AI"
7600,"Survey Technician Chicago, IL"
7601,Business Development Manager M/F
7602,Prekių ženklintojas (-a)
7603,REQUEST FOR EXPRESSIONS OF INTEREST: Consultancy Services (TAAT II)
7604,"Senior Full Stack Developer (NodeJS, ReactJS) - GS26008"
7605,Audit Committee Office/監査委員会室 - Mercari
7606,"Field Nurse Practitioner / Physician Assistant - Montgomery County, Ohio"
7607,Automotive Apprenticeship for Military Veterans - Car Pros Kia Moreno Valley
7608,Hλεκτρολόγος Μηχανικός | Electrical Engineer
7609,Logistics Operations & Data Specialist
7610,General Opportunities
7611,Assembly Line Lead
7612,Vehicle & Mission Operations Engineer
7613,Regional Sales Manager DoD
7614,Lead System Application Engineer (Optical)
7615,General Application: Recovery Counselor (LCSW or LMFT)
7616,Production Team Lead – Commissioning of Humanoid Robots (human)
7617,Manufacturing Systems Engineering Technician
7618,Zelfstandig Samensteller/Lasser
7619,"Structured Finance, Associate"
7620,Senior Software Engineer (Product)
7621,"Small Animal Veterinarian, Cooperstown, NY"
7622,Automotive Technician Apprenticeship for Military Veterans - Habberstad Kia
7623,MY - CS - Product Operations
7624,Account Executive (SMBs)
7625,Production Manager - Joinery Fabrication
7626,Automotive Apprenticeship for Military Veterans - Diehl Kia of Hermitage
7627,Logistics Admin
7628,HubSpot Automation Specialist
7629,Technical Trainer - Instrumentation
7630,Closure Costing Engineer
7631,Product Manager- Permissions and Delegation
7632,"SVP, Head of Japan & South Korea"
7633,"Cybersecurity Engineer - Cloud, Ops (human)"
7634,Behavioral Health Coach (Khmer-speaker)
7635,"Εξωτερικός Πωλητής ΔΕΗ Fiber | από 1.100€, bonus, αυτοκίνητο |SoMe"
7636,Board-Certified Plastic Surgeon
7637,Sales Advisor Τεχνολογίας -Καταστήματα Θεσσαλονίκης
7638,Sales Manager DACH
7639,Senior Driller
7640,Project Sales Executive/Business Development
7641,Technical Team Lead
7642,Senior Technical Support Engineer-Japan
7643,"Structured Finance, Lead"
7644,Senior Structures Design Engineer
7645,Seasonal Retail Ambassador - Greenwich
7646,"Senior Associate, Software Engineer – Data Platform & AI Applications"
7647,Operations Associate - Part Time (North Hollywood)
7648,Forward Deployed Site Reliability Engineer (TS/SCI Required)
7649,Mid Market Account Executive - German Speaking
7650,Sr. Incentive Analytics Manager
7651,Incentive Analytics Manager
7652,Game Developer - Midcore Games
7653,"Senior Manager, Strategic Partnerships"
7654,Automotive Technician Apprenticeship for Military Veterans - Evans Kia
7655,Automotive Technician Apprenticeship for Military Veterans - West Hills Kia
7656,Talent Pool: High School Maths/Maths Literacy Educators - 2026
7657,AI Robotics Research Engineer
7658,Fixed Asset Manager
7659,"Associate, Acquisitions & Development"
7660,Key Account Manager (Texas)
7661,BDR | SMB | German Market (Berlin)
7662,"Senior Medical Science Liaison - Gene Therapy US Medical Affairs, Northeast"
7663,AI Pioneer
7664,CNS Graduate Assistant (Summer 2026 C91250)
7665,Sales Development Representative - B2B
7666,Enterprise Solution Engineer (Pre-Sales)
7667,Licensed Independent Clinical Social Worker - Remote
7668,Lead ML Engineer - Lane & Route Network Mapping
7669,Principal Machine Learning Engineer
7670,IT Business Partner for Sales
7671,Ergotherapeut (m/w/d) für die Mobile Geriatrische Rehabilitation
7672,Service Desk / Technical Support (human)
7673,Product Growth & Partnerships Manager | Based in Europe
7674,Future Operations Mission Assignments - Keep Me In The Loop
7675,Growth Marketer
7676,Podiatrist
7677,Director of Software Engineering (US)
7678,Business Partner - Indragiri Hulu (Riau)
7679,Team Leader (Branch Supervisor) - Purwokerto Barat
7680,"Regional Sales Director, SLED"
7681,Senior Field Scientist
7682,Staff Attorney - eDiscovery
7683,"Research Engineer, Multimodal Data"
7684,Supplier Quality Engineer (AZ)
7685,"Specialty Account Manager, Long Term Care (Columbus, OH)"
7686,Site Reliability Engineer (m/f/d)
7687,"Manager, Software Engineering - Front end/Mobile"
7688,Propulsion Engineer (II - III)
7689,Online Marketplace Operations Specialist
7690,Licensed Clinical Mental Health Counselor - Remote
7691,Wireless Camera Operator
7692,"Engineering Manager, Electro-Optical Systems"
7693,Commercial Lines Insurance Producer
7694,"New Home Sales Professional - Port St. Lucie, FL"
7695,Outpatient Hand Therapist CHT
7696,Visual Designer / Graphic Designer (NYC)
7697,Hydrojetter / High Pressure Jetting Technician / Water Jetting Technician
7698,Assistant Restaurant Manager (Osteria Mozza)
7699,General Operative- Abattoir
7700,"Staff Software Engineer, Cortex AI Search Infrastructure"
7701,Staff Software Engineer - Agentic First
7702,Shipyard Industrial Engineer
7703,Global Talent Acquisition Program Manager
7704,Product Manager - Agent Experience & Customer Operations
7705,Hiring Caregivers for Short Shifts 4 hours at 25 Per Hour
7706,Account Executive - Mid Market
7707,Spécialiste 3D / SIG / BIM - Jumeau numérique
7708,"VP, Senior Product Security Engineer"
7709,"Associate Director, Data Management & Visualization"
7710,"Buyer, Local Investment"
7711,"Senior Associate, Integrated Investments"
7712,"Group Director, Growth Analytics"
7713,"Senior Account Executive OR Account Supervisor, Lifestyle"
7714,Senior Backend Engineer - Team Atlas
7715,IT Applications Support
7716,Architecte d affaires senior
7717,Automotive Technician Apprenticeship for Military Veterans - Serra Kia
7718,Projektmanager/in Schaltanlagenbau
7719,Automotive Mechanic Apprenticeship for Military Veterans - Sterling Kia
7720,"New Business Sales Representative ($40,000-$66,000/yr)"
7721,"Senior Software Engineer (iOS), Financial Platform"
7722,Revenue & Billing Operations Lead
7723,Full Stack Developer (React and Ruby on Rails)
7724,AI Outcomes Associate
7725,Street Outreach Manager (Field-Based) - California
7726,RV Service Technician
7727,Croatian Travel Agent - Work within Greece
7728,Licensed Psychologist - Remote
7729,Licensed Marriage and Family Therapist - Remote
7730,Business Operations Lead
7731,Deployment Lead | Oil & Gas
7732,Electrical Engineer II
7733,Strategic Account Executive - South
7734,Engineering Lead- Options
7735,Steuerberater I Manager Tax (m/w/d)
7736,Customer Success Manager (EMEA)
7737,Project Development Manager
7738,Mortgage Broker Assistant / Loan Processor - 179
7739,Senior Database Reliability Engineer (DBRE) & Architect (remote work)
7740,Concierge Agent - CRETE
7741,Automotive Apprenticeship for Military Veterans - Battleground Kia of Greensboro
7742,Neuropsychologist
7743,CalAIM Community Health Worker
7744,Program Manager 2
7745,Scanning Technician
7746,Requirements Manager
7747,"Software Engineer, Identity & Access Management"
7748,Robotics Middleware Founder
7749,Manager Cloud Architect - Paris
7750,Data Analytics Manager
7751,Intern Data Engineer
7752,Billing & Analytics Software Engineer
7753,Backend Engineer (Paris)
7754,Sales Development Representative- EMEA
7755,Supply Chain Associate
7756,Senior Subcontracts Specialist (EGP)
7757,AI Automation Engineer
7758,Senior Video Editor Remote (Full-Time)
7759,Senior Systems Engineer - IAM
7760,Account Executive - Fintech Named
7761,Legal Engineer - In-House
7762,Software Engineer (Defense)
7763,Account Executive - ConTech
7764,Investment Specialist (Singapore)
7765,Customer Care Manager
7766,Site Reliability Engineer-Ads / Monetization Platform
7767,Cloud Infra Ops/Cloud Engineer
7768,Automotive Technician Apprenticeship for Military Veterans - Southside Kia
7769,Finance Director
7770,"Scientific Solutions Partner - Copenhagen, Denmark"
7771,Manager of Salesforce Development (Serbia)
7772,Agentic Finance Engineer
7773,"Software Development Manager, AI Builder Tools"
7774,Senior Naval Architect
7775,Sales Recruiter
7776,Talent Pool
7777,Candidatura Espontânea - IKEA Industry Portugal
7778,Solutions Architect (Insurance) - Fully Remote
7779,Web Designer - Freelance
7780,Brand Intern
7781,"Full Stack Software Engineer, Education"
7782,Account Manager Lead - Enterprise
7783,Product Manager - MoneyLion
7784,Commercial Roofing Services - Independent Contractor Companies
7785,Independent Contractor - Commercial Cleaning Services
7786,Procurement Engineering / Supplier Transition
7787,Pharmacist
7788,HVAC Services (Commercial Facilities) - Independent Contractor
7789,HR Intern
7790,Buyer
7791,Senior Forward Deployed AI Engineer
7792,Sales Operations Specialist
7793,"Data Scientist, Intern - MoneyLion"
7794,Princ Sailpoint Engineer
7795,"Engineering Lead, Scale"
7796,"Pre-Sales Solutions Engineer (San Francisco, CA)"
7797,Rural Generalist - Obstetrics Procedural
7798,Sales Account Manager
7799,Senior Powertrain Costing Engineer
7800,DC Operations Shift Technician - (SS-FNW250905 002/04)
7801,Customer Account Executive
7802,Master Level Automotive Technician
7803,Feature Lead
7804,"Head of System Architecture, Frontier AI Hardware"
7805,Candidature Spontanée
7806,AUXILIAIRE DE VIE H/F
7807,Spécialiste CVC
7808,Brand Manager.
7809,Business Development Account Manager
7810,Bilingual Front Desk Host - Spanish/English
7811,Youth Soccer Coach - Girls Soccer Development Program
7812,Facility Receptionist & Host
7813,Project Integrator
7814,"Officer, Operations & Partnerships"
7815,"Member of Technical Staff, API"
7816,Account Executive - Enterprise NYC
7817,Lead Brand & Growth Marketer- Executive Initiatives
7818,"Capital Solutions Manager (Data OS, Insight OS)"
7819,Senior C++ Engineer - Satellite Real-Time Control Systems
7820,Robotics Control Engineer (human)
7821,Senior Software Engineer - NEURAGym (Mensch)
7822,"VR General Practitioner - Penrith, Sydney | DPA (MMM1)"
7823,Salesforce Technical Architect (Poland)
7824,"Manager, Sales Enablement"
7825,Agent Partner Amarthalink Madiun (Walk In Interview)
7826,External Hazards Regulatory Engineer
7827,Business Partner HSS
7828,Application Development Manager
7829,UAE National Graduates
7830,Senior AI Engineer — Voice
7831,Senior / Staff QA Engineer
7832,Senior Software Engineer - Applied AI
7833,AI Engineer (Applied)
7834,Data Platform Engineer
7835,Mid Market Account Executive (SF)
7836,"Enterprise Account Executive (SF, NY)"
7837,Damage Detection and Repair Expert (m/w/d)
7838,Experienced Mechanical Engineer
7839,Enterprise Demand Generation Lead
7840,AI Solutions & Automation Architect - GoHighLevel
7841,EdTech Sales Representative- Los Angeles Territory
7842,AI Developer - Dutch Speaking
7843,"Staff Software Engineer, Storage"
7844,Customer Service Quality Assurance (QA) Analyst
7845,Unisciti a Enpal: trasferisciti a Tunisi e fai crescere la tua carriera!
7846,"Deployment Lead (DL), FDE - Tokyo"
7847,"Staff / Principal Machine Learning Engineer, Inference - UK"
7848,Intermediate Full Stack Software Engineer
7849,"Senior Account Executive, San Francisco (Startup Banking)"
7850,Chief of Staff to CEO
7851,Category Executive
7852,"Senior Site Reliability Engineer, Spend"
7853,Internal Controller
7854,7002 Budgets and Forecast Analyst
7855,Retail Operations Intern
7856,Plumbing Manager
7857,Greenhouse Field Technician
7858,Customer Service Agent
7859,Senior Front End Engineer - Remote
7860,"Technical Writer, Product Documentation"
7861,Member of Technical Staff - Site Reliability
7862,(Agency) - Regional Director
7863,Pipe Fabrication Supervisor - Plant Experience (Short Term - 25 Days)
7864,Chief Marketing Officer
7865,Technical Recruiter (Entry Level)
7866,MICE Experience Executive | AYANA BALI
7867,Responsable Facturation
7868,"AI/ML & Prompt Engineer LLM, RAG & Voice Agent"
7869,Staff Backend Engineer
7870,Software Engineer (C++) (INDIA)
7871,Formateur technologique
7872,"Senior Product Manager, Fortary"
7873,Career Development Specialist (Case Manager)
7874,International Account Executive
7875,Postdoctoral Research Fellow (Zuercher Lab) - Generative Biology Institute
7876,AI Infrastructure Engineer
7877,Mid-Sr PPC Specialist (Google Search)
7878,Systems Engineer - Machine Learning
7879,Business Applications Developer
7880,Accounts & Payroll Executive (Malaysia based)
7881,Staff Applied AI Scientist
7882,Engineering Technical Change Manager H/F
7883,Sales and Design Consultant
7884,Account Executive (Advisory) - Frankfurt (m/w/d)
7885,Hybrid BCBA
7886,Technicien aquatique
7887,"Pearl Talent - Growth Associate, GTM I044"
7888,Speech Language Pathologist (SLP) - Outpatient
7889,Physical Therapist (PT) or Physical Therapist Assistant (PTA) - Outpatient
7890,Technical Recruiter (Mensch)
7891,"Senior Engineer Software Development, I"
7892,Financial Planning Manager - Jordan
7893,5006 Interiors Design and Release Engineer Jr
7894,Senior Sales Executive - Full time - permanent - Gateshead
7895,German Customer Support for a New Online Payment Platform - Athens
7896,Assistant HR Manager
7897,Medical Biller
7898,Physician Reviewers - Hematology/Medical Oncology (Stem Cell Transplant )
7899,"Lead Speech Language Pathologist (Full-Time, $7,500 Sign-On Bonus)"
7900,Software Engineer – AI Agents
7901,VERKAUFSBERATER*IN / SALES MANAGER*IN BMW (M/W/D)
7902,Mecânico (M/F) - Zona Oeiras
7903,FP&A Supervisor
7904,Opérateur en traitement des eaux mobile - Rive-Nord
7905,【28卒対象】 Product Manager / プロダクトマネージャー - Mercari Group (Internship)
7906,Director of Product Management
7907,"Préposé à la circulation, navette et stationnement"
7908,Remote Therapist - Idaho
7909,Remote Therapist - South Dakota
7910,Remote Psychiatric Nurse Practitioner (PMHNP) - Washington
7911,Remote Psychiatric Nurse Practitioner (PMHNP) - Rhode Island
7912,"Head of Customer Success, Enterprise"
7913,Remote Psychiatrist (MD/DO) - Virginia
7914,Remote Psychiatrist (MD/DO) - Utah
7915,Remote Psychiatrist (MD/DO) - New Hampshire
7916,Remote Psychiatrist (MD/DO) - Arkansas
7917,Custodial Team Member
7918,Licensed Preneed Funeral Director
7919,B2B Marketing Lead
7920,Associate Solution Architect
7921,"Director, Data Science"
7922,Game Tester
7923,Facilities Floor Technician Specialist
7924,Janitorial Team Member
7925,Janitorial Independent Contractor - Companies not Individuals
7926,SEO Specialist Remote - Manila based
7927,AI for Finance Coach
7928,"Physical Therapist - Outpatient at Home (Northwest Brooklyn, NY)"
7929,"Service Desk Engineer (L1) - Mandarin(Speaking, writing, Reading)"
7930,Accounts Payable (AP) Specialist (Non-inventory)
7931,Senior Software Engineer-Cantonese Speaker
7932,Paraprofessional
7933,Superintendent - Construction Sporting Events - Scaffolding
7934,Sr. Project Manager - Data Centers
7935,Senior Application Support Engineer
7936,PCB Layout Engineer
7937,Senior Pre-Sales Solutions Engineer - Europe
7938,Warehouse Associate (Dallas-Fort Worth)
7939,Inventory Associate (Dallas-Fort Worth)
7940,Paid Media Marketer
7941,Casual Teacher
7942,Insights Strategist
7943,Break Into AI Careers Coach
7944,Sales Development Representative - Solar Energy
7945,Automotive Apprenticeship for Military Veterans - Crain Kia of Fort Smith
7946,Loss Prevention Specialist
7947,Automotive Technician Apprenticeship for Military Veterans - Raymond Kia
7948,Design Manager
7949,Solutions Architect - AI Model Specialist
7950,Remote Acute Care Psychiatrist - West Coast
7951,Space Planning Coordinator
7952,"Senior Software Engineer, Cloud"
7953,Invoice Finance Business Development Manager
7954,Senior Backend QA Engineer
7955,AI ERP Implementations Lead
7956,Member of Technical Staff - Platform Foundations
7957,"Software Engineer, Billing"
7958,Account Manager (Marketing Agency)
7959,Country Manager - Indonesia
7960,Προσωπικό Παραγωγής Στείρου Χώρου
7961,Senior Applied AI Scientist (AI Marketplace)
7962,"Software Development Engineer III, Logistics API"
7963,"Sales Development Representative, EMEA (Outbound)"
7964,Servicemonteur Melkrobots Texel
7965,Solutions Engineer (m/f/d)
7966,Franchise Law.
7967,"On-Call IT Field Technician - Topeka, KS - Hiring NOW"
7968,Aviation Aircraft Maintenance Engineer (AME) - Apprentice
7969,Project Development Project Manager II
7970,Senior Business Travel Consultant - Spanish speaking - Remote
7971,Scientist - Ensemble Structural Informatics (CURRENTLY NOT ACCEPTING APPLICATIONS)
7972,Credentialing & Enrollment Lead
7973,Initiativbewerbung Ausbildung & Duales Studium - Berlin oder Lübeck
7974,"Intern/ Graduate Software Engineer, NZ"
7975,Senior IT Risk & Security Specialist - Mercoin
7976,Credit Analyst (Australian Mortgage) - onsite anywhere in the PH
7977,Chief Marketing Officer (CMO)
7978,ATC Radar Systems Installation and Activation Manager - MID Level
7979,Project Executive - Mission Critical
7980,Assistant Project Manager- Construction Observation & Testing (COT)
7981,Member of Technical Staff - Technical PM
7982,Physical Therapist - Outpatient at Home (Massachusetts)
7983,Director of Product : Computer Vision Solutions
7984,Web3 Security Engineer
7985,Kitchen Crew
7986,Business Development Manager (B2B Travel) New York
7987,Accounting Lead
7988,Remote Account Executive
7989,夜班滅蟲服務員兼司機 Night Field Service Technician & Driver
7990,"Full-Stack Developer (Python, React, AI)"
7991,Tech recruiter
7992,Senior Generalist Asset Artist
7993,"Senior Specialist, Trustee Operations"
7994,Propulsion Technician
7995,"Senior Sales Engineer, Strategic (EMEA - German + English)"
7996,Conseiller(e) de vente - Talange CDD 35H
7997,Agent Partner (Sales Akuisisi Amarthalink) - Cilacap
7998,Quality Lead
7999,Bartender - Agali Hotel Paxoi
8000,"Infrastructure Developer, Platform Engineering"
8001,Integration Developer
8002,Administrative Assistant (International)
8003,Strategic Finance
8004,C2 Software Engineer
8005,Referent/in Genehmigungs- und Planungsrecht (m/w/d)
8006,Lead Security Engineer (Cloud Security & Architecture)
8007,FBS Guidewire Developer Application Developer II
8008,eCommerce Growth Manager
8009,Prototyping Support Technician (Saudi Arabia)
8010,Spécialiste cybersécurité applicative
8011,Embedded Perception Engineer
8012,Children's Sports and Fitness Coach
8013,Daycare Youth Soccer Coach - Daytime Weekdays - Part-Time - Maple Grove
8014,Hardware Design Engineer
8015,Credit Risk: Consultant - Senior Consultant
8016,Praktikum als Polsterer (m/w/d)
8017,OTC – Sales Order Processing (Executive and Senior Executive)
8018,"Youth Soccer Coach - Bergen County, NJ"
8019,NSA Medical QA Specialist
8020,Senior Sales Representative
8021,Civils Manager
8022,"Senior Account Manager, Americas"
8023,Join Cedar's Talent Community!
8024,Senior Strategy and Data Analyst
8025,AI Training Contributor - Mandarin/Simplified Chinese - Remote
8026,Customer Onboarding Specialist
8027,Senior Recruiter (Mid-career / Tech) - Mercari
8028,Legal & Comliance Counsel
8029,Senior Sales AI Engineer
8030,Account Lead
8031,"Software Engineer, Infrastructure"
8032,"Software Engineer, Site Reliability"
8033,Chargé d'affaires - Surveillant Technique mécanique H/F
8034,Senior Embedded Software Engineer
8035,Boutique Beauty Advisor| South Coast Plaza
8036,Telehealth Physician Assistant - Eating Disorders (New York-Remote)
8037,Director Business Development & Partnerships
8038,Software Developer - Python/Java
8039,Senior Software Developer (C++) in Bioinformatics and Big Data
8040,Engineering Team Leader
8041,"Manager, Transaction Services (m/f/d)"
8042,Senior Staff Electrical Engineer
8043,Military Veteran Automotive Technician - Garvey Kia
8044,AI Native Full-stack Engineer
8045,Military Veteran Automotive Technician - Raceway Kia of Freehold
8046,Υπεύθυνος Διαχείρισης Υδάτινων Πόρων
8047,Military Veteran Automotive Technician - Gervais Kia
8048,Military Veteran Automotive Technician - Kia of Stamford
8049,Military Veteran Automotive Technician - Sansone Kia
8050,Military Veteran Automotive Technician - John Starks Kia
8051,Preschool Soccer Coach
8052,Pearl Talent - Strategic Operations Associate - I037
8053,Orthopedic Physician | Outpatient | Part-Time
8054,Military Veteran Automotive Technician - O'Brien Kia of Bloomington
8055,MDR Platforms Engineer
8056,Military Veteran Automotive Technician - Williams Kia
8057,Military Veteran Automotive Technician - Seelye Kia of Kalamazoo
8058,Ingénieur d'affaires en Financements et Subventions H/F
8059,Senior Building Surveyor - Fire Safety Advisory
8060,"Production Technician II - Full Time - (Weekend, Fri-Sun)"
8061,Electrical BIM Intern
8062,(fluent Ukrainian and English) Legal Counsel (Global)
8063,Network Lead - NCR Region
8064,"Senior Software Developer, Compliance and Multi-Region"
8065,Test Automation Engineer (iOS)
8066,Research Scientist: Pretraining
8067,Clinic Manager
8068,Scaffolding Crew Lead AZ - Professional Sporting Events
8069,Commercial Real Estate Leasing Broker
8070,AI Training Contributor - Dutch (Belgium) - Remote
8071,Consultant Achats Travaux Senior F/H
8072,Drilling Rig Foreman (Rig-Less)
8073,Account Manager - LATAM
8074,Account Executive - Government
8075,Designer (Generalist)
8076,"Staff Software Engineer, Technical Lead – Merryfield"
8077,Junior Engineer
8078,DV Intern
8079,Firmware Intern
8080,Youth Soccer Instructor
8081,GRE Tutor
8082,Network Administrator (SATCOM)
8083,Senior Trading Anti Fraud Specialist
8084,AP - Financial Analyst (Remote)
8085,Document Controller
8086,General Interest
8087,AI Training Contributor - French (Canada) - Remote
8088,AI Training Contributor - Arabic (United Arab Emirates) - Remote
8089,Assistant Manager - Internal Audit Assurance - Development and Value Creation
8090,Software Engineer - Mapping and Localization
8091,"Engineering Manager, DBRE - Mercari"
8092,Ruby on Rails Developer
8093,معلم - المنهج الوطني
8094,Internship at Teltonika IoT academy | Kaunas
8095,Comptable Banque - Client (H/F)
8096,"Clinical Provider (Albury, Australia)"
8097,"Integrated Campaign Manager, North America (New York)"
8098,Senior Business Travel Consultant - Spanish speaking
8099,"Senior Manager, Financial Partnerships APAC"
8100,AI Engineer / Artificial IntelligenceContract- Banking
8101,Software Solution Architect
8102,Quantitative Researcher
8103,"Software Engineer, Product"
8104,Sales Manager - Digital & Decarbonization
8105,Interior Designer
8106,Senior Process Engineer - Oil & Gas (Saudi Arabia)
8107,Java Developer - SharePoint / PowerApps Development
8108,"Digital Consulting Architect, CPQ"
8109,Directeur des opérations
8110,Responsável de Oficina (M/F) - Margem Sul
8111,Future Opportunities at EarnIn
8112,Cloud Database Infrastructure Engineer (EMEA Remote)
8113,Embedded Software Engineer - Real-Time Embedded
8114,Open Application
8115,Video Data Capture for AI in Construction (1 Day/Week)
8116,"Automobil-Luxusmarken-Evaluator - Frankfurt Region, DE"
8117,Product Planning Specialist
8118,Finance Officer -Shared Services (Saudi Arabia)
8119,Technical Enablement Director
8120,Software Engineer (intermediate level)
8121,Founding Engineer (£360k+ )
8122,Healthcare Data Analyst
8123,Sr. Electrical Engineer
8124,"(Senior) Relationship Officer, Surabaya"
8125,AWS Data Engineer
8126,Warehouse/Αποθηκάριος
8127,Financial Crime Compliance (FCC) Consultant / Assistant Manager - Riyadh
8128,Trainee Engineer
8129,Shipping Associate (Austin)
8130,Független Értékesítő - Debrecen
8131,Nurse
8132,Χειριστής Μηχανημάτων Παραγωγής
8133,Senior Plumbing Engineer
8134,Strategic Growth Executive
8135,Mammography Radiologic Technologist
8136,"Regional Vice President, Enterprise Sales, West Region"
8137,"Operations Manager, Business Operations"
8138,AI Researcher — Training Optimization
8139,"Account Director, Large Enterprise - Tokyo"
8140,CSA QA/QC Engineer
8141,Senior/ Principal Statistical Programmer | Long Term Contract | Remote
8142,Business Development Manager - Partnerships
8143,Product Developer Intern
8144,"Member of Technical Staff, Cloud Orchestration"
8145,0145 - IOS Frontend Mobile Developer (React Native) Sr
8146,"Évaluateur de marques de luxe automobile - Monaco (Basé sur la mission), MC"
8147,Software Engineer - Test Automation
8148,"Senior/Staff Product Manager, Agentic Practice"
8149,Sales Lead - Core Insurance Software Solutions (Japan)
8150,Junior Legal Applications Engineer
8151,Staff Frontend Engineer ($400k - $500k salary)
8152,Lehre als Elektrotechniker für Anlagen- und Betriebstechnik (m/w/d)
8153,Presales Consultant - NEC Revenues (CTAX & NDR)
8154,Machine Learning Engineer - All Levels
8155,Automation Developer
8156,Data Artist
8157,"Delivery Manager, L2C, US"
8158,"Senior Backend Engineer, Spend Team (Cards)"
8159,Make Up Expert
8160,"Board Certified-(M.D, D.O) Ohio Orthopedic Advisor-Certified for IME"
8161,Quality Assurance Analyst (Financial Crime)
8162,Accounting Specialist (MY)
8163,Safety Response Operations Lead
8164,Applied AI/ML Scientist
8165,Telehealth Physician (Full Time)
8166,Structural Project Manager
8167,Product Engineer - Pipes & Vault
8168,"Senior Software Engineer, Issuing Platform"
8169,"Finance Manager, Ever SF"
8170,Operations Executive - Thane East
8171,Product Support Specialist
8172,AI Engineer – Routing & Network Optimization
8173,Full Stack Engineer - Python+React
8174,"Site Reliability Engineer, Inference Infrastructure"
8175,Senior Platform Software Engineer - SRE
8176,Chef ou Cheffe de clinique en radiologie avec titre de spécialité - 100%
8177,Solutions Engineer (West Region)
8178,Project Manager (Saudi Arabia)
8179,Travel Physical Therapist (PT) - Outpatient Clinic
8180,Business Manager (Kepala Cabang) - Tapanuli - Sumatera Utara
8181,IT Asset Management Analyst (Saudi Arabia)
8182,Business Manager (Kepala Cabang) - Karo - Sumatera Utara
8183,Travel Speech Language Pathologist (SLP) - Pediatric Outpatient Clinic
8184,"Member of Technical Staff, Design Engineer"
8185,"Engineering Manager, Risk"
8186,Principal Backend Engineer - Java
8187,Senior Fullstack Software Engineer
8188,IT Support Engineer-Part Time
8189,Dutch Content Moderator - Athens
8190,Enterprise Engineer
8191,Director of Solutions Engineering - EMEA
8192,Weekend Squad
8193,Mid-Senior Healthcare Professional
8194,Crisis Helpline Responder (New Zealand)
8195,Join our Talent Community!
8196,"Software Engineer, Trading Platform"
8197,Software Engineers | All Levels
8198,Stage RH - 6 mois
8199,Project Engineer - Electrical Substations
8200,Académie Ascension avec Air Transat
8201,Industrial Engineering & Operational Excellence Professionals
8202,Senior Fullstack Engineer
8203,"Youth Sports Coach - Westchester, NY"
8204,Payment Posting Specialist
8205,Staff Back-end Engineer
8206,Responsable Solutions - Applications ENR - F/H
8207,Mid-Senior Mining Professionals
8208,Substitute or On-Call Opportunities Inquire here
8209,Chief Operating Officer
8210,AP - Parabroker (Remote)
8211,Senior Software Engineer - Backend
8212,Perception Hardware Engineer
8213,Senior Photonic Circuits Design Engineer
8214,Sr./Staff Backend Engineer - Java
8215,"Senior Software Engineer, Backend Platform"
8216,"Software Engineer, Product Security"
8217,Young Children/youth Soccer Coach
8218,Database Support Engineer (APAC)
8219,Site Reliability Engineer- SB25
8220,Συνεργάτες Τεχνολογίας & Χαρτοπωλείου - Κατάστημα Χανίων
8221,Drone Instructor/Drone Pilot/UAV Technician
8222,Intelligence Engineer - Offline
8223,UI/ UX Designer
8224,"Software Engineer, Agent"
8225,Dairy Queen Crew Team Member
8226,Senior QA Automation Engineer - Node.js / TypeScript
8227,Host/Hostess for Aulus Lindos Rhodes
8228,EMEA Account Executive (GTM Lead)
8229,Project Engineer Electrical -Design (Saudi Arabia)
8230,Foreman-Substation-Nationwide
8231,Senior Recruiter (New Graduate) / 新卒採用リード - Mercari
8232,Construction Laborer
8233,"Senior Data & AI Engineer (Munich, Germany)"
8234,Compliance Officer & MLRO - Asset & Investment Management
8235,0138 - Sr. Welding Quality Specialist - MAG & Laser
8236,"Senior Executive/Assistant Manager, Procurement"
8237,"Senior Financial Planning Assistant | With ₱50,000 Sign-on Bonus"
8238,BI Engineer (Hybrid or Onsite)
8239,Legal Engineer - Tax & Audit
8240,Sales & Customer Service Agent | Fully Remote - UK hours
8241,"Strategist, Agent Development (German speaking)"
8242,Technology Consulting Specialist (Saudi Arabia)
8243,Senior/Staff Systems Engineer
8244,Waiter B - Domes Noruz Kassandra
8245,Comptable Client
8246,Field Forklift Mechanic/Service Technician
8247,"Field Nurse Practitioner / Physician Assistant - Muskegon County, Michigan"
8248,"Machine Learning Engineer III, Routing Cost"
8249,CPI en génie civil - surveillance de chantier
8250,Cook B - Domes of Elounda
8251,Maintenance Staff/Συντηρητές for Domes Aulus Elounda
8252,Flight Navigation Engineer
8253,"Senior ML Systems Engineer, Frameworks & Tooling"
8254,O&G Registrar | Supportive Regional Hospital in NSW | Coastal Lifestyle
8255,Cook A for Domes Aulus Elounda.
8256,Business Manager (Team Leader) - Ngawi
8257,Senior Node JS developer
8258,Secteur Automobile - Responsable Magasin / Approvisionnement
8259,Senior IT Manager
8260,Intern Project Management (all genders)
8261,Growth Leader (Loyverse Pay)
8262,Maximo For Transportation SME
8263,Developer Support Engineer (Berlin)
8264,Heavy Equipment Operator (Saudi Arabia)
8265,Studienassistenz / Study Nurse (m/w/d)
8266,Solution Partner - Banking Client Partner (Solutions & Delivery) - South Africa
8267,Civil Engineer - Fresher
8268,Cost Engineer - (Saudi Arabia)
8269,Structural Field Engineer
8270,Implementation engineer - Remote - ONLY MÉXICO
8271,Software Engineer - AUTOSAR
8272,"Sales Director, Brand Partnerships SYL"
8273,Memory Developer (remote)
8274,Senior Sales Manager - Data Centers (m/f/x)
8275,R&D Manager - Bilingual (Mandarin Speaking)
8276,Senior Technical Product Manager
8277,Product Design Engineer
8278,Platform Software Engineer
8279,Staff Design Engineer - UK
8280,Working Student Software Engineering Frontend (all genders)
8281,Game Night Staff: EVS Operator (Part-Time/Seasonal)
8282,"[Rolling] YouTube Long-Form Video Editor (Vlogs, Docu-series, etc) for @JohnnyChangLive"
8283,Conseiller(e) de vente - Romans CDD 30H
8284,Create your Dream Job
8285,Account Manager (Enterprise)
8286,HR Manager - Indonesia
8287,Field Sales Executive - Trichy
8288,Service Now
8289,Program Manager (Operational Processes)
8290,ATUM Deep-Tech Founder (Technical) - Singapore
8291,1003 | Junior Content Editor (No Experience Needed)
8292,Assistant Brand Manager
8293,"Freelance In-Person Event Specialist - Singapore, Singapore"
8294,Intern/Co-Op - SC
8295,Senior DevOps Engineer - Pay-i
8296,"Principal Engineer, AI Inference Reliability"
8297,Java Backend Developer
8298,"Member of Technical Staff, Backend - NomadicML"
8299,Safety Officer (Short Term - 1 month)
8300,Design Engineer - Mechanical (Saudi Arabia)
8301,Team Leader Cabang - Purbalingga
8302,Front Office Developer
8303,Studio Crew (Seasonal)
8304,Senior Financial Planner
8305,PEP Screening and Strategy Lead - Analytics
8306,Senior Help Desk Technician
8307,Senior Systems Administrator & VMWare Professional
8308,"Sales Development Representative, SME & Growth – France (Paris)"
8309,Head of Logistics
8310,Field Compliance Coordinator (Drilling Environment & Gas Plants Environment)
8311,"Researcher, Evals"
8312,Environmental Field Subconsultant (Phase I ESA / PCA) SoCal
8313,Transaction Monitoring Analyst
8314,Senior Software Engineer (Controls)
8315,Engineer - Oil & Gas (PMP Certified) - Saudi Arabia
8316,Strategic Sourcing - Metals
8317,Manager | Office Services (Leasing)
8318,Senior Business Development Manager (IPS Retail)
8319,AI Training Contributor - Vietnamese - Remote
8320,Senior Crowd Artist
8321,FBS UX Designer
8322,Experienced Quantitative Trader
8323,Software Engineer - Model Products
8324,Stage encadrement - Chargé(e) d'Affaires H/F
8325,Account Executive | Commercial
8326,AI / ML Engineer - Known
8327,Infra / Platform Engineer - Known
8328,Warehouse Clerk - Shipping/Receiving Specialist
8329,Defined Contribution MEP Account Manager
8330,"Researcher, Models (UK)"
8331,On-Site Handyman/Contractor
8332,Program Associate
8333,Electrical Construction Project Manager
8334,Field Operations Executive - Durgapur
8335,Material Handling/Lift Truck- Service Technician
8336,"Senior Product Manager, Product Infrastructure"
8337,Board Certified Physician Reviewers - Ophthalmology - D.C. License
8338,Expression Of Interest
8339,SAP consultant BTP
8340,Junior Marketing Product Manager
8341,Τεχνικός Προ-Παράδοσης Αυτοκινήτων (PDI)
8342,Gestione Pratiche GSE e Connessioni
8343,Purchase Executive
8344,BeastED - Job Expo
8345,"Mission Software Engineer - Honolulu, HI"
8346,Sr. ESA Reviewer
8347,Senior Software Engineer (.NET) Career Opportunities at Dev.Pro
8348,Ingénieur Support Dédié EMEA / Dedicated Customer Support EMEA - F/H/X
8349,Spontaneous Application
8350,Electrical Supervisor
8351,Vietnamese Language Interpreter (Work from home)
8352,0118- Ingeniero(a) de calidad postventa automotriz - MID
8353,In-Person Academic Support Tutor (General Coursework)
8354,Dream Job - Commercial Department
8355,"Software Engineer, Data Infrastructure - Research"
8356,GTM Strategy and Operations Manager / Senior Manager | Housing
8357,German Customer Success Specialist - Lisbon
8358,Sales Assistant (Southern Cyprus) - Larnaca
8359,Secondary Science Teacher Tutor
8360,Register Your Interest - US Opportunities
8361,"Solution Architect & Pre-Sales, NetSuite"
8362,Intern - Knowledge Management
8363,Insurance Expert
8364,Field Marketing Agent
8365,"Software Engineer, Infra"
8366,Dutch Customer Support Specialist for PayPal Project
8367,Youth Soccer Coach
8368,Leasing Executive / Assistant Manager (Retail Services) | Occupier Services
8369,"On-Call IT Field Technician & TV Configuration - Boise City, ID - Hiring NOW"
8370,高級車ブランドの接客品質モニター(覆面調査) ー 応募受付中 (北海道エリア)
8371,Freelance Multilingual Recruiter
8372,Back Office Τράπεζας
8373,Sleeper UFC/F1/Tennis/Golf Content Curators
8374,"AI Engineer, Platform"
8375,Customer Happiness Intern - Remote
8376,Youth Sports Coach
8377,Dutch Customer Support Agent
8378,Antenna Engineer
8379,Regulatory Engineer
8380,Diagnostic Radiology- Medical Record Reviewer
8381,Responsable Achat
8382,"Sales, Engineering - Ohio Valley"
8383,"Engineering Lead, Financial Platform"
8384,"Staff Software Engineer, Platform"
8385,AI Engineer (CHINA)
8386,Transaction Services - Data Analytics Senior Associate
8387,Business Development Lead - Memory Product
8388,Cybersecurity
8389,Physical Design Engineer
8390,Field Enablement Specialist | Housing
8391,Network Recruiter (America)
8392,Senior Simulation Engineer
8393,Behavioral Health Coach (Taiwan)
8394,Tax & Assurance Associate
8395,Vice President Transaction Advisory / Strategy
8396,Regional Sales Director - Brazil
8397,"Senior Software Engineer, Product"
8398,Students Worship Leader - Maricopa (PT)
8399,Field Operations Executive - Hinjawadi
8400,"Hourly Paid Lecturer, Film - AD Education - London"
8401,Deployment Strategist - North America
8402,Responsable développement RH et communication interne
8403,Part-Time Sales Specialist with Super Soccer Stars
8404,Patient Counsellor (MBBS) - Contractual Role
8405,Associate Building Surveyor
8406,Job Title: KYC QA Tester - Contract (London-Based)
8407,Beauty Therapist
8408,Sales Representative (Employee Referrals Only)
8409,"Key Account Manager (Food, Pharma & Retail) - Pune & ROM"
8410,"Software Engineer, Full Stack"
8411,Key Accounts Manager - Ahmedabad
8412,"Évaluateur/rice Indépendant/e de Marques de Luxe - Luxembourg, LU"
8413,Senior Product Manager - LMD
8414,Consultant Clinical Oncologist - with a special interest in Lower and Upper GI/HPB cancers
8415,AI Agent Engineer
8416,ULPS Pediatric Cardiology RN - Overseas
8417,"Member of Technical Staff, Pre-Training Data"
8418,Internships PT
8419,"Gestionnaire, Prestation des services d’intégration – Services professionnels"
8420,First Nations Employment Pool - Aboriginal and Torres Strait Islander Applicants
8421,🌏 Coconut International Talent Pool 🌏
8422,Waitress / Waiter - Dubai
8423,Design Verification Engineer - Internal IP
8424,Administrator de Redes
8425,Non-life Insurance Sales Officer
8426,"Become a Luxury Brand Evaluator in Auckland, NZ"
8427,Technical Support Engineer - 3rd Shift
8428,Senior Financial Controller - Transition & Separation Projects (Freelance)
8429,Spécialiste DevOps / DevOps Specialist - Dynamics 365 & Azure DevOps
8430,Senior Business Analyst(mandarin speaker)(i-Gaming industry experience)
8431,Italian Customer Technical Advisor & Inbound Sales - Lisbon
8432,Seasonal Retail Ambassador - Ala Moana
8433,KYC Support Mandarin
8434,Afterschool Youth Soccer Coach - Fall 2026
8435,General Creative Services Application
8436,Norwegian
8437,HVAC Service Technician
8438,High End Residential Construction Foreman
8439,Spanish Customer Service Representative - Lisbon
8440,Medical Device Manufacturing Talent Pool
8441,"Freiberufliche(r) Luxusmarkenbewerter(in) in Deutschland - REG-W, DE"
8442,Intern - General Application
8443,Senior AI Developer (Coming Soon!)
8444,Software Engineer (4+ years of experience)
8445,Staff / Principal Software Engineer - Canada
8446,Initiativbewerbung
8447,QC Inspector - Mechanical (Equipment)
8448,Tax Associate or Tax Senior - CPA or in Progress - (DM895864)
8449,QC Supervisor - Procurement
8450,Founding Software Engineer - Vimes
8451,Mechanical Supervisor
8452,3D Character Artist - Talent Pool (APAC)
8453,Animation / Technical Animator - Talent Pool (APAC)
8454,"Enterprise Account Executive, Europe"
8455,Recruiting Coordinator (US & LATAM)
8456,Account Executive - Strategic
8457,Mid-Market Account Executive- San Francisco HQ
8458,Debut Internship Talent Pool
8459,Freelance Luxury Brand Evaluator- Secret Assesor - Nepal
8460,Infrastructure Engineer (EOI)
8461,Motion Graphics Designer | Marketing
8462,Independent Contractor - Landscaping
8463,"Software Engineer, Machine Learning"
8464,"GNC Engineer (Guidance, Navigation & Control)"
8465,Καθαριστής / Καθαρίστρια Επαγγελματικών Χώρων Αχαρναί
8466,Senior Game Developer
8467,3D Designer/Animator
8468,"Head, Distribution"
8469,IT Support Engineer (BIKE) - (WL-FRW250214 003/01)
8470,Retail Ambassador (Full-time)
8471,L1 Security Analyst (AL-FRC250214 007/01)
8472,Senior Homologation Engineer
8473,Cloud Security Specialist (Azure-AWS oriented)
8474,Security Consultant - Speculative applications to be part of our talent pool
8475,"Software Engineer, Model Inference"
8476,Youth Soccer Travel and Recreation Coach
8477,Responsable Moyens Généraux
8478,Solar Superintendent
8479,Flutter Developer
8480,Junior Production Executive - Freshers welcome - Civil & Interior background
8481,Service Desk Engineer - (WL-FNW250117 001/05)
8482,"Tax Manager, CPA - CPA Firm (JR979703)"
8483,Schülerpraktikum Industriekaufmann M/W/D
8484,Nutritionist/Dietician (UAE)
8485,"Software Developer, Outsystems (Midcareer)"
8486,Field Product Sales Executive - Siliguri | Min Exp 2yrs I Any Graduate
8487,Lead Generation Manager (US Company)
8488,Field Sales Executive | Thrissur | Any Graduate
8489,Business Manager Karawang
8490,Marshal Attendant ǀ Riverside Golf Club
8491,"Clinical Integration, Nurse Consultant"
8492,"Bachelor-, Master- oder Projektarbeit: Berücksichtigung der Datenqualität in der Produktionsplanung und -steuerung"
8493,Inference Engineer
8494,Construction Billing Specialist
8495,Site Reliability Engineer - Pôle Run - CDI Paris - Theodo Cloud
8496,Business Development Representative | Sales Apprenticeship Track
8497,Customer Solution Architect (AMER)
8498,Junior / Semi Senior Developers - Fully Automated Process
8499,Welders 2026
8500,Language Interpreter-Thai Speakers- Work from Home
8501,Project Management Advisor
8502,Performance Tester
8503,Android Developer
8504,Grounds Hands
8505,"Become a Freelance Luxury Brand Evaluator - Antwerp, BE"
8506,Dutch Business Development Representative - Athens
8507,Team Leader Batang
8508,After School Youth Soccer Coach
8509,Swim Instructor Part-time
8510,Senior Licensing Engineer - Safety
8511,Sugar Land Youth Soccer Coach
8512,Field Sales Executive - Cuddalore
8513,L2 Application Support
8514,Sales Development Representative - Alternative Lending
8515,Field Sales Coordinator - Philadelphia
8516,Metallurgy - Ops Technician
8517,Flagger/ General Laborer
8518,Team Leader Nias
8519,Team Leader Ambon
8520,HR Temp/ HR Intern (Recruitment) IL-240916001/01
8521,Manager- Research & Development - Food Industry
8522,Senior Software Engineer - Rust
8523,Education Coordinator (Spanish)
8524,Lead Early Childhood Soccer Coach
8525,CX Trainer - Freelance (Singapore)
8526,Leader Cabang Tasifeto Barat - Nusa Tenggara Timur
8527,ΙΤ Bid Manager
8528,Water Supply Operator I
8529,IT Support Engineer (BIKE) - (WL-FRW240729 013/01)
8530,Team Leader - Balikpapan
8531,Tagalog Speaking Demi Chef De Partie - for a Cloud Kitchen
8532,Virtual Assistant (Remote) - Earn 18 to 21 Hourly - No Degree Required
8533,Support système/réseau informatique (H/F)
8534,Lead Analyst (HRIS) - CT-FNP240701 001/01
8535,Remote Customer Success Specialist
8536,Chiller Technician
8537,Immediate Openings - Remote Customer Service Representative - 19 plus Hourly
8538,.Net/C# Technical Interviewer
8539,Hazmat Qualified Operator
8540,On-Site Technical Support Supervisor
8541,Clinical Psychologist / Counselor (Singapore)
8542,Installation Technician
8543,Preschool Sports Coach
8544,Landfill Field Technician
8545,Accounting Associate (US Accounting) - ISTA Solutions
8546,Ad Partnerships Manager
8547,Land Surveyor - Civil Engineer
8548,(BANCO DE TALENTOS) Pessoa Executiva de Contas Pleno I Comercial
8549,Landfill Gas Technician
8550,Education Program Coordinator
8551,Business Manager (Team Leader) - Kuningan
8552,Technical Product Owner - ONLY México - Fully Remote
8553,"Senior Software Engineer, Frontend"
8554,Project Manager (Education)
8555,"Ассистент/Ассоциированный профессор программы магистра инженерного менеджмента, Кафедра строительной и экологической инженерии"
8556,SAP (All Module) Training program and Project Implementation - Remote
8557,Physician Reviewer
8558,Behavioral Health Coach (Counsellor - Singapore)
8559,SharePoint Developer
8560,Emirati Nationals Requested - Freelance Luxury Brand Evaluator- Secret Assessor
8561,"Analyst, Valuation Placement"
8562,Early Childhood Soccer Coach
8563,IT Support Engineer (BIKE) - (WL- FRW240104 002/01)
8564,Программист (договор ГПХ)
8565,Sales Associate (TAIWAN)
8566,Quality Engineer - CT-FNP231212 016/01
8567,Behavioral Health Coach (Saudi Arabia)
8568,Educational On-Site Coordinator
8569,Part-Time Youth Enrichment Instructor - Year Round | Sonoma County
8570,Digital Media Operator - Video productions
8571,Join us in Barcelona
8572,Register of Interest for Employment Opportunities with Redox
8573,Entry Level Construction Worker - No Experience Needed (East Bay)
8574,"EPM Solution Architect, Sales Performance Management - North America, West Region"
8575,Senior QA Engineer - Manual
8576,Freelance Luxury Brand Evaluator & Assessor - Saudi Nationals
8577,Car Wash Worker
8578,Operátor výroby - Elektromechanik/čka
8579,Principal Software Engineer - Java
8580,Technical Support Engineer - 1st Shift
8581,"Associate Director | Office Services, Tenant Representation"
8582,Experienced Tank Welder Superintendent - Industrial Construction
8583,Early Childhood Coach
8584,Part Time Sports Enrichment Coach
8585,Senior Manager|Advisory Services
8586,Manager/Senior Manager | Advisory Services Department
8587,Safety Professional- CHST Certified Preferred
8588,R3: Construction Laborer- Project Based- Sacramento Area
8589,Expressions of interest - Marine Vessel Engineers
8590,Full Stack Blockchain Developer
8591,General Application Form - JOEY Burrard
8592,General Application Form - JOEY Markville
8593,Pitch your own role!
8594,Сътрудник Храни и Напитки - 8 часа
8595,Children's Fitness and Multi-Sports Coach
8596,Hiring Accounts Executive
8597,Electrician - Trainee and Assistant
8598,Construction Scaffolding Labor LA - Professional Sporting events
8599,DevOps Architect
8600,Jr. Software Engineer (.Net)
8601,After School Tennis Coach
8602,Unity Developer
8603,Senior Software Engineer- GOLang
8604,OFFRES SPONTANEES
8605,Part time-Preschool Sport and Fitness Coach
8606,Fullstack Software Engineer
8607,Sales Development Representative ( B2B)
8608,Spanish Sales Representative | Software Company - Athens
8609,QA Automation Engineer
8610,Senior Automation Tester
8611,Junior Functional/Business Analyst - Sept 2027
8612,Taalcoach (individueel) Epe
8613,Operator snij/inpak
8614,Tolk Arabisch Heusden
8615,"Tolk Arabisch, Tigrinya of Farsi Aalst-Waalre"
8616,Taalcoach Heusden
8617,Maatschappelijk begeleider Moerkapelle en Moordrecht
8618,Maatschappelijk begeleider Noordwijk
8619,Tolk Tigrinya of Koerdisch
8620,Product Associate
8621,Tolk Arabisch Eindhoven
8622,Maatschappelijk begeleider (integratie locatie) Oost-Gelre
8623,Software Engineering Team Lead - Cloud
8624,Maatschappelijk begeleider Reusel-De Mierden
8625,Software Developer - Backend & Integrations (d/m/w)
8626,Sociaal-administratief begeleider gezinshereniging statushouders Den Haag
8627,Tolk Arabisch - integratie locatie Zeist
8628,Industrial Automation Team Lead
8629,Senior Software Engineer - Ruby on Rails (f/m/d)
8630,Receptionist Medicina Estetica
8631,OTC Equity Drafter - New York
8632,Klinisch psycholoog – jeugd ambulant
8633,(Senior) Business Consultant (m/w/d) Performance Management
8634,Senior Consultant SAP MM (m/w/d) S/4HANA Sourcing and Procurement
8635,(Senior) Consultant SAP System Performance Optimisation (m/w/d)
8636,Inhouse ERP Support Specialist (m/w/d)
8637,Projektleiter (m/w/d) SAP S/4HANA Transformation Advisory
8638,(Senior) Consultant SAP TECH PMO (m/w/d) Project Management Office
8639,(Senior) Cloud Integration Specialist (m/w/d)
8640,Weekend Driver
8641,Part Time Admissions Coordinator - Weekends
8642,Freelance Lecturer of Psychology - BSBI Berlin
8643,Junior HR Generalist- Business Partnering Focus (German Speaker)
8644,"Freelance Lecturer for Tourism, Hospitality and Event Management - BSBI Berlin (m,f,d)"
8645,Project Manager (m/f/d)
8646,Technology Platform & Service Delivery Director
8647,Coördinator zwemzaken Feel Fit Center
8648,Horecamedewerker buitenbad (bijbaan)
8649,Schoonmaakmedewerker
8650,Receptiemedewerker Feel Fit Center
8651,Horeca- en receptiemedewerker buitenbad
8652,Projectmanager Bouw & Techniek
8653,Senior medewerker technische dienst
8654,Data Science Principal (Fashion)
8655,Strategy & Execution Analyst (Energy & Utilities)
8656,Contract Surveyor
8657,Purchasing / Buying | Internship 2027 | Fast growing scale-up | Rotterdam
8658,Junior Mainstream Cloud Engineer
8659,Verkaufsberater/in (m/w/d) 60% in Davos
8660,Versicherungsberater:in - Steiermark Ost/Süd
8661,"Vice President, Engineering"
8662,DevOps Engineer (Mobile Studio)
8663,Project Engineer (Utility BESS)
8664,Softwaretester (m/w/d) – Healthcare SaaS
8665,Teamleider Servicekosten
8666,Senior Medewerker Particuliere Verhuur
8667,Sachbearbeiter (m/w/d) - Landverkehre - Eingang Service
8668,Kaufmännischer Mitarbeiter (m/w/d) Landverkehre Europa
8669,Mitarbeiter Verpackung (m/w/d)
8670,Initiativbewerbung - Eisenach
8671,"Anlagenmechaniker*in für Sanitär-, Heizungs- und Klimatechnik (m/w/d)"
8672,Moniteur éducateur H/F
8673,Aide soignant H/F
8674,INFIRMIER(E) DIPLÔME D'ETAT
8675,MECS JACARANDA Educateur spécialisé H/F
8676,"MECS ""LES HIPPOCAMPES"" Educateur spécialisé H/F"
8677,Chef de Service FAM-MAS H/F
8678,Product Owner Informatiestandaarden
8679,Mechatroniker für Kältetechnik (m/w/d)
8680,Senior Projektleiter (m/w/d)
8681,Process Operator / Production Operator
8682,(Senior) Concept Creative Social Media (d/f/m)
8683,Project Manager Content (m/f/d)
8684,Intern E-Sports (d/f/m)
8685,Team Leader Enrollment Advisor
8686,Affiliate Partnerships Manager - DACH
8687,Allround Metaalbewerker | 32-38 uur
8688,Regional Sales Director - California
8689,Property Operations Associate
8690,Success Coach - Mid-Atlantic
8691,HR Manager (m/w/d)
8692,Broadcast Engineer
8693,(Senior) Associate (w/m/d) Corporate Development
8694,Restaurant Receptionist - La Maison Ani London
8695,Chef de Partie - Gaia London
8696,Team-Assistenz & HR-Support (m/w/d)
8697,Fachkraft für Arbeitssicherheit (w/m/d) (evers)
8698,Head of Integration & Scaling (w/m/d)
8699,"Gestionnaire mondial des opérations cliniques, Preuves cliniques post-commercialisation H/F"
8700,Senior Accountant / Buchhalter/in (m/w/d) - Standort Herne | 2 Tage Homeoffice
8701,Senior Staff Engineer (EIT)
8702,"Senior Electrical Project Engineer, CA"
8703,Distribuidor(a) (M/F)- Campo Alegre 2026
8704,Operador(a) de loja (M/F) - Matosinhos 2026
8705,Distribuidor(a) - Lisboa Centro
8706,Distinguished Engineer - AI Computing System
8707,Gestor(a) de Turno (F/M) - Parque das Nações (Expo)
8708,Senior Real-Time Solver Development Expert – Power Systems & Power Electronics
8709,Technical VP - Computing Bus System Research
8710,Junior Customer Support Manager (f/m/d)
8711,Intern Researcher - Efficient Architecture for LLMs
8712,Digital Commerce Developer | Shopify (m/f/d)
8713,Game Environment Artist (Expression of Interest)
8714,FX TD
8715,Microgrid System Developer – Protection and Control
8716,Researcher - Speech & Acoustic AI
8717,Research Engineer - AI Data Security
8718,Research Engineer – Multimodal AI & Interaction
8719,Berater:in Corporate Communication (m/w/d)
8720,Technical Support - Photovoltaiklösungen (m/w/d)
8721,QA Lead / Quality Engineering Manager
8722,Kaufmännischer Mitarbeiter Buchhaltung & Verwaltung (m/w/d)
8723,Projektleiter in der Gebäudetechnik (m/w/d)
8724,Java Backend Entwickler (m/w/d)
8725,Leitung Accounting (m/w/d)
8726,IT Manager
8727,Ausbildung zum Mediengestalter (m/w/d) mit Schwerpunkt Bild und Ton
8728,Werkstudent (m/w/d) für Energiekonzepte & Projektentwicklung im Bereich Erneuerbare Energien
8729,Redakteur Investigativjournalismus (m/w/d)
8730,Senior Embedded Systems Test Engineer (All genders)
8731,Senior Waveform Architect (All Genders)
8732,Junior FPGA Engineer (All Genders)
8733,Customer Support Medewerker
8734,Electronics Engineer Electronic Warfare (All Genders)
8735,Field Robotics Engineer – Data Operations (all genders)
8736,Senior Systems Engineer (All Genders)
8737,Quality Control Specialist
8738,จ้างเหมาบริการผู้เชี่ยวชาญบริหารและจัดกิจกรรม สังเคราะห์บทเรียนและพัฒนาแนวทางเชิงนโยบายการขับเคลื่อนอาสาสมัครสาธารณสุขต่างด้าว (อสต.) กิจกรรมที่ 3.6.1
8739,Warehouse Coordinator (all genders)
8740,Verkäufer (m/w/d) - in Mainzlar/Lollar/Londorf
8741,VerkäuferIn (m/w/d) - in Görzhausen
8742,Zorgcoördinator - Wolvega
8743,Country Director Germany (Fixed Term Employment 1 year)
8744,ASSET MANAGER
8745,SUPERVISOR/A DE OBRA CIVIL
8746,Data Science Lead
8747,Product Manager (Activation)
8748,Product Designer (Monetization)
8749,Travel Administrator
8750,Medior adviseur zorghuisvesting (zorgsector)
8751,Junior Beheerder Midden- en West-Brabant
8752,Data Specialist
8753,Adviseur energietransitie
8754,Bodenleger:in / Allround‑Handwerker:in (m/w/d)
8755,Strategic Communications Manager
8756,Digital Transformation Lead
8757,Disponent Fuhr- und Maschinenpark (m/w/d)
8758,Medewerker Buitendienst (m/v/d)
8759,"Werkstudent (Bachelor/ Master) Digitalisierung, IT & KI (m/w/d)"
8760,Werkstudent (m/w/d) im Brereich Sales
8761,Monteur Baustelle (m/w/d)
8762,Senior Full-Stack Software Engineer (Santo Domingo)
8763,Medewerker Inkoop (40 uur per week)
8764,Tender Manager
8765,Player Support Agent (EN) - CDMX
8766,Account Executive - Medical Device
8767,JUNIOR BUSINESS CLIENT SERVICES MANAGER (f/m/d)
8768,Field Sales Merchandisers -Carlow & Kilkenny
8769,Part-Time Merchandiser-Waterford
8770,Senior Account Manager - Insurance
8771,Retail Supervisor - FMCG- Limerick - Weekend
8772,Data Engineering | Intern | Lisbon
8773,Director of Business Development (Gaming Localization)
8774,Italian teacher
8775,Leistungsprüfer Biometrie (m/w/d)
8776,"Agenturleiter / Generalagent (m/w/d) Region Lingen, Selfkant, Ruhrgebiet Nord-Ost oder südliches Münsterland"
8777,Koch (m/w/d)
8778,(Senior) Software Engineer - Android (m/w/d)
8779,Software Engineer - Backend (m/w/d)
8780,"Account Manager, Travel (Entry-Level) Chicago/MIL"
8781,Event Venue Sales Representative
8782,Account Receivable Coordinator
8783,Brand General Manager - Charlotte Tilbury
8784,Visual Merchandising / Project Coordinator Intern
8785,Market Growth & Brand Builder (Marketing/Growth/Performance)
8786,Reliability & Scale Engineer (DevOps/Cloud)
8787,Creative QA Specialist
8788,Frontend Developer Angular / React / Vue.js (w/m/d)
8789,Projektleiter (m/w/d) Niederspannungstechnik
8790,DevOps Engineer (Medellín)
8791,Service Desk Agent (m/w/d) – 1st Level Support
8792,Fachinformatiker:in Systemintegration 2027 (m/w/d)
8793,Principal Strategy and Business Developer (m/w/d)
8794,Tech BD sales Director
8795,Payroll Specialist - Product Support | Bangalore
8796,Paid Media Manager | Barcelona
8797,Business Development Manager - AI Data Solutions (Brussels)
8798,Client Support Representative - Legal field (Buenos Aires)
8799,2026_133_INFERMER/A D'ASSAIGS CLINICS
8800,2026_99_COORDINADOR/A DE PROJECTES DE RECERCA CEEISCAT
8801,(Junior) Consultant Managed Services (m/w/d)
8802,Client Services Representative
8803,Digital Marketing Content Stage (vanaf jan/feb 2027)
8804,Stagiair Packaging Testing & Innovation (februari 2027)
8805,Corporate Recruiter
8806,Sales/Customer Relations Expert (w/m/d)*
8807,Operator Productie
8808,Senior Medical Writer | UK
8809,German Experience & Content Strategy Consultant (Automotive HMI/IVI)
8810,eDiscovery Project Manager
8811,Mitarbeiter im Verkauf (m/w/d) - Wöllstein
8812,Mitarbeiter im Verkauf (m/w/d) - Neuhofen
8813,Auslieferungsfahrer (m/w/d) - Klasse C1/C1E
8814,Filialleitung (m/w/d) - Leimen
8815,Filialleitung (m/w/d) - Monsheim
8816,Gebäudereiniger/ Filialen (m/w/d)
8817,Produktmanager Snack (m/w/d)
8818,Legal Recruiter
8819,Croatian language trainer
8820,Junior Helpdesk Support Specialist | Barcelona
8821,Conventioneel draaier
8822,Senior Sales Manager DACH (m/f/d) in climate tech startup
8823,Initiativbewerbung (a)
8824,Client Support Specialist
8825,Warehouse Employee (w/m/d)
8826,Unsolicited Application for Students (f/m/d) and Professionals (f/m/d)
8827,Initiativbewerbung - Werkstudent (m/w/d)
8828,DevOps Engineer (all humans)
8829,Verzorgende IG en Verpleegkundige | Somatische zorg
8830,Junior Sales Executive - Immobilienverwaltung - 100% Remote
8831,Commis de Rang
8832,Commis de Cuisine (m/w/d)
8833,Technical D&A Consultant
8834,Freelancer | Simplified Chinese into Portuguese (Brazil) for MTPE and Proofreading in Legal | contact via email only
8835,SENIOR ERP BERATER | FINANZBUCHHALTUNG / STADTWERKE (M/W/D)
8836,Field Service Technician
8837,Field Service Technician (f/m/x) – Solar PV
8838,"Technical Manager, Netherlands"
8839,Mitarbeiter:in Empfang Leonardo (a) 30 - 40 %
8840,HR Business Partner:in (a) 60 - 80 %
8841,Spanish–Vietnamese Interpreter
8842,Sachbearbeiter:in Kundenbindung (a) 80 - 100 %
8843,Growth Product Manager (B2C-App)
8844,Candidature spontanée
8845,Capaciteit Medewerker
8846,DISPONENT / SACHBEARBEITER EXPORT (M/W/D)
8847,Senior Partnership Manager E-Commerce (f/m/d)
8848,Frontend Engineer (Vue.js) | Madrid
8849,Senior Payroll Specialist – Product Support
8850,Conseiller / Conseillère Immobilier
8851,Vertriebsmitarbeiter im Außendienst (m/w/d) - Dentalbranche
8852,Blitzschutzplaner (m/w/d)
8853,Zahntechniker (m/w/d) Allround - Aschersleben
8854,Zahntechniker (m/w/d) Keramik – Bochum | Voll-/Teilzeit
8855,Zahntechniker (m/w/d) technischer Kundenbetreuer
8856,Senior Outbound Product Manager (M/F/D)
8857,Zahntechniker / Zahntechnikermeister (m/w/d)
8858,Data Engineer (m/w/d)
8859,Frontend Software Engineer (F/M/X)
8860,Versuchsingenieur / -techniker (m/w/d)
8861,SVP Service Procurement Advisory
8862,Vice President of Finance
8863,"Principal Account Executive, STEM Talent Solutions"
8864,Projektleiter Holzbau (m/w/d)
8865,Senior Software Engineer – Full Stack (.NET/React) (all genders)
8866,ADR Tankwagenchauffeur (CE) Ploegen en Tripple rooster
8867,HGV Class 1 driver
8868,Werde Teil unseres Talent Pools - die Wärmewende braucht dich!
8869,Wildcard Bewerbung
8870,Influencer Marketing Manager (m/f/d)
8871,Technical & Operations Manager Ballast Water Treatment Services ( BWTS/BWMS)
8872,Technical Coordinator
8873,Senior Tax Expert - income taxes (all genders)
8874,Senior IGA Domain & Solution Architect - Interim
8875,Senior Director - Trading
8876,Alternance - Assistante (e) Chef de Projet - Real Estate
8877,Adviseur Sprinkler
8878,Regulatory Affairs and Licensing Lead - Argentina
8879,Expansion Event Coordinator
8880,Verzorgende IG wijkteam Onbegrepen Gedrag Amstelveen en omgeving
8881,Ingénieur Environnement sénior - confirmé.e
8882,Teamleider Ouderenzorg
8883,Intern Operations & Process Management (m/w/d)
8884,Stagiair(e) Passenger Services (zomerperiode)
8885,ULD Build Coordinator – Air Cargo Export – Schiphol Airport
8886,"Heilerziehungspflegerin, Erzieherin (w/m/d) für Besondere Wohnform gesucht, Teilzeit"
8887,Supervisor Passenger Services – Schiphol
8888,Loading Supervisor Passenger Services
8889,Goods in Operative
8890,Imbissverkäufer (m/w/d) in Voll- oder Teilzeit in 55128 Mainz
8891,Imbissverkäufer (m/w/d) in Voll- oder Teilzeit in 59174 Kamen
8892,Salarisprofessional met internationale kennis
8893,BTW-specialist international
8894,Belastingadviseur Agro
8895,Assistent Audit
8896,Belastingadviseur en estate planner
8897,Addetto al servizio clienti - Italiano (m/f/d)
8898,QA Lead Games (f/m/d)
8899,Senior consultant innovatie ICT
8900,Forderungsmanagement Talent (m/w/d)
8901,Senior jurist ondernemingsrecht
8902,Administrativo/a de operaciones
8903,Manager achats H/F
8904,IT-Application Manager*in (m/w/d)
8905,Ingénieur exploitation et systèmes métro F/H
8906,Risk Assurance Intern
8907,Winkelmedewerker Rotterdam
8908,KFZ Mechatroniker (m/w/d) - Standort Northeim - 2.000 € Wechselprämie
8909,Advocaat-stagiair Privacy Recht
8910,Facilitair Medewerker
8911,KFZ Mechatroniker (m/w/d) - Standort Coswig/Anhalt - 2.000 € Wechselprämie
8912,Verkäufer (m/w/d) Renault Trucks - Großraum Offenbach
8913,(Key) Account Manager (on-site)
8914,Finance Analyst
8915,Contract Specialist - Italy
8916,"Service O&M Manager, PV/Utility/ BESS - France"
8917,IT Support Engineer - Poland
8918,ESS Sales Intern - Germany
8919,Manufacturing Process Engineer - Poland
8920,Service Monteur
8921,Medewerker Zorgadministratie
8922,Guest Service Agent (m/w/d)
8923,Aushilfe Night Audit Rezeption (m/w/d) - 603€ Basis
8924,Assistant Bankett Manager (m/w/d)
8925,Pedagoog Kinderrevalidatie
8926,Sales Manager UK
8927,Contracts & Trade Compliance Specialist
8928,Sales Development Representative (m/w/d)
8929,Senior Software Engineer (m/w/d) | Fullstack für KI-Produkte
8930,Vervoersbegeleider
8931,Senior Social Marketing Manager/in (m/w/d)
8932,Working Student Marketing (all genders)
8933,"Private Equity Internship (for 6 month) in Warsaw, PL – Starting date: Flexible / on a rolling basis"
8934,Senior Fullstack Developer – Business Automation (m/w/d)
8935,Data Scientist (m/w/d)
8936,Team Lead – Test Facilities (UK) (m/f/d)
8937,Unsolicited Application (m/f/d)
8938,Combine chauffeur in Canada
8939,Visumbegeleiding CAN - WH 2026
8940,Senior Sales Advisor - FT - Bergamo
8941,Sales Advisor - Wien
8942,Sales Advisor- Part-Time - Friday and Weekends (Woodbury Common)
8943,"Studentische Hilfskraft, Team Data Aquisition and Access (SHK-DSS-11)"
8944,Verfahrensmechaniker für Kunststoff- und Kautschuktechnik / Einrichter (m/w/d)
8945,Sr. Merchandise Sourcing Manager (m/f/d)
8946,Animateur·trice-intégrateur·trice numérique
8947,Conseiller·ère
8948,Lead stratégique
8949,Functioneel Beheerder Fysiek Domein
8950,Allround Software Engineer
8951,Clinical Application Specialist
8952,Teamleitung Elektronikentwicklung (m/w/d)
8953,Senior Research Scientist
8954,"Senior Adviseur Kwaliteit, Veiligheid en Milieu"
8955,Voedingsassistent
8956,Obstetrieverpleegkundige
8957,Experte für Videoanalysen (m/w/d)
8958,Sales Director - IT Managed Services
8959,Arts-assistent niet in opleiding afdeling Chirurgie
8960,Kinderneuroloog
8961,Programmadirecteur Zorgcoördinatie Netwerk Acute Zorg Limburg
8962,SEO Manager (m/w/d)
8963,Handwerklicher Allrounder (m/w/d) im Gebäudeservice
8964,Gebiedsconciërge (Infra)
8965,Adviseur Duurzaamheid
8966,Interim Teammanager Gebiedsgericht Werken | Gemeente Alkmaar
8967,Marketing- en communicatiemedewerker
8968,System Engineer
8969,"Kaufmännischer Leiter (m/w/d) in Marketingagentur – Vollzeit, Hamburg"
8970,Head of Delivery
8971,Group Accountant (m/w/d)
8972,Kauffrau/-mann für Büromanagement - Vollzeit (m/w/d)
8973,Initiativbewerbung - Vollzeit (m/w/d)
8974,Technology Transformation - Senior
8975,Kraftwerker in Wechselschicht (w/m/d)
8976,Transaction Tax - Manager
8977,Open sollicitatie verkoopmedewerker regio Zuid-Holland
8978,Verkoopmedewerker Eindhoven Centrum 18-20 uur
8979,Open sollicitatie verkoopmedewerker regio Groningen
8980,Verkoopmedewerker Tilburg 16-24-32 uur
8981,Stagiair Finance
8982,Operator stansen (Dagdienst) in Coevorden
8983,Operational Buyer
8984,Senior Web & Mobile Full Stack Developer
8985,(Senior) DevOps Engineer (m/w/d)
8986,Projekt Manager Wärmepumpe (SHK) (all genders)
8987,Allround medewerker - Fun & Entertainment Center
8988,Empfangsprofi (m/w/d) in München - Schwabing
8989,Auszubildende (m/w/d) zur Fachkraft für Schutz und Sicherheit
8990,Ordnungsdienstleiter (m/w/d) auf geringfügiger Basis
8991,Begeleider | Gebiedsteam Utrecht Zuidwest
8992,Persoonlijk Begeleider | Nieuwegein Zuid
8993,"Business controller | Lister furkaplateau, Utrecht Lunetten"
8994,Leitende Oberärzt*in für Kinder- und Jugendmedizin mit Schwerpunkt Kinder- und Jugend-Hämatologie und -Onkologie / Chefarztvertretung (m/w/d)
8995,Berater (m/w/d) im Bereich M&A
8996,Senior/Staff Product Engineer (Full Stack) (m/f/d)
8997,Eerste Autotechnicus & Leermeester Hoofddorp
8998,Mechanical Engineer Productontwikkeling
8999,Operativer Supply Chain Manager (m/w/d) Agri-PV
9000,Framing Manager
9001,GIS Data Engineer (m/f/d)
9002,Open sollicitatie Brandweerprofessional
9003,Publisher Acquisition Manager (Delhi/Noida)
9004,Senior Consultant Digital Strategy (m/f/d)
9005,Content Specialist
9006,Manager - Communications Consultancy
9007,Senior Accruals Accountant
9008,Intern IT (m/f/d)
9009,Sales Consultant – Citizenship & Residency Programs
9010,Junior Project Manager - Premium Clients (m/w/d)
9011,Head of Procurement (w/m/d)
9012,Account Executive (w/m/d)
9013,Business Application Owner
9014,Division Order Analyst
9015,Responsable de production (H/F) CARROSSERIE/PEINTURE
9016,Recruitment Specialist
9017,Tech Manager AI
9018,Growth Product Expert - Loyalty
9019,Werkstudent People / Talent Development (m/w/d)
9020,Team Leader Customer Management (m/w/d)
9021,Helpende Plus Driebergen
9022,Verpleegkundige Driebergen
9023,Verzorgende IG (VIG) Revalidatie
9024,Verpleegkundige thuiszorg Baarn
9025,Nacht Helpende Plus Baarn
9026,Ervaren teamleider Amersfoort
9027,Operational Sidekick Intern (reception/bar/restaurant)
9028,Nacht Helpende Plus Amersfoort
9029,Nacht Verzorgende IG (VIG) Flexteam
9030,Woonmedewerker Soest
9031,"Helpende (Plus) Zorg & Welzijn Amersfoort, Baarn, Soest Flexteam"
9032,Werkstudent Notariaat Corporate / M&A
9033,Electrical Controls & Automation Engineer
9034,Site Services Engineer
9035,STAGE - Vendanges / Vinifications 2026 (H/F)
9036,Produktionsplaner / Produktionssteuerung (m/w/d)
9037,Mitarbeiter Palettenkontrolle (m/w/d)
9038,Uitvoerder Renovatie
9039,Timmerman R&V Wonen
9040,Content Creator / Social Media Manager:in (m/w/d) für die Avocado Store GmbH
9041,Business Development Representative (m/w/d)
9042,Senior Consultant (m/w/d) Aviation & Airport Advisory
9043,Projektingenieur (m/w/d) Elektrotechnik
9044,Principal ML Scientist – Predictive Toxicology
9045,New Business Manager (UK)
9046,Participatiecoach (maatje voor vluchtelingen) Molenlanden
9047,Begeleider gezinshereniging en verblijfsdocumenten (integratie locatie Wageningen)
9048,Begeleider gezinshereniging en verblijfsdocumenten integratie locatie Noordwijk
9049,Juridisch begeleider of begeleider gezinshereniging - noodopvanglocatie Hilversum
9050,Begeleider coaching vestiging Zwijndrecht
9051,Begeleider Time4You voor kinderen (8-12 jaar) Eindhoven Kanaaldijk
9052,Arbeidscoach Voorne aan Zee
9053,Sociaaljuridisch begeleider AZC Amsterdam (Willinklaan + satellietlocaties)
9054,Chargé(e) d'opérations H/F
9055,LKW-Fahrer / Lagerist (m/w/d/kA)
9056,Auszubildende/r Industriekaufmann/-frau 2027 (m/w/d/kA)
9057,Rangierbegleiter (m/w/d/kA)
9058,Tiefbaufacharbeiter (m/w/d/kA)
9059,Disponent/in (m/w/d/kA)
9060,Begeleider Time4You voor kinderen (8-12 jaar) (Opvanglocatie Vledder)
9061,Maatschappelijk begeleider (Vroomshoop)
9062,Tolk Arabisch Teylingen
9063,Productcoördinator - Toetsdeskundige
9064,Spontane sollicitatie
9065,Accountmanager B2B
9066,Key Account Manager Commerciële Koeling
9067,Legal Director
9068,Credit & Collection Officer
9069,Renewal Specialist (m/f/d)
9070,Verzorgende-IG - Wijkteam Hardinxveld-Giessendam
9071,Verzorgende-IG Nachtdienst - Wijkteam Papendrecht
9072,Verpleegkundige MBO - Open Vensters
9073,EVV-er - Meesplein
9074,Tech Lead in Résidence
9075,"Chief Technology Officer, Yelema"
9076,Initiativbewerbung (m/w/d)
9077,Freelance Cyber Security Expert
9078,Initiativbewerbung HOGAST
9079,Projectmanager waterveiligheid
9080,Adviseur geodata
9081,Projectleider Gebiedsontwikkeling
9082,Initiativbewerbung – gestalte die Energiewende mit ju:niz Energy (m/w/d)
9083,Ervaren constructeur civiel
9084,Product owner klantportaal / digitale innovatie
9085,Commerciële Vertegenwoordiger (M/V) - Gent
9086,Medior bouwkundig adviseur / Bouwprojectmanager
9087,Duales Studium Wirtschaftsinformatik (m/w/d) für 2027
9088,"Auftragsmanagement / Projektkoordination / Disposition (m/w/d) - Photovoltaik, Wärmepumpen & Energiesysteme - 1KOMMA5° München"
9089,KOLLEG:IN FÜR DIE REINIGUNG (M/W/D)
9090,HR BUSINESS PARTNER:IN (all genders) in Vollzeit
9091,(Senior) Solution Architect & Bid Manager (m/w/d) – Commercial Solutions
9092,Lead Software Engineering
9093,Senior GenAI Consultant
9094,Personalsachbearbeiter (m/w/d)
9095,Mitarbeiter:in Qualitätssicherung (m/w/d)
9096,Tech Consultant
9097,Tech Analyst
9098,Project Coordinator – Creative Production
9099,Solution Architect – Software & AI
9100,Power Platform Consultant – bouw slimme AI-oplossingen met Copilot Studio
9101,Data Management consultant
9102,Dynamics 365 Developer
9103,Dynamics 365 CE Consultant
9104,Associate Financial Planner Intern - Spring 2028
9105,Data & Reporting Analyst (Part Time)
9106,Billing Coordinator
9107,Operations & Customer Service Representative
9108,Chief Legal Officer
9109,F&B Management Trainee
9110,Business Development Representative (f/m/x) Energy Trading
9111,Freelance Lecturer Digital Marketing
9112,Freelance Ambassador (m/w/d) - mit Top-Verdienstmöglichkeiten
9113,Sachbearbeiter:in Buchhaltung (m/w/d)
9114,Leitender Elektriker / Elektroniker (m/w/d) für gewerbliche Photovoltaik & New Energy Systeme - Region Ost - 1KOMMA5° Commercial & Industrial Solutions - 4 Tage Woche
9115,Freelance Foundation Math Instructor at the University of Europe - Hamburg
9116,Anlagenmechaniker SHK (m/w/d) Wärmepumpen & Heiztechnik - 1KOMMA5° Osnabrück
9117,Senior Consultant (m/w/d)
9118,Werkstudent – Analytics & Consulting (m/w/d)
9119,Professor (m/f/d) for Business Intelligence and Data Governance
9120,Dozent/Ausbilder (m/w/d) TQ Hotelfachmann/Hotelfachfrau - BSBI Academy
9121,Research Software Engineer
9122,"An external freelance lecturer for “Frontend Programming” (m, f, d) (Digital Business and Data Science, B.Sc.) in Hamburg, Germany"
9123,Freelance Lecturer Business Management
9124,Senior Quantum Engineer - Parametric Circuits
9125,"Werkstudent:in (m/w/d) technische Planung Wärmepumpen - Remote, München, Berlin, Hamburg"
9126,Lead Engineer - Applied AI & Data Products
9127,Open Application at SQUER
9128,Distinguished Engineer (AI-Native Engineering)
9129,Sommerprosjekt 2027
9130,Praktikumsplatz Berufspraktikum / Praxisintegrierte Ausbildung / Duales Studium (m/w/d) zum Sep. 2027
9131,Senior Sales Manager (m/w/d) für intelligente Energiesysteme - 1KOMMA5° Kassel
9132,Senior Product Designer - Heartbeat AI (m/f/d)
9133,"Sales Manager (m/w/d) im Außen- & Innendienst - Photovoltaik, Wärmepumpe & AI Energiemanagement - 1KOMMA5° Möhnesee"
9134,Dachdeckermeister (m/w/d) - 1KOMMA5° Handwerk - Bundesweit
9135,Internship Product Management Energy Products & Tariffs (m/f/d)
9136,Account Executive - 100% remote - ANZ
9137,Werkstudent:in - Quality Control Analyst (Wärmepumpe) (m/w/d)
9138,Projektingenieur / Projektleiter ﻿(m/w/d) Verkehrstechnik
9139,Kaufmännische Sachbearbeiter*in (m/w/d) im Meisterbetrieb - 1KOMMA5° Rostock
9140,"Quereinsteiger / Baustellenhelfer / Elektrohelfer (m/w/d) - Photovoltaik, Wärmepumpen & Energiesysteme - 1KOMMA5° Heidelberg"
9141,Technischer Systemplaner / Technischer Konstrukteur (m/w/d) Elektrotechnik TGA
9142,"Statiker (m/w/d) Hochbau (Massiv-, Stahl, und Holzbau)"
9143,Enseignante Chercheuse ou Enseignant Chercheur (Maître de conférences) Qualité des Environnements Intérieurs en CDI à IMT Nord Europe
9144,Ausbildung zum:r Maschinen- und Anlagenführer:in (m/w/d)
9145,Elektriker:in (m/w/d)
9146,HR Advisor
9147,COMPRAS ZARA KIDS
9148,Konstrukteur Metallbau / Technischer Zeichner (m/w/d)
9149,Senior AI Engineer (w/m/d)
9150,Opleidingsmanager WWZ Academie sociaal domein
9151,Senior Account Lead (Marketing Strategy / Account Director)
9152,Consultant Specialist (m/w/d)
9153,Inhoudsdeskundige Re-integratie | Vakinhoudelijk eigenaar van onze opleiding
9154,Robotics Software Engineer (m/f/d) – UAV Autonomy
9155,Ingenieur / Techniker (m/w/d) für Gasinfrastruktur – Operator Gasleckdetektion (DACH)
9156,Bau-Projektmanager:in mit Schwerpunkt Infrastruktur (m/w/d)
9157,(Senior) Ingenieur:in für Bauprojektsteuerung und -management (m/w/d)
9158,Machine Learning Werkstudent:in/ Praktikant:in (all)
9159,Site Construction Engineer
9160,Kredietanalist
9161,Customer Contact Specialist
9162,Azure Integratie Specialist
9163,"Praktikum (m/w/d) - Finde heraus, was zu dir passt!"
9164,Medewerker partner- en customersupport
9165,Assistant Manager - Full Time
9166,"Dairy/Chilled Wall Assistant - Castlecomer, Co. Kilkenny"
9167,Deli Assistant - (Full Time)
9168,Café Manager - Full Time
9169,Goods Inwards/Stores Operative - Full Time
9170,Senior Propulsion Component Engineer (Fluids)
9171,Test Hardware Engineer (Electrical)
9172,"Site Director, Propulsion Test Facility"
9173,"Structures Manager, Vehicle Engineering"
9174,Senior Mechanical Engineer (m/w/d)
9175,Senior RF Test Engineer
9176,"Principal Guidance, Navigation, & Controls Engineer (Interceptors)"
9177,"Account Executive, Mid-Market US"
9178,Waiter(ess)
9179,Barkeeper (m/w/d) im Opening Team als VOLLZEIT
9180,Initiativbewerbung (Festanstellung)
9181,Open Sollicitatie Pactum
9182,Ambulant Jeugd- en Gezinsbehandelaar | 24-32 uur | Deurne en Helmond
9183,Manager Zorg | Acute Zorg | 32-36 uur
9184,Verslavingsarts | 32-36 uur | Venray en Venlo
9185,Zorgcoördinator Centrum voor Korsakov | 32-36 uur | Venray
9186,Senior Build Reliability Engineer (Propulsion)
9187,Experienced Software Engineer (AI)
9188,Content Marketing Writer
9189,Open Sollicitatie
9190,Client Success Manager – Creator Marketing
9191,Vakman / monteur Verkeersmaatregelen
9192,Staff Propulsion Development Engineer (Thrusters)
9193,Senior IT Consultant (m/w/d) – Cloud & Virtualization Lead
9194,"Senior Guidance, Navigation, & Controls (GNC) Engineer (Propulsive Controls)"
9195,Reinigungskraft (m/w/d)
9196,Werfmedewerker
9197,Senior IT Project Manager (m/w/d)
9198,Monteur / Vakman Verkeersmaatregelen
