job_offer_id,company_id,role_id,publication_date
1,1,1,2026-10-04
2,2,2,2026-10-04
3,2,3,2026-10-04
4,3,4,2026-10-04
5,2,5,2026-10-04
6,2,6,2026-10-04
7,4,7,2026-10-04
8,5,8,2026-10-03
9,6,9,2026-10-03
10,7,10,2026-10-03
11,8,11,2026-10-03
12,9,12,2026-10-03
13,10,13,2026-10-03
14,10,14,2026-10-03
15,10,15,2026-10-03
16,10,16,2026-10-03
17,11,17,2026-10-03
18,12,18,2026-10-03
19,13,19,2026-10-03
20,14,20,2026-10-03
21,15,21,2026-10-03
22,16,22,2026-10-03
23,17,23,2026-10-02
24,18,24,2026-10-02
25,19,25,2026-10-02
26,19,26,2026-10-02
27,20,27,2026-10-02
28,21,28,2026-10-02
29,22,29,2026-10-02
30,23,30,2026-10-02
31,24,31,2026-10-02
32,25,32,2026-10-02
33,26,33,2026-10-02
34,27,34,2026-10-02
35,28,35,2026-10-02
36,17,36,2026-10-02
37,29,37,2026-10-02
38,16,38,2026-10-02
39,30,39,2026-10-02
40,31,40,2026-10-02
41,32,41,2026-10-02
42,33,42,2026-10-02
43,34,43,2026-10-02
44,14,44,2026-10-02
45,35,45,2026-10-02
46,36,46,2026-10-02
47,26,47,2026-10-02
48,37,48,2026-10-02
49,38,49,2026-10-02
50,39,50,2026-10-02
51,40,51,2026-10-02
52,2,52,2026-10-02
53,41,53,2026-10-02
54,42,54,2026-10-02
55,43,55,2026-10-02
56,44,56,2026-10-02
57,45,57,2026-10-02
58,46,58,2026-10-02
59,47,59,2026-10-02
60,33,60,2026-10-02
61,48,61,2026-10-02
62,49,62,2026-10-02
63,39,63,2026-10-02
64,50,64,2026-10-02
65,51,65,2026-10-02
66,52,66,2026-10-02
67,53,67,2026-10-02
68,54,28,2026-10-02
69,55,68,2026-10-02
70,56,69,2026-10-02
71,2,70,2026-10-02
72,57,71,2026-10-02
73,39,72,2026-10-02
74,58,73,2026-10-02
75,59,74,2026-10-02
76,60,75,2026-10-02
77,53,76,2026-10-02
78,46,77,2026-10-02
79,58,78,2026-10-02
80,61,79,2026-10-02
81,62,80,2026-10-02
82,63,81,2026-10-02
83,64,82,2026-10-02
84,65,83,2026-10-02
85,66,84,2026-10-02
86,67,85,2026-10-02
87,26,86,2026-10-02
88,68,87,2026-10-02
89,69,88,2026-10-02
90,70,89,2026-10-02
91,71,90,2026-10-02
92,72,91,2026-10-02
93,72,92,2026-10-02
94,73,93,2026-10-02
95,74,94,2026-10-02
96,75,95,2026-10-02
97,76,96,2026-10-02
98,77,97,2026-10-02
99,78,98,2026-10-02
100,79,99,2026-10-02
101,80,100,2026-10-02
102,81,101,2026-10-02
103,53,102,2026-10-02
104,82,103,2026-10-02
105,82,104,2026-10-02
106,82,105,2026-10-02
107,83,106,2026-10-02
108,84,107,2026-10-02
109,63,108,2026-10-02
110,83,109,2026-10-02
111,85,110,2026-10-02
112,75,111,2026-10-02
113,86,112,2026-10-02
114,87,113,2026-10-02
115,88,114,2026-10-02
116,57,115,2026-10-02
117,89,116,2026-10-02
118,90,117,2026-10-02
119,63,118,2026-10-02
120,14,119,2026-10-02
121,14,120,2026-10-02
122,5,121,2026-10-02
123,83,122,2026-10-02
124,14,123,2026-10-02
125,82,124,2026-10-02
126,91,125,2026-10-02
127,92,126,2026-10-02
128,93,127,2026-10-02
129,73,128,2026-10-02
130,14,129,2026-10-02
131,94,130,2026-10-02
132,95,131,2026-10-02
133,96,132,2026-10-02
134,97,133,2026-10-02
135,98,134,2026-10-02
136,99,135,2026-10-02
137,100,136,2026-10-02
138,100,137,2026-10-02
139,9,138,2026-10-02
140,101,139,2026-10-02
141,102,140,2026-10-02
142,103,141,2026-10-02
143,104,142,2026-10-02
144,105,143,2026-10-02
145,106,144,2026-10-02
146,53,145,2026-10-02
147,9,146,2026-10-02
148,14,147,2026-10-02
149,107,148,2026-10-02
150,108,149,2026-10-02
151,109,150,2026-10-02
152,85,151,2026-10-02
153,110,152,2026-10-02
154,111,153,2026-10-02
155,112,154,2026-10-02
156,113,155,2026-10-02
157,114,156,2026-10-02
158,115,157,2026-10-02
159,116,158,2026-10-02
160,5,159,2026-10-02
161,7,160,2026-10-02
162,69,161,2026-10-02
163,70,162,2026-10-02
164,107,163,2026-10-02
165,16,164,2026-10-02
166,110,165,2026-10-02
167,117,166,2026-10-02
168,118,167,2026-10-02
169,70,168,2026-10-02
170,119,169,2026-10-02
171,120,170,2026-10-02
172,91,171,2026-10-02
173,121,172,2026-10-02
174,122,173,2026-10-02
175,15,174,2026-10-02
176,123,175,2026-10-02
177,124,176,2026-10-02
178,125,177,2026-10-02
179,126,178,2026-10-02
180,127,179,2026-10-02
181,16,180,2026-10-02
182,128,181,2026-10-02
183,129,182,2026-10-02
184,130,183,2026-10-02
185,131,184,2026-10-02
186,120,185,2026-10-02
187,132,186,2026-10-02
188,133,187,2026-10-02
189,134,188,2026-10-02
190,135,189,2026-10-02
191,136,190,2026-10-02
192,137,191,2026-10-02
193,138,192,2026-10-02
194,107,193,2026-10-02
195,112,194,2026-10-02
196,139,195,2026-10-02
197,140,196,2026-10-02
198,141,197,2026-10-02
199,7,198,2026-10-02
200,142,199,2026-10-02
201,126,200,2026-10-02
202,107,201,2026-10-02
203,15,202,2026-10-02
204,70,203,2026-10-02
205,70,204,2026-10-02
206,143,205,2026-10-02
207,144,206,2026-10-02
208,145,207,2026-10-02
209,146,208,2026-10-02
210,70,209,2026-10-02
211,70,210,2026-10-02
212,147,211,2026-10-02
213,148,212,2026-10-02
214,15,213,2026-10-02
215,149,214,2026-10-02
216,150,215,2026-10-02
217,150,216,2026-10-02
218,15,217,2026-10-02
219,151,218,2026-10-02
220,152,219,2026-10-02
221,153,220,2026-10-02
222,154,221,2026-10-02
223,107,222,2026-10-02
224,17,223,2026-10-02
225,155,224,2026-10-02
226,17,225,2026-10-02
227,72,226,2026-10-02
228,156,227,2026-10-02
229,157,228,2026-10-02
230,158,229,2026-10-02
231,159,230,2026-10-02
232,160,231,2026-10-02
233,160,232,2026-10-02
234,160,233,2026-10-02
235,49,234,2026-10-02
236,161,235,2026-10-02
237,162,236,2026-10-02
238,163,237,2026-10-02
239,164,238,2026-10-02
240,165,239,2026-10-02
241,166,240,2026-10-02
242,167,241,2026-10-02
243,165,242,2026-10-02
244,168,243,2026-10-02
245,169,244,2026-10-02
246,170,245,2026-10-02
247,170,246,2026-10-02
248,171,247,2026-10-02
249,172,248,2026-10-02
250,173,249,2026-10-02
251,174,250,2026-10-02
252,175,251,2026-10-02
253,176,252,2026-10-02
254,177,253,2026-10-02
255,178,254,2026-10-02
256,179,255,2026-10-02
257,180,256,2026-10-02
258,181,257,2026-10-02
259,182,258,2026-10-02
260,183,259,2026-10-02
261,184,260,2026-10-02
262,185,261,2026-10-01
263,186,262,2026-10-01
264,187,263,2026-10-01
265,188,264,2026-10-01
266,189,265,2026-10-01
267,190,266,2026-10-01
268,191,267,2026-10-01
269,192,268,2026-10-01
270,193,269,2026-10-01
271,194,270,2026-10-01
272,195,271,2026-10-01
273,196,272,2026-10-01
274,197,273,2026-10-01
275,58,274,2026-10-01
276,126,275,2026-10-01
277,67,276,2026-10-01
278,195,277,2026-10-01
279,198,278,2026-10-01
280,73,279,2026-10-01
281,94,280,2026-10-01
282,199,281,2026-10-01
283,200,282,2026-10-01
284,201,283,2026-10-01
285,202,284,2026-10-01
286,203,285,2026-10-01
287,204,286,2026-10-01
288,205,287,2026-10-01
289,206,288,2026-10-01
290,207,289,2026-10-01
291,208,290,2026-10-01
292,209,291,2026-10-01
293,210,292,2026-10-01
294,211,293,2026-10-01
295,206,294,2026-10-01
296,73,295,2026-10-01
297,212,296,2026-10-01
298,213,297,2026-10-01
299,214,298,2026-10-01
300,215,299,2026-10-01
301,216,300,2026-10-01
302,217,32,2026-10-01
303,218,301,2026-10-01
304,146,302,2026-10-01
305,219,303,2026-10-01
306,39,304,2026-10-01
307,220,305,2026-10-01
308,221,306,2026-10-01
309,20,307,2026-10-01
310,222,308,2026-10-01
311,223,309,2026-10-01
312,224,310,2026-10-01
313,225,311,2026-10-01
314,148,312,2026-10-01
315,48,313,2026-10-01
316,187,314,2026-10-01
317,72,315,2026-10-01
318,226,316,2026-10-01
319,227,317,2026-10-01
320,228,318,2026-10-01
321,229,319,2026-10-01
322,121,320,2026-10-01
323,230,321,2026-10-01
324,231,322,2026-10-01
325,123,323,2026-10-01
326,232,324,2026-10-01
327,233,325,2026-10-01
328,73,326,2026-10-01
329,234,327,2026-10-01
330,235,328,2026-10-01
331,236,329,2026-10-01
332,237,330,2026-10-01
333,235,331,2026-10-01
334,235,332,2026-10-01
335,238,333,2026-10-01
336,239,334,2026-10-01
337,240,335,2026-10-01
338,241,336,2026-10-01
339,242,337,2026-10-01
340,243,338,2026-10-01
341,244,339,2026-10-01
342,245,340,2026-10-01
343,246,341,2026-10-01
344,247,342,2026-10-01
345,14,343,2026-10-01
346,248,344,2026-10-01
347,14,345,2026-10-01
348,148,346,2026-10-01
349,238,347,2026-10-01
350,249,348,2026-10-01
351,250,349,2026-10-01
352,30,350,2026-10-01
353,251,351,2026-10-01
354,252,352,2026-10-01
355,253,353,2026-10-01
356,254,149,2026-10-01
357,255,354,2026-10-01
358,256,355,2026-10-01
359,192,356,2026-10-01
360,257,357,2026-10-01
361,258,358,2026-10-01
362,259,359,2026-10-01
363,260,360,2026-10-01
364,73,361,2026-10-01
365,261,362,2026-10-01
366,262,363,2026-10-01
367,120,364,2026-10-01
368,9,365,2026-10-01
369,48,366,2026-10-01
370,223,367,2026-10-01
371,263,368,2026-10-01
372,264,369,2026-10-01
373,265,370,2026-10-01
374,266,371,2026-10-01
375,69,372,2026-10-01
376,267,373,2026-10-01
377,114,374,2026-10-01
378,268,375,2026-10-01
379,269,376,2026-10-01
380,270,377,2026-10-01
381,271,378,2026-10-01
382,130,379,2026-10-01
383,130,380,2026-10-01
384,272,381,2026-10-01
385,273,382,2026-10-01
386,274,383,2026-10-01
387,135,384,2026-10-01
388,275,385,2026-10-01
389,48,386,2026-10-01
390,120,387,2026-10-01
391,276,388,2026-10-01
392,277,389,2026-10-01
393,72,390,2026-10-01
394,247,391,2026-10-01
395,278,392,2026-10-01
396,279,393,2026-10-01
397,225,394,2026-10-01
398,38,395,2026-10-01
399,280,396,2026-10-01
400,15,397,2026-10-01
401,281,398,2026-10-01
402,282,399,2026-10-01
403,283,400,2026-10-01
404,108,401,2026-10-01
405,284,402,2026-10-01
406,126,403,2026-10-01
407,285,404,2026-10-01
408,286,405,2026-10-01
409,287,406,2026-10-01
410,288,407,2026-10-01
411,133,408,2026-10-01
412,289,409,2026-10-01
413,290,410,2026-10-01
414,291,411,2026-10-01
415,292,412,2026-10-01
416,137,413,2026-10-01
417,293,414,2026-10-01
418,284,415,2026-10-01
419,294,416,2026-10-01
420,295,417,2026-10-01
421,101,418,2026-10-01
422,89,419,2026-10-01
423,296,420,2026-10-01
424,297,421,2026-10-01
425,108,422,2026-10-01
426,298,423,2026-10-01
427,299,424,2026-10-01
428,193,425,2026-10-01
429,300,426,2026-10-01
430,193,427,2026-10-01
431,301,428,2026-10-01
432,302,429,2026-10-01
433,303,430,2026-10-01
434,304,431,2026-10-01
435,305,432,2026-10-01
436,9,433,2026-10-01
437,134,434,2026-10-01
438,306,435,2026-10-01
439,307,436,2026-10-01
440,270,437,2026-10-01
441,144,438,2026-10-01
442,307,439,2026-10-01
443,308,440,2026-10-01
444,29,441,2026-10-01
445,76,442,2026-10-01
446,309,443,2026-10-01
447,310,444,2026-10-01
448,311,445,2026-10-01
449,312,446,2026-10-01
450,313,447,2026-10-01
451,314,448,2026-10-01
452,315,449,2026-10-01
453,316,450,2026-10-01
454,317,451,2026-10-01
455,318,452,2026-10-01
456,319,453,2026-10-01
457,298,454,2026-10-01
458,320,455,2026-10-01
459,157,456,2026-10-01
460,86,457,2026-10-01
461,321,458,2026-10-01
462,229,459,2026-10-01
463,322,460,2026-10-01
464,323,461,2026-10-01
465,324,462,2026-10-01
466,325,463,2026-10-01
467,326,464,2026-10-01
468,18,465,2026-10-01
469,314,466,2026-10-01
470,61,467,2026-10-01
471,327,468,2026-10-01
472,328,469,2026-10-01
473,173,470,2026-10-01
474,329,471,2026-10-01
475,330,472,2026-10-01
476,330,473,2026-10-01
477,173,474,2026-10-01
478,331,475,2026-10-01
479,332,476,2026-10-01
480,333,477,2026-10-01
481,333,478,2026-10-01
482,334,479,2026-10-01
483,335,480,2026-10-01
484,336,481,2026-10-01
485,337,482,2026-10-01
486,162,483,2026-10-01
487,162,484,2026-10-01
488,162,485,2026-10-01
489,338,486,2026-10-01
490,339,487,2026-10-01
491,340,488,2026-10-01
492,341,489,2026-10-01
493,342,490,2026-10-01
494,163,491,2026-10-01
495,343,492,2026-10-01
496,344,493,2026-10-01
497,345,494,2026-10-01
498,346,495,2026-10-01
499,347,496,2026-10-01
500,348,497,2026-10-01
501,349,498,2026-10-01
502,350,499,2026-10-01
503,351,500,2026-10-01
504,352,501,2026-10-01
505,20,502,2026-09-30
506,37,503,2026-09-30
507,353,504,2026-09-30
508,354,505,2026-09-30
509,355,506,2026-09-30
510,356,507,2026-09-30
511,357,508,2026-09-30
512,358,509,2026-09-30
513,20,510,2026-09-30
514,359,511,2026-09-30
515,360,512,2026-09-30
516,361,513,2026-09-30
517,362,514,2026-09-30
518,363,515,2026-09-30
519,364,516,2026-09-30
520,36,517,2026-09-30
521,73,518,2026-09-30
522,73,519,2026-09-30
523,73,520,2026-09-30
524,365,521,2026-09-30
525,366,522,2026-09-30
526,367,523,2026-09-30
527,368,524,2026-09-30
528,216,525,2026-09-30
529,369,526,2026-09-30
530,370,527,2026-09-30
531,20,528,2026-09-30
532,216,529,2026-09-30
533,371,530,2026-09-30
534,372,531,2026-09-30
535,371,532,2026-09-30
536,373,533,2026-09-30
537,374,534,2026-09-30
538,375,535,2026-09-30
539,376,536,2026-09-30
540,377,537,2026-09-30
541,378,538,2026-09-30
542,379,539,2026-09-30
543,380,540,2026-09-30
544,216,541,2026-09-30
545,381,542,2026-09-30
546,185,543,2026-09-30
547,382,544,2026-09-30
548,383,545,2026-09-30
549,384,546,2026-09-30
550,141,547,2026-09-30
551,385,548,2026-09-30
552,386,549,2026-09-30
553,387,550,2026-09-30
554,388,551,2026-09-30
555,216,552,2026-09-30
556,389,553,2026-09-30
557,192,554,2026-09-30
558,240,555,2026-09-30
559,216,556,2026-09-30
560,390,557,2026-09-30
561,36,558,2026-09-30
562,391,559,2026-09-30
563,216,560,2026-09-30
564,192,561,2026-09-30
565,392,562,2026-09-30
566,264,563,2026-09-30
567,292,564,2026-09-30
568,274,565,2026-09-30
569,393,566,2026-09-30
570,394,567,2026-09-30
571,395,568,2026-09-30
572,396,569,2026-09-30
573,397,570,2026-09-30
574,398,571,2026-09-30
575,399,572,2026-09-30
576,256,573,2026-09-30
577,400,574,2026-09-30
578,199,575,2026-09-30
579,401,576,2026-09-30
580,402,577,2026-09-30
581,101,578,2026-09-30
582,248,579,2026-09-30
583,403,580,2026-09-30
584,404,581,2026-09-30
585,405,582,2026-09-30
586,406,583,2026-09-30
587,267,584,2026-09-30
588,26,585,2026-09-30
589,407,586,2026-09-30
590,408,587,2026-09-30
591,124,588,2026-09-30
592,409,589,2026-09-30
593,410,590,2026-09-30
594,411,591,2026-09-30
595,412,592,2026-09-30
596,48,593,2026-09-30
597,413,594,2026-09-30
598,414,595,2026-09-30
599,299,596,2026-09-30
600,415,597,2026-09-30
601,416,598,2026-09-30
602,417,599,2026-09-30
603,49,600,2026-09-30
604,418,601,2026-09-30
605,26,602,2026-09-30
606,14,603,2026-09-30
607,419,604,2026-09-30
608,411,605,2026-09-30
609,420,606,2026-09-30
610,258,607,2026-09-30
611,421,608,2026-09-30
612,422,609,2026-09-30
613,363,610,2026-09-30
614,423,611,2026-09-30
615,424,612,2026-09-30
616,409,613,2026-09-30
617,425,614,2026-09-30
618,426,615,2026-09-30
619,427,616,2026-09-30
620,428,617,2026-09-30
621,429,618,2026-09-30
622,119,619,2026-09-30
623,430,620,2026-09-30
624,431,621,2026-09-30
625,199,622,2026-09-30
626,430,623,2026-09-30
627,430,624,2026-09-30
628,432,625,2026-09-30
629,433,626,2026-09-30
630,434,627,2026-09-30
631,435,628,2026-09-30
632,276,629,2026-09-30
633,436,630,2026-09-30
634,135,631,2026-09-30
635,192,632,2026-09-30
636,310,633,2026-09-30
637,310,634,2026-09-30
638,34,635,2026-09-30
639,161,636,2026-09-30
640,437,637,2026-09-30
641,95,131,2026-09-30
642,438,638,2026-09-30
643,148,639,2026-09-30
644,439,640,2026-09-30
645,440,641,2026-09-30
646,67,642,2026-09-30
647,119,643,2026-09-30
648,39,644,2026-09-30
649,441,645,2026-09-30
650,442,646,2026-09-30
651,20,647,2026-09-30
652,443,648,2026-09-30
653,444,649,2026-09-30
654,445,650,2026-09-30
655,366,651,2026-09-30
656,446,652,2026-09-30
657,447,653,2026-09-30
658,448,654,2026-09-30
659,449,655,2026-09-30
660,450,656,2026-09-30
661,451,657,2026-09-30
662,452,658,2026-09-30
663,453,659,2026-09-30
664,293,660,2026-09-30
665,454,661,2026-09-30
666,454,149,2026-09-30
667,455,662,2026-09-30
668,384,663,2026-09-30
669,382,664,2026-09-30
670,121,665,2026-09-30
671,456,666,2026-09-30
672,140,667,2026-09-30
673,457,668,2026-09-30
674,251,669,2026-09-30
675,458,670,2026-09-30
676,458,671,2026-09-30
677,76,672,2026-09-30
678,459,673,2026-09-30
679,460,674,2026-09-30
680,461,675,2026-09-30
681,462,676,2026-09-30
682,276,677,2026-09-30
683,453,678,2026-09-30
684,445,679,2026-09-30
685,281,680,2026-09-30
686,444,681,2026-09-30
687,49,682,2026-09-30
688,151,683,2026-09-30
689,463,684,2026-09-30
690,106,685,2026-09-30
691,18,686,2026-09-30
692,464,687,2026-09-30
693,465,688,2026-09-30
694,97,689,2026-09-30
695,225,690,2026-09-30
696,273,691,2026-09-30
697,466,692,2026-09-30
698,467,693,2026-09-30
699,468,694,2026-09-30
700,469,695,2026-09-30
701,470,696,2026-09-30
702,240,697,2026-09-30
703,471,698,2026-09-30
704,472,699,2026-09-30
705,473,700,2026-09-30
706,474,701,2026-09-30
707,475,702,2026-09-30
708,476,703,2026-09-30
709,477,704,2026-09-30
710,478,705,2026-09-30
711,330,706,2026-09-30
712,330,707,2026-09-30
713,330,708,2026-09-30
714,479,709,2026-09-30
715,480,710,2026-09-30
716,481,711,2026-09-30
717,482,712,2026-09-30
718,483,713,2026-09-30
719,484,714,2026-09-30
720,485,715,2026-09-30
721,486,716,2026-09-30
722,173,717,2026-09-30
723,173,718,2026-09-30
724,487,719,2026-09-30
725,488,720,2026-09-30
726,489,721,2026-09-30
727,490,722,2026-09-30
728,491,723,2026-09-30
729,492,724,2026-09-30
730,493,725,2026-09-30
731,350,726,2026-09-30
732,350,727,2026-09-30
733,494,728,2026-09-30
734,495,729,2026-09-30
735,293,730,2026-09-29
736,148,731,2026-09-29
737,293,732,2026-09-29
738,496,733,2026-09-29
739,497,734,2026-09-29
740,498,735,2026-09-29
741,499,736,2026-09-29
742,500,737,2026-09-29
743,501,738,2026-09-29
744,502,739,2026-09-29
745,503,740,2026-09-29
746,504,741,2026-09-29
747,326,742,2026-09-29
748,26,743,2026-09-29
749,82,744,2026-09-29
750,505,745,2026-09-29
751,262,746,2026-09-29
752,194,747,2026-09-29
753,506,748,2026-09-29
754,381,749,2026-09-29
755,504,750,2026-09-29
756,507,751,2026-09-29
757,214,752,2026-09-29
758,508,753,2026-09-29
759,509,754,2026-09-29
760,58,755,2026-09-29
761,20,756,2026-09-29
762,510,757,2026-09-29
763,511,758,2026-09-29
764,512,759,2026-09-29
765,37,760,2026-09-29
766,42,761,2026-09-29
767,71,762,2026-09-29
768,513,763,2026-09-29
769,514,764,2026-09-29
770,100,765,2026-09-29
771,214,766,2026-09-29
772,515,767,2026-09-29
773,516,768,2026-09-29
774,73,769,2026-09-29
775,517,770,2026-09-29
776,518,771,2026-09-29
777,289,772,2026-09-29
778,69,773,2026-09-29
779,58,774,2026-09-29
780,519,775,2026-09-29
781,18,776,2026-09-29
782,390,777,2026-09-29
783,520,778,2026-09-29
784,521,779,2026-09-29
785,522,780,2026-09-29
786,20,781,2026-09-29
787,523,782,2026-09-29
788,75,783,2026-09-29
789,524,784,2026-09-29
790,73,785,2026-09-29
791,73,786,2026-09-29
792,358,787,2026-09-29
793,78,788,2026-09-29
794,188,789,2026-09-29
795,94,130,2026-09-29
796,525,790,2026-09-29
797,526,791,2026-09-29
798,527,792,2026-09-29
799,80,793,2026-09-29
800,147,794,2026-09-29
801,6,795,2026-09-29
802,528,796,2026-09-29
803,235,797,2026-09-29
804,20,798,2026-09-29
805,9,799,2026-09-29
806,529,800,2026-09-29
807,530,801,2026-09-29
808,196,802,2026-09-29
809,531,803,2026-09-29
810,9,804,2026-09-29
811,282,805,2026-09-29
812,52,806,2026-09-29
813,197,807,2026-09-29
814,67,808,2026-09-29
815,379,809,2026-09-29
816,228,810,2026-09-29
817,532,811,2026-09-29
818,533,812,2026-09-29
819,9,813,2026-09-29
820,442,814,2026-09-29
821,534,815,2026-09-29
822,535,816,2026-09-29
823,135,817,2026-09-29
824,536,818,2026-09-29
825,537,819,2026-09-29
826,305,820,2026-09-29
827,141,821,2026-09-29
828,538,822,2026-09-29
829,539,823,2026-09-29
830,58,824,2026-09-29
831,540,825,2026-09-29
832,541,826,2026-09-29
833,542,827,2026-09-29
834,308,828,2026-09-29
835,256,829,2026-09-29
836,161,830,2026-09-29
837,543,831,2026-09-29
838,544,832,2026-09-29
839,251,833,2026-09-29
840,419,834,2026-09-29
841,161,835,2026-09-29
842,545,836,2026-09-29
843,214,837,2026-09-29
844,57,838,2026-09-29
845,546,839,2026-09-29
846,161,840,2026-09-29
847,447,841,2026-09-29
848,108,842,2026-09-29
849,547,843,2026-09-29
850,548,844,2026-09-29
851,549,845,2026-09-29
852,550,846,2026-09-29
853,551,847,2026-09-29
854,223,848,2026-09-29
855,552,849,2026-09-29
856,95,850,2026-09-29
857,553,851,2026-09-29
858,554,852,2026-09-29
859,377,853,2026-09-29
860,555,854,2026-09-29
861,69,855,2026-09-29
862,145,856,2026-09-29
863,48,857,2026-09-29
864,556,858,2026-09-29
865,557,859,2026-09-29
866,558,860,2026-09-29
867,559,861,2026-09-29
868,560,862,2026-09-29
869,127,863,2026-09-29
870,438,864,2026-09-29
871,284,865,2026-09-29
872,284,866,2026-09-29
873,123,867,2026-09-29
874,561,868,2026-09-29
875,438,869,2026-09-29
876,161,870,2026-09-29
877,562,871,2026-09-29
878,285,872,2026-09-29
879,563,873,2026-09-29
880,564,874,2026-09-29
881,308,875,2026-09-29
882,161,876,2026-09-29
883,141,877,2026-09-29
884,161,878,2026-09-29
885,127,879,2026-09-29
886,106,880,2026-09-29
887,565,881,2026-09-29
888,566,882,2026-09-29
889,567,883,2026-09-29
890,568,884,2026-09-29
891,569,885,2026-09-29
892,310,886,2026-09-29
893,310,887,2026-09-29
894,570,888,2026-09-29
895,571,889,2026-09-29
896,572,890,2026-09-29
897,573,891,2026-09-29
898,143,892,2026-09-29
899,574,893,2026-09-29
900,124,894,2026-09-29
901,547,895,2026-09-29
902,124,896,2026-09-29
903,575,897,2026-09-29
904,367,898,2026-09-29
905,576,899,2026-09-29
906,321,900,2026-09-29
907,577,901,2026-09-29
908,578,902,2026-09-29
909,579,903,2026-09-29
910,294,904,2026-09-29
911,580,905,2026-09-29
912,157,906,2026-09-29
913,510,907,2026-09-29
914,518,908,2026-09-29
915,322,909,2026-09-29
916,216,910,2026-09-29
917,216,911,2026-09-29
918,581,912,2026-09-29
919,184,913,2026-09-29
920,582,914,2026-09-29
921,583,915,2026-09-29
922,584,916,2026-09-29
923,585,917,2026-09-29
924,586,918,2026-09-29
925,334,919,2026-09-29
926,330,920,2026-09-29
927,330,921,2026-09-29
928,587,922,2026-09-29
929,334,923,2026-09-29
930,330,924,2026-09-29
931,330,925,2026-09-29
932,588,926,2026-09-29
933,589,927,2026-09-29
934,590,928,2026-09-29
935,591,929,2026-09-29
936,592,930,2026-09-29
937,593,718,2026-09-29
938,334,931,2026-09-29
939,594,932,2026-09-29
940,594,933,2026-09-29
941,595,934,2026-09-29
942,596,935,2026-09-29
943,597,936,2026-09-29
944,173,937,2026-09-29
945,334,938,2026-09-29
946,598,939,2026-09-29
947,599,940,2026-09-29
948,600,941,2026-09-29
949,601,942,2026-09-29
950,602,943,2026-09-29
951,173,944,2026-09-29
952,603,945,2026-09-29
953,604,946,2026-09-29
954,605,947,2026-09-29
955,606,661,2026-09-29
956,607,948,2026-09-28
957,212,949,2026-09-28
958,212,950,2026-09-28
959,608,951,2026-09-28
960,609,952,2026-09-28
961,610,953,2026-09-28
962,611,954,2026-09-28
963,67,955,2026-09-28
964,555,956,2026-09-28
965,612,957,2026-09-28
966,393,958,2026-09-28
967,470,959,2026-09-28
968,158,960,2026-09-28
969,157,961,2026-09-28
970,393,962,2026-09-28
971,613,963,2026-09-28
972,14,964,2026-09-28
973,614,965,2026-09-28
974,614,966,2026-09-28
975,615,967,2026-09-28
976,616,968,2026-09-28
977,617,969,2026-09-28
978,73,970,2026-09-28
979,618,971,2026-09-28
980,58,972,2026-09-28
981,619,973,2026-09-28
982,620,974,2026-09-28
983,393,975,2026-09-28
984,621,976,2026-09-28
985,80,977,2026-09-28
986,622,978,2026-09-28
987,94,280,2026-09-28
988,623,979,2026-09-28
989,34,980,2026-09-28
990,624,981,2026-09-28
991,625,982,2026-09-28
992,543,983,2026-09-28
993,36,984,2026-09-28
994,626,985,2026-09-28
995,73,986,2026-09-28
996,627,987,2026-09-28
997,628,988,2026-09-28
998,629,989,2026-09-28
999,630,990,2026-09-28
1000,631,991,2026-09-28
1001,553,992,2026-09-28
1002,632,993,2026-09-28
1003,633,994,2026-09-28
1004,625,995,2026-09-28
1005,634,996,2026-09-28
1006,635,997,2026-09-28
1007,636,998,2026-09-28
1008,14,999,2026-09-28
1009,140,1000,2026-09-28
1010,230,1001,2026-09-28
1011,235,1002,2026-09-28
1012,20,1003,2026-09-28
1013,637,1004,2026-09-28
1014,638,1005,2026-09-28
1015,74,1006,2026-09-28
1016,639,1007,2026-09-28
1017,638,1008,2026-09-28
1018,39,1009,2026-09-28
1019,73,1010,2026-09-28
1020,73,1011,2026-09-28
1021,640,1012,2026-09-28
1022,291,1013,2026-09-28
1023,161,1014,2026-09-28
1024,641,1015,2026-09-28
1025,390,1016,2026-09-28
1026,642,1017,2026-09-28
1027,143,1018,2026-09-28
1028,643,1019,2026-09-28
1029,104,1020,2026-09-28
1030,644,690,2026-09-28
1031,645,1021,2026-09-28
1032,646,1022,2026-09-28
1033,647,1023,2026-09-28
1034,151,1024,2026-09-28
1035,611,1025,2026-09-28
1036,648,1026,2026-09-28
1037,611,1027,2026-09-28
1038,100,1028,2026-09-28
1039,303,1029,2026-09-28
1040,649,1030,2026-09-28
1041,453,1031,2026-09-28
1042,427,1032,2026-09-28
1043,80,1033,2026-09-28
1044,650,1034,2026-09-28
1045,651,1035,2026-09-28
1046,651,1036,2026-09-28
1047,652,1037,2026-09-28
1048,126,1038,2026-09-28
1049,653,1039,2026-09-28
1050,3,1040,2026-09-28
1051,73,1041,2026-09-28
1052,654,1042,2026-09-28
1053,516,1043,2026-09-28
1054,3,1044,2026-09-28
1055,655,1045,2026-09-28
1056,144,1046,2026-09-28
1057,94,1047,2026-09-28
1058,563,1048,2026-09-28
1059,656,519,2026-09-28
1060,657,1049,2026-09-28
1061,464,1050,2026-09-28
1062,658,1051,2026-09-28
1063,659,1052,2026-09-28
1064,660,1053,2026-09-28
1065,199,1054,2026-09-28
1066,661,1055,2026-09-28
1067,662,1056,2026-09-28
1068,123,1057,2026-09-28
1069,51,1058,2026-09-28
1070,663,1059,2026-09-28
1071,664,1060,2026-09-28
1072,549,1061,2026-09-28
1073,649,512,2026-09-28
1074,273,1062,2026-09-28
1075,665,1063,2026-09-28
1076,666,1064,2026-09-28
1077,667,1065,2026-09-28
1078,543,1066,2026-09-28
1079,668,1067,2026-09-28
1080,669,1068,2026-09-28
1081,104,1069,2026-09-28
1082,670,1070,2026-09-28
1083,307,1071,2026-09-28
1084,671,1072,2026-09-28
1085,672,1073,2026-09-28
1086,151,1074,2026-09-28
1087,88,1075,2026-09-28
1088,292,1076,2026-09-28
1089,672,1077,2026-09-28
1090,673,1078,2026-09-28
1091,304,1079,2026-09-28
1092,674,1080,2026-09-28
1093,229,1081,2026-09-28
1094,675,1082,2026-09-28
1095,676,990,2026-09-28
1096,558,1083,2026-09-28
1097,677,1084,2026-09-28
1098,310,1085,2026-09-28
1099,126,1086,2026-09-28
1100,444,1087,2026-09-28
1101,316,1088,2026-09-28
1102,678,668,2026-09-28
1103,679,1089,2026-09-28
1104,146,1090,2026-09-28
1105,680,1091,2026-09-28
1106,681,1092,2026-09-28
1107,682,1093,2026-09-28
1108,316,1094,2026-09-28
1109,322,1095,2026-09-28
1110,683,1096,2026-09-28
1111,684,1097,2026-09-28
1112,685,1098,2026-09-28
1113,601,1099,2026-09-28
1114,686,1100,2026-09-28
1115,687,1101,2026-09-28
1116,688,1102,2026-09-28
1117,167,1103,2026-09-28
1118,689,1104,2026-09-28
1119,690,1105,2026-09-28
1120,600,1106,2026-09-28
1121,691,1107,2026-09-28
1122,174,1108,2026-09-28
1123,691,1109,2026-09-28
1124,591,1110,2026-09-28
1125,162,1111,2026-09-28
1126,692,899,2026-09-28
1127,693,1112,2026-09-28
1128,694,1113,2026-09-28
1129,695,1114,2026-09-28
1130,696,1115,2026-09-28
1131,475,1116,2026-09-28
1132,697,1117,2026-09-28
1133,698,1118,2026-09-28
1134,698,1119,2026-09-28
1135,698,1120,2026-09-28
1136,699,1121,2026-09-28
1137,700,1122,2026-09-28
1138,349,1123,2026-09-28
1139,701,1124,2026-09-28
1140,702,1125,2026-09-28
1141,703,1126,2026-09-28
1142,184,1127,2026-09-28
1143,704,1128,2026-09-27
1144,705,1129,2026-09-27
1145,705,1130,2026-09-27
1146,706,1131,2026-09-27
1147,707,1132,2026-09-27
1148,708,1133,2026-09-27
1149,669,1134,2026-09-27
1150,235,1135,2026-09-27
1151,235,1136,2026-09-27
1152,401,1137,2026-09-27
1153,709,1138,2026-09-27
1154,710,1139,2026-09-27
1155,709,1140,2026-09-27
1156,711,1141,2026-09-27
1157,712,1142,2026-09-27
1158,330,1143,2026-09-27
1159,330,1144,2026-09-27
1160,713,1145,2026-09-27
1161,330,1146,2026-09-27
1162,235,1147,2026-09-26
1163,421,1148,2026-09-26
1164,714,1149,2026-09-26
1165,137,1150,2026-09-26
1166,715,1151,2026-09-26
1167,716,1152,2026-09-26
1168,717,1153,2026-09-26
1169,718,1154,2026-09-26
1170,719,1155,2026-09-26
1171,720,1156,2026-09-26
1172,720,1157,2026-09-26
1173,721,1158,2026-09-25
1174,722,1159,2026-09-25
1175,723,1160,2026-09-25
1176,724,1161,2026-09-25
1177,33,1162,2026-09-25
1178,725,1163,2026-09-25
1179,726,1164,2026-09-25
1180,32,1165,2026-09-25
1181,361,1166,2026-09-25
1182,241,1167,2026-09-25
1183,14,1168,2026-09-25
1184,73,1169,2026-09-25
1185,73,1170,2026-09-25
1186,727,1171,2026-09-25
1187,728,1172,2026-09-25
1188,729,1173,2026-09-25
1189,730,1174,2026-09-25
1190,731,1175,2026-09-25
1191,241,1176,2026-09-25
1192,38,1177,2026-09-25
1193,103,1178,2026-09-25
1194,58,1179,2026-09-25
1195,732,1180,2026-09-25
1196,262,1181,2026-09-25
1197,733,312,2026-09-25
1198,734,1182,2026-09-25
1199,735,1183,2026-09-25
1200,736,1184,2026-09-25
1201,737,1185,2026-09-25
1202,738,1186,2026-09-25
1203,739,1187,2026-09-25
1204,511,1188,2026-09-25
1205,511,1189,2026-09-25
1206,378,1190,2026-09-25
1207,249,1191,2026-09-25
1208,740,1192,2026-09-25
1209,741,1193,2026-09-25
1210,742,1194,2026-09-25
1211,20,1195,2026-09-25
1212,743,1196,2026-09-25
1213,744,1197,2026-09-25
1214,96,1198,2026-09-25
1215,426,1199,2026-09-25
1216,426,1200,2026-09-25
1217,426,1201,2026-09-25
1218,297,1202,2026-09-25
1219,745,1203,2026-09-25
1220,58,1204,2026-09-25
1221,746,1205,2026-09-25
1222,20,1206,2026-09-25
1223,614,1207,2026-09-25
1224,747,1208,2026-09-25
1225,748,1209,2026-09-25
1226,230,339,2026-09-25
1227,749,1210,2026-09-25
1228,750,1211,2026-09-25
1229,217,1212,2026-09-25
1230,629,1213,2026-09-25
1231,520,1214,2026-09-25
1232,751,1215,2026-09-25
1233,752,1216,2026-09-25
1234,715,1217,2026-09-25
1235,753,1218,2026-09-25
1236,754,1219,2026-09-25
1237,755,1220,2026-09-25
1238,612,1221,2026-09-25
1239,622,1222,2026-09-25
1240,756,1223,2026-09-25
1241,654,1224,2026-09-25
1242,654,1225,2026-09-25
1243,26,1226,2026-09-25
1244,757,1227,2026-09-25
1245,758,1228,2026-09-25
1246,654,1229,2026-09-25
1247,759,1230,2026-09-25
1248,746,1231,2026-09-25
1249,223,1232,2026-09-25
1250,544,1233,2026-09-25
1251,214,1234,2026-09-25
1252,760,1235,2026-09-25
1253,761,1236,2026-09-25
1254,565,1237,2026-09-25
1255,14,1238,2026-09-25
1256,762,1239,2026-09-25
1257,763,1240,2026-09-25
1258,764,1241,2026-09-25
1259,52,1242,2026-09-25
1260,765,1243,2026-09-25
1261,304,1244,2026-09-25
1262,510,1245,2026-09-25
1263,766,1246,2026-09-25
1264,274,1247,2026-09-25
1265,767,1248,2026-09-25
1266,671,1249,2026-09-25
1267,613,1250,2026-09-25
1268,238,1251,2026-09-25
1269,51,1252,2026-09-25
1270,636,1253,2026-09-25
1271,768,1254,2026-09-25
1272,238,1255,2026-09-25
1273,305,1256,2026-09-25
1274,430,1257,2026-09-25
1275,124,1258,2026-09-25
1276,440,1259,2026-09-25
1277,408,1260,2026-09-25
1278,769,1261,2026-09-25
1279,770,1262,2026-09-25
1280,145,1263,2026-09-25
1281,771,1264,2026-09-25
1282,772,1265,2026-09-25
1283,122,1266,2026-09-25
1284,773,1267,2026-09-25
1285,774,1268,2026-09-25
1286,772,1269,2026-09-25
1287,431,1270,2026-09-25
1288,775,1271,2026-09-25
1289,776,1272,2026-09-25
1290,468,1273,2026-09-25
1291,574,1274,2026-09-25
1292,777,1275,2026-09-25
1293,778,1276,2026-09-25
1294,779,1277,2026-09-25
1295,204,1278,2026-09-25
1296,20,1279,2026-09-25
1297,89,1280,2026-09-25
1298,671,1281,2026-09-25
1299,550,1282,2026-09-25
1300,780,1283,2026-09-25
1301,781,1284,2026-09-25
1302,782,1285,2026-09-25
1303,783,1286,2026-09-25
1304,784,1287,2026-09-25
1305,785,1288,2026-09-25
1306,786,1289,2026-09-25
1307,288,1290,2026-09-25
1308,679,1291,2026-09-25
1309,787,1292,2026-09-25
1310,788,1293,2026-09-25
1311,311,1294,2026-09-25
1312,157,1295,2026-09-25
1313,789,1296,2026-09-25
1314,6,1297,2026-09-25
1315,790,1298,2026-09-25
1316,791,1299,2026-09-25
1317,792,1300,2026-09-25
1318,726,1301,2026-09-25
1319,793,1302,2026-09-25
1320,467,1303,2026-09-25
1321,195,612,2026-09-25
1322,794,1304,2026-09-25
1323,795,1305,2026-09-25
1324,498,1306,2026-09-25
1325,321,1307,2026-09-25
1326,796,1308,2026-09-25
1327,794,1309,2026-09-25
1328,797,1310,2026-09-25
1329,98,425,2026-09-25
1330,798,1311,2026-09-25
1331,590,1312,2026-09-25
1332,590,1313,2026-09-25
1333,799,1314,2026-09-25
1334,800,1315,2026-09-25
1335,801,1316,2026-09-25
1336,476,1317,2026-09-25
1337,693,1318,2026-09-25
1338,693,1319,2026-09-25
1339,693,1320,2026-09-25
1340,330,1321,2026-09-25
1341,330,1322,2026-09-25
1342,330,1323,2026-09-25
1343,330,1324,2026-09-25
1344,802,1325,2026-09-25
1345,803,1326,2026-09-25
1346,162,1327,2026-09-25
1347,162,1111,2026-09-25
1348,170,1328,2026-09-25
1349,167,1329,2026-09-25
1350,693,1330,2026-09-25
1351,693,1331,2026-09-25
1352,336,1332,2026-09-25
1353,693,1333,2026-09-25
1354,173,1334,2026-09-25
1355,804,1335,2026-09-25
1356,178,1336,2026-09-25
1357,805,1337,2026-09-25
1358,806,1338,2026-09-25
1359,807,1339,2026-09-25
1360,808,1340,2026-09-25
1361,809,738,2026-09-25
1362,810,1341,2026-09-25
1363,811,1342,2026-09-25
1364,812,1343,2026-09-25
1365,812,1130,2026-09-25
1366,349,1344,2026-09-25
1367,813,1345,2026-09-25
1368,814,1346,2026-09-24
1369,223,1347,2026-09-24
1370,461,1348,2026-09-24
1371,815,1349,2026-09-24
1372,261,1350,2026-09-24
1373,714,1351,2026-09-24
1374,816,1352,2026-09-24
1375,817,111,2026-09-24
1376,818,1353,2026-09-24
1377,819,1354,2026-09-24
1378,20,1355,2026-09-24
1379,820,1356,2026-09-24
1380,26,1357,2026-09-24
1381,468,1358,2026-09-24
1382,80,1359,2026-09-24
1383,516,1360,2026-09-24
1384,821,1361,2026-09-24
1385,122,1362,2026-09-24
1386,822,1363,2026-09-24
1387,14,1364,2026-09-24
1388,823,1365,2026-09-24
1389,467,1366,2026-09-24
1390,20,1367,2026-09-24
1391,20,1368,2026-09-24
1392,20,1369,2026-09-24
1393,824,1370,2026-09-24
1394,825,1371,2026-09-24
1395,826,1372,2026-09-24
1396,711,1373,2026-09-24
1397,21,645,2026-09-24
1398,372,1374,2026-09-24
1399,326,1375,2026-09-24
1400,827,1376,2026-09-24
1401,268,1377,2026-09-24
1402,201,1378,2026-09-24
1403,45,1379,2026-09-24
1404,828,692,2026-09-24
1405,829,1380,2026-09-24
1406,830,1381,2026-09-24
1407,831,1382,2026-09-24
1408,770,1383,2026-09-24
1409,832,1384,2026-09-24
1410,58,1385,2026-09-24
1411,531,1386,2026-09-24
1412,201,1387,2026-09-24
1413,18,1388,2026-09-24
1414,639,1389,2026-09-24
1415,833,1390,2026-09-24
1416,834,1391,2026-09-24
1417,835,1392,2026-09-24
1418,515,1393,2026-09-24
1419,836,1394,2026-09-24
1420,496,1395,2026-09-24
1421,247,1396,2026-09-24
1422,100,1397,2026-09-24
1423,100,1398,2026-09-24
1424,100,1399,2026-09-24
1425,366,1400,2026-09-24
1426,665,1401,2026-09-24
1427,361,1402,2026-09-24
1428,837,1403,2026-09-24
1429,73,1404,2026-09-24
1430,634,1405,2026-09-24
1431,838,332,2026-09-24
1432,839,1406,2026-09-24
1433,38,1407,2026-09-24
1434,504,1408,2026-09-24
1435,400,1409,2026-09-24
1436,840,1410,2026-09-24
1437,841,1411,2026-09-24
1438,401,1412,2026-09-24
1439,202,1413,2026-09-24
1440,250,1414,2026-09-24
1441,324,1415,2026-09-24
1442,842,1416,2026-09-24
1443,768,1417,2026-09-24
1444,14,1418,2026-09-24
1445,843,1419,2026-09-24
1446,551,1420,2026-09-24
1447,844,1421,2026-09-24
1448,225,1422,2026-09-24
1449,845,737,2026-09-24
1450,34,1423,2026-09-24
1451,846,1424,2026-09-24
1452,847,1425,2026-09-24
1453,848,1426,2026-09-24
1454,849,1427,2026-09-24
1455,850,1428,2026-09-24
1456,633,1429,2026-09-24
1457,851,1430,2026-09-24
1458,852,1431,2026-09-24
1459,75,1432,2026-09-24
1460,853,1433,2026-09-24
1461,410,1434,2026-09-24
1462,267,1435,2026-09-24
1463,73,1436,2026-09-24
1464,854,1437,2026-09-24
1465,137,1438,2026-09-24
1466,855,1439,2026-09-24
1467,856,1440,2026-09-24
1468,857,1441,2026-09-24
1469,858,1442,2026-09-24
1470,859,1443,2026-09-24
1471,439,1444,2026-09-24
1472,561,1445,2026-09-24
1473,117,1446,2026-09-24
1474,522,1447,2026-09-24
1475,145,1448,2026-09-24
1476,288,1449,2026-09-24
1477,860,1450,2026-09-24
1478,453,1451,2026-09-24
1479,629,1452,2026-09-24
1480,574,1453,2026-09-24
1481,861,1454,2026-09-24
1482,281,1455,2026-09-24
1483,862,1456,2026-09-24
1484,305,1457,2026-09-24
1485,863,1458,2026-09-24
1486,864,1459,2026-09-24
1487,865,1460,2026-09-24
1488,866,1461,2026-09-24
1489,864,1462,2026-09-24
1490,410,1463,2026-09-24
1491,436,1464,2026-09-24
1492,867,1465,2026-09-24
1493,868,1466,2026-09-24
1494,869,1467,2026-09-24
1495,305,1468,2026-09-24
1496,322,1469,2026-09-24
1497,870,1470,2026-09-24
1498,383,1471,2026-09-24
1499,871,1472,2026-09-24
1500,872,1473,2026-09-24
1501,135,1474,2026-09-24
1502,113,1475,2026-09-24
1503,123,1476,2026-09-24
1504,84,1477,2026-09-24
1505,873,1478,2026-09-24
1506,874,1479,2026-09-24
1507,709,1480,2026-09-24
1508,875,1481,2026-09-24
1509,440,1482,2026-09-24
1510,876,1483,2026-09-24
1511,877,1484,2026-09-24
1512,878,1485,2026-09-24
1513,879,1486,2026-09-24
1514,144,1487,2026-09-24
1515,189,1488,2026-09-24
1516,498,1489,2026-09-24
1517,880,1490,2026-09-24
1518,881,1491,2026-09-24
1519,882,1492,2026-09-24
1520,326,1493,2026-09-24
1521,326,1494,2026-09-24
1522,69,1495,2026-09-24
1523,883,1496,2026-09-24
1524,884,1497,2026-09-24
1525,885,1136,2026-09-24
1526,886,1498,2026-09-24
1527,887,1499,2026-09-24
1528,888,332,2026-09-24
1529,889,1500,2026-09-24
1530,890,1501,2026-09-24
1531,891,1502,2026-09-24
1532,481,1503,2026-09-24
1533,892,1504,2026-09-24
1534,893,1505,2026-09-24
1535,894,1506,2026-09-24
1536,895,1507,2026-09-24
1537,896,1508,2026-09-24
1538,897,1509,2026-09-24
1539,330,1510,2026-09-24
1540,898,1511,2026-09-24
1541,899,1512,2026-09-24
1542,900,1513,2026-09-24
1543,330,1514,2026-09-24
1544,901,1515,2026-09-24
1545,902,1516,2026-09-24
1546,902,1517,2026-09-24
1547,903,1518,2026-09-24
1548,904,1519,2026-09-24
1549,812,1520,2026-09-24
1550,905,1521,2026-09-23
1551,906,1522,2026-09-23
1552,69,1523,2026-09-23
1553,907,1524,2026-09-23
1554,500,1525,2026-09-23
1555,6,1526,2026-09-23
1556,908,1527,2026-09-23
1557,6,1528,2026-09-23
1558,909,1529,2026-09-23
1559,910,1530,2026-09-23
1560,911,1531,2026-09-23
1561,133,1532,2026-09-23
1562,912,1533,2026-09-23
1563,73,870,2026-09-23
1564,776,1534,2026-09-23
1565,526,1535,2026-09-23
1566,913,1536,2026-09-23
1567,390,1016,2026-09-23
1568,625,1537,2026-09-23
1569,523,1538,2026-09-23
1570,425,1539,2026-09-23
1571,914,1540,2026-09-23
1572,854,1541,2026-09-23
1573,14,1542,2026-09-23
1574,241,1543,2026-09-23
1575,396,1544,2026-09-23
1576,630,1545,2026-09-23
1577,915,1546,2026-09-23
1578,916,511,2026-09-23
1579,32,1547,2026-09-23
1580,917,1548,2026-09-23
1581,918,1549,2026-09-23
1582,468,1550,2026-09-23
1583,919,1551,2026-09-23
1584,384,1552,2026-09-23
1585,75,1553,2026-09-23
1586,73,1554,2026-09-23
1587,326,1555,2026-09-23
1588,920,1556,2026-09-23
1589,197,1557,2026-09-23
1590,921,1558,2026-09-23
1591,922,1559,2026-09-23
1592,923,1560,2026-09-23
1593,924,1561,2026-09-23
1594,925,1562,2026-09-23
1595,926,1563,2026-09-23
1596,816,1564,2026-09-23
1597,122,1565,2026-09-23
1598,31,1566,2026-09-23
1599,927,1567,2026-09-23
1600,199,1568,2026-09-23
1601,928,1136,2026-09-23
1602,929,1569,2026-09-23
1603,361,1570,2026-09-23
1604,148,1571,2026-09-23
1605,14,1572,2026-09-23
1606,3,1573,2026-09-23
1607,288,1574,2026-09-23
1608,930,1575,2026-09-23
1609,277,1576,2026-09-23
1610,931,1577,2026-09-23
1611,776,1578,2026-09-23
1612,932,1579,2026-09-23
1613,371,1580,2026-09-23
1614,193,1581,2026-09-23
1615,580,1582,2026-09-23
1616,51,1583,2026-09-23
1617,933,1213,2026-09-23
1618,934,1584,2026-09-23
1619,935,1585,2026-09-23
1620,936,1586,2026-09-23
1621,127,1587,2026-09-23
1622,937,1588,2026-09-23
1623,938,1589,2026-09-23
1624,247,1590,2026-09-23
1625,939,1591,2026-09-23
1626,262,1592,2026-09-23
1627,940,1593,2026-09-23
1628,941,1594,2026-09-23
1629,942,1595,2026-09-23
1630,942,1596,2026-09-23
1631,14,1597,2026-09-23
1632,292,1598,2026-09-23
1633,943,1599,2026-09-23
1634,944,1600,2026-09-23
1635,395,1601,2026-09-23
1636,945,1602,2026-09-23
1637,290,1603,2026-09-23
1638,946,1604,2026-09-23
1639,947,149,2026-09-23
1640,573,1605,2026-09-23
1641,114,1606,2026-09-23
1642,252,1607,2026-09-23
1643,516,1608,2026-09-23
1644,948,1609,2026-09-23
1645,629,690,2026-09-23
1646,949,1610,2026-09-23
1647,950,1611,2026-09-23
1648,113,1612,2026-09-23
1649,670,1613,2026-09-23
1650,547,1614,2026-09-23
1651,545,1615,2026-09-23
1652,127,1616,2026-09-23
1653,756,1617,2026-09-23
1654,84,1618,2026-09-23
1655,951,1619,2026-09-23
1656,610,1620,2026-09-23
1657,952,1621,2026-09-23
1658,951,1622,2026-09-23
1659,777,1623,2026-09-23
1660,462,1624,2026-09-23
1661,863,1625,2026-09-23
1662,868,1626,2026-09-23
1663,953,1627,2026-09-23
1664,445,1628,2026-09-23
1665,954,1629,2026-09-23
1666,955,1630,2026-09-23
1667,956,1631,2026-09-23
1668,957,1632,2026-09-23
1669,958,1633,2026-09-23
1670,959,1634,2026-09-23
1671,956,1635,2026-09-23
1672,433,1636,2026-09-23
1673,34,1637,2026-09-23
1674,270,1638,2026-09-23
1675,960,1639,2026-09-23
1676,679,1640,2026-09-23
1677,273,1641,2026-09-23
1678,157,228,2026-09-23
1679,361,1642,2026-09-23
1680,316,1643,2026-09-23
1681,961,1644,2026-09-23
1682,962,1645,2026-09-23
1683,438,1646,2026-09-23
1684,963,1647,2026-09-23
1685,123,1648,2026-09-23
1686,704,1649,2026-09-23
1687,964,1650,2026-09-23
1688,155,1651,2026-09-23
1689,965,1652,2026-09-23
1690,966,1653,2026-09-23
1691,967,1654,2026-09-23
1692,968,1655,2026-09-23
1693,889,1656,2026-09-23
1694,969,1657,2026-09-23
1695,328,1658,2026-09-23
1696,970,1659,2026-09-23
1697,971,1660,2026-09-23
1698,174,1661,2026-09-23
1699,972,1662,2026-09-23
1700,973,1663,2026-09-23
1701,974,1664,2026-09-23
1702,171,1665,2026-09-23
1703,975,1666,2026-09-23
1704,976,1667,2026-09-23
1705,590,1573,2026-09-23
1706,974,754,2026-09-23
1707,977,1668,2026-09-23
1708,978,1669,2026-09-23
1709,979,1670,2026-09-23
1710,980,1671,2026-09-23
1711,597,1672,2026-09-23
1712,981,1673,2026-09-23
1713,982,1674,2026-09-23
1714,350,1675,2026-09-23
1715,983,1676,2026-09-23
1716,984,1677,2026-09-23
1717,985,1678,2026-09-23
1718,986,1679,2026-09-23
1719,987,1680,2026-09-23
1720,988,1681,2026-09-23
1721,989,1682,2026-09-23
1722,990,1683,2026-09-23
1723,350,1684,2026-09-23
1724,69,1685,2026-09-22
1725,991,1686,2026-09-22
1726,539,1687,2026-09-22
1727,233,1688,2026-09-22
1728,992,1689,2026-09-22
1729,419,1690,2026-09-22
1730,157,111,2026-09-22
1731,361,1691,2026-09-22
1732,361,1692,2026-09-22
1733,993,1693,2026-09-22
1734,994,1694,2026-09-22
1735,612,1695,2026-09-22
1736,995,1696,2026-09-22
1737,996,1697,2026-09-22
1738,997,1698,2026-09-22
1739,20,1699,2026-09-22
1740,724,1700,2026-09-22
1741,914,1701,2026-09-22
1742,998,1702,2026-09-22
1743,38,1703,2026-09-22
1744,999,1704,2026-09-22
1745,633,1705,2026-09-22
1746,82,1706,2026-09-22
1747,683,1707,2026-09-22
1748,401,1708,2026-09-22
1749,1000,1709,2026-09-22
1750,214,1710,2026-09-22
1751,1001,1711,2026-09-22
1752,797,1712,2026-09-22
1753,1002,1713,2026-09-22
1754,384,1714,2026-09-22
1755,354,1715,2026-09-22
1756,1003,1573,2026-09-22
1757,262,1716,2026-09-22
1758,939,1717,2026-09-22
1759,1004,1718,2026-09-22
1760,212,296,2026-09-22
1761,552,1719,2026-09-22
1762,1000,1720,2026-09-22
1763,38,1721,2026-09-22
1764,46,1722,2026-09-22
1765,1000,1723,2026-09-22
1766,415,1724,2026-09-22
1767,103,1725,2026-09-22
1768,100,1726,2026-09-22
1769,268,423,2026-09-22
1770,1005,1727,2026-09-22
1771,825,1728,2026-09-22
1772,993,1729,2026-09-22
1773,1006,1730,2026-09-22
1774,1007,1731,2026-09-22
1775,1008,1732,2026-09-22
1776,742,1733,2026-09-22
1777,1009,1734,2026-09-22
1778,1010,1735,2026-09-22
1779,1011,1736,2026-09-22
1780,1012,1737,2026-09-22
1781,369,1738,2026-09-22
1782,30,1739,2026-09-22
1783,541,1740,2026-09-22
1784,73,1741,2026-09-22
1785,853,1742,2026-09-22
1786,1013,1743,2026-09-22
1787,326,1744,2026-09-22
1788,1014,1745,2026-09-22
1789,540,1746,2026-09-22
1790,1015,1747,2026-09-22
1791,37,1748,2026-09-22
1792,909,1749,2026-09-22
1793,1016,1750,2026-09-22
1794,726,1751,2026-09-22
1795,1017,1752,2026-09-22
1796,197,1753,2026-09-22
1797,1018,1754,2026-09-22
1798,1019,1755,2026-09-22
1799,20,1756,2026-09-22
1800,1020,1757,2026-09-22
1801,82,1758,2026-09-22
1802,731,1175,2026-09-22
1803,1021,1759,2026-09-22
1804,607,1760,2026-09-22
1805,1022,1761,2026-09-22
1806,1023,1762,2026-09-22
1807,765,1763,2026-09-22
1808,505,1764,2026-09-22
1809,726,1765,2026-09-22
1810,362,1766,2026-09-22
1811,1024,1767,2026-09-22
1812,1025,1768,2026-09-22
1813,1026,1769,2026-09-22
1814,135,1770,2026-09-22
1815,14,1771,2026-09-22
1816,1027,1772,2026-09-22
1817,1028,1773,2026-09-22
1818,679,1774,2026-09-22
1819,1029,1775,2026-09-22
1820,1030,1776,2026-09-22
1821,1031,1777,2026-09-22
1822,432,1778,2026-09-22
1823,999,1779,2026-09-22
1824,863,1780,2026-09-22
1825,1032,661,2026-09-22
1826,579,1781,2026-09-22
1827,1033,1782,2026-09-22
1828,724,1783,2026-09-22
1829,103,1784,2026-09-22
1830,565,1785,2026-09-22
1831,452,1786,2026-09-22
1832,1034,1787,2026-09-22
1833,1035,1788,2026-09-22
1834,252,1789,2026-09-22
1835,776,1790,2026-09-22
1836,781,1791,2026-09-22
1837,281,1792,2026-09-22
1838,113,1793,2026-09-22
1839,29,1794,2026-09-22
1840,949,1617,2026-09-22
1841,459,1795,2026-09-22
1842,1036,1796,2026-09-22
1843,77,1797,2026-09-22
1844,1037,1798,2026-09-22
1845,248,1799,2026-09-22
1846,1038,1800,2026-09-22
1847,1039,1801,2026-09-22
1848,285,1802,2026-09-22
1849,765,1803,2026-09-22
1850,18,1804,2026-09-22
1851,1040,1805,2026-09-22
1852,3,1806,2026-09-22
1853,444,1807,2026-09-22
1854,575,1808,2026-09-22
1855,459,1809,2026-09-22
1856,450,1810,2026-09-22
1857,88,1811,2026-09-22
1858,145,1812,2026-09-22
1859,187,1813,2026-09-22
1860,857,1814,2026-09-22
1861,1041,1815,2026-09-22
1862,1042,1816,2026-09-22
1863,20,1817,2026-09-22
1864,1043,1818,2026-09-22
1865,1044,1819,2026-09-22
1866,470,1820,2026-09-22
1867,461,1821,2026-09-22
1868,461,1822,2026-09-22
1869,1045,1823,2026-09-22
1870,1046,1824,2026-09-22
1871,33,1825,2026-09-22
1872,669,1826,2026-09-22
1873,1047,1827,2026-09-22
1874,326,1828,2026-09-22
1875,1048,1829,2026-09-22
1876,326,1830,2026-09-22
1877,1049,1610,2026-09-22
1878,485,1831,2026-09-22
1879,328,1832,2026-09-22
1880,1050,1833,2026-09-22
1881,169,1834,2026-09-22
1882,900,1835,2026-09-22
1883,974,1836,2026-09-22
1884,334,1837,2026-09-22
1885,334,1838,2026-09-22
1886,1051,1839,2026-09-22
1887,476,1840,2026-09-22
1888,1052,1841,2026-09-22
1889,600,1842,2026-09-22
1890,600,1843,2026-09-22
1891,167,1844,2026-09-22
1892,974,1845,2026-09-22
1893,590,1846,2026-09-22
1894,1053,1847,2026-09-22
1895,1054,1848,2026-09-22
1896,597,1849,2026-09-22
1897,1055,1850,2026-09-22
1898,1056,1851,2026-09-22
1899,592,1852,2026-09-22
1900,974,1853,2026-09-22
1901,1057,1854,2026-09-22
1902,1058,1855,2026-09-22
1903,583,1537,2026-09-22
1904,1059,1856,2026-09-22
1905,1060,1857,2026-09-22
1906,987,1858,2026-09-22
1907,1061,1859,2026-09-22
1908,349,1860,2026-09-22
1909,1062,1861,2026-09-22
1910,155,1862,2026-09-21
1911,214,1863,2026-09-21
1912,1063,1864,2026-09-21
1913,37,1865,2026-09-21
1914,1064,1866,2026-09-21
1915,1065,1867,2026-09-21
1916,1066,1868,2026-09-21
1917,963,1869,2026-09-21
1918,302,692,2026-09-21
1919,73,1870,2026-09-21
1920,1067,1871,2026-09-21
1921,468,1872,2026-09-21
1922,1068,1873,2026-09-21
1923,1069,1874,2026-09-21
1924,73,1875,2026-09-21
1925,761,1004,2026-09-21
1926,1070,1876,2026-09-21
1927,1071,1877,2026-09-21
1928,663,1878,2026-09-21
1929,14,1879,2026-09-21
1930,1072,1880,2026-09-21
1931,515,1881,2026-09-21
1932,1073,32,2026-09-21
1933,143,1882,2026-09-21
1934,1074,1883,2026-09-21
1935,20,1884,2026-09-21
1936,20,1885,2026-09-21
1937,1075,1886,2026-09-21
1938,1076,1887,2026-09-21
1939,1077,1888,2026-09-21
1940,1078,1889,2026-09-21
1941,1079,1890,2026-09-21
1942,1080,1891,2026-09-21
1943,1081,1892,2026-09-21
1944,1082,1893,2026-09-21
1945,14,1894,2026-09-21
1946,1083,1895,2026-09-21
1947,1065,1896,2026-09-21
1948,1084,1897,2026-09-21
1949,73,1898,2026-09-21
1950,636,1899,2026-09-21
1951,1085,1900,2026-09-21
1952,1086,1901,2026-09-21
1953,1087,1902,2026-09-21
1954,737,1903,2026-09-21
1955,1088,1904,2026-09-21
1956,1089,1905,2026-09-21
1957,1090,1906,2026-09-21
1958,1091,1907,2026-09-21
1959,232,1908,2026-09-21
1960,1005,1909,2026-09-21
1961,502,1910,2026-09-21
1962,1092,1911,2026-09-21
1963,94,1912,2026-09-21
1964,74,1758,2026-09-21
1965,1093,1913,2026-09-21
1966,1094,1914,2026-09-21
1967,1095,1915,2026-09-21
1968,614,1341,2026-09-21
1969,393,1916,2026-09-21
1970,38,1917,2026-09-21
1971,262,1716,2026-09-21
1972,768,1918,2026-09-21
1973,871,1919,2026-09-21
1974,1096,1920,2026-09-21
1975,1097,1921,2026-09-21
1976,1098,1922,2026-09-21
1977,617,1923,2026-09-21
1978,73,1924,2026-09-21
1979,1099,1925,2026-09-21
1980,1100,1926,2026-09-21
1981,1101,1927,2026-09-21
1982,1102,1928,2026-09-21
1983,617,1929,2026-09-21
1984,779,1930,2026-09-21
1985,1103,263,2026-09-21
1986,1104,1931,2026-09-21
1987,1105,1932,2026-09-21
1988,935,1933,2026-09-21
1989,89,1934,2026-09-21
1990,1106,1935,2026-09-21
1991,1039,1936,2026-09-21
1992,845,1937,2026-09-21
1993,14,1938,2026-09-21
1994,660,1939,2026-09-21
1995,366,1940,2026-09-21
1996,1091,1941,2026-09-21
1997,121,1942,2026-09-21
1998,69,1943,2026-09-21
1999,431,1944,2026-09-21
2000,1107,1945,2026-09-21
2001,204,1946,2026-09-21
2002,91,1947,2026-09-21
2003,248,1948,2026-09-21
2004,629,1949,2026-09-21
2005,153,1950,2026-09-21
2006,1108,1951,2026-09-21
2007,1109,1952,2026-09-21
2008,1110,1953,2026-09-21
2009,553,1954,2026-09-21
2010,1036,1955,2026-09-21
2011,440,1956,2026-09-21
2012,553,1957,2026-09-21
2013,135,1958,2026-09-21
2014,1111,1959,2026-09-21
2015,1112,1960,2026-09-21
2016,229,1961,2026-09-21
2017,1113,1962,2026-09-21
2018,308,1963,2026-09-21
2019,776,1964,2026-09-21
2020,951,1965,2026-09-21
2021,574,1966,2026-09-21
2022,1114,1967,2026-09-21
2023,874,1968,2026-09-21
2024,553,1969,2026-09-21
2025,1115,1970,2026-09-21
2026,1116,1971,2026-09-21
2027,307,1972,2026-09-21
2028,11,1973,2026-09-21
2029,1117,1974,2026-09-21
2030,1117,1975,2026-09-21
2031,1117,1976,2026-09-21
2032,1118,1977,2026-09-21
2033,1119,1978,2026-09-21
2034,505,1979,2026-09-21
2035,326,1980,2026-09-21
2036,1120,1981,2026-09-21
2037,1121,1982,2026-09-21
2038,1122,1983,2026-09-21
2039,900,1984,2026-09-21
2040,1123,1985,2026-09-21
2041,974,1986,2026-09-21
2042,1124,1987,2026-09-21
2043,1125,1988,2026-09-21
2044,1126,1989,2026-09-21
2045,1127,1990,2026-09-21
2046,1128,1991,2026-09-21
2047,1128,1992,2026-09-21
2048,171,1993,2026-09-21
2049,174,1994,2026-09-21
2050,1129,1995,2026-09-21
2051,896,1996,2026-09-21
2052,1129,1997,2026-09-21
2053,1130,1998,2026-09-21
2054,974,1999,2026-09-21
2055,1129,2000,2026-09-21
2056,1131,1156,2026-09-21
2057,1132,2001,2026-09-21
2058,1062,2002,2026-09-21
2059,1133,2003,2026-09-21
2060,1134,2004,2026-09-21
2061,1135,2005,2026-09-21
2062,808,2006,2026-09-21
2063,669,2007,2026-09-20
2064,467,2008,2026-09-20
2065,522,2009,2026-09-20
2066,20,2010,2026-09-20
2067,1095,2011,2026-09-20
2068,1136,2012,2026-09-19
2069,629,2013,2026-09-19
2070,520,2014,2026-09-19
2071,529,2015,2026-09-19
2072,1137,2016,2026-09-19
2073,51,2017,2026-09-19
2074,1138,2018,2026-09-19
2075,770,2019,2026-09-19
2076,1139,2020,2026-09-19
2077,1140,2021,2026-09-19
2078,1141,1201,2026-09-19
2079,1142,2022,2026-09-19
2080,1143,2023,2026-09-19
2081,1144,2024,2026-09-18
2082,214,2025,2026-09-18
2083,1145,2026,2026-09-18
2084,1145,2027,2026-09-18
2085,527,2028,2026-09-18
2086,832,1378,2026-09-18
2087,20,2029,2026-09-18
2088,20,2030,2026-09-18
2089,20,2031,2026-09-18
2090,1105,2032,2026-09-18
2091,197,2033,2026-09-18
2092,14,2034,2026-09-18
2093,669,2035,2026-09-18
2094,578,2036,2026-09-18
2095,1146,2037,2026-09-18
2096,1147,2038,2026-09-18
2097,69,2039,2026-09-18
2098,539,2040,2026-09-18
2099,1148,2041,2026-09-18
2100,633,2042,2026-09-18
2101,122,2043,2026-09-18
2102,505,2044,2026-09-18
2103,14,2045,2026-09-18
2104,1149,2046,2026-09-18
2105,1150,2047,2026-09-18
2106,1151,2048,2026-09-18
2107,1152,2049,2026-09-18
2108,1153,2050,2026-09-18
2109,99,2051,2026-09-18
2110,407,2052,2026-09-18
2111,228,2053,2026-09-18
2112,14,2054,2026-09-18
2113,859,2055,2026-09-18
2114,14,2056,2026-09-18
2115,37,2057,2026-09-18
2116,1154,2058,2026-09-18
2117,74,2059,2026-09-18
2118,1155,2060,2026-09-18
2119,1156,2061,2026-09-18
2120,1157,2062,2026-09-18
2121,361,2063,2026-09-18
2122,14,2064,2026-09-18
2123,1158,2065,2026-09-18
2124,1100,2066,2026-09-18
2125,14,2067,2026-09-18
2126,1100,2068,2026-09-18
2127,540,2069,2026-09-18
2128,1159,2070,2026-09-18
2129,194,2071,2026-09-18
2130,97,2072,2026-09-18
2131,928,2073,2026-09-18
2132,1160,2074,2026-09-18
2133,78,2075,2026-09-18
2134,1161,2076,2026-09-18
2135,212,2077,2026-09-18
2136,1162,2078,2026-09-18
2137,1163,2079,2026-09-18
2138,212,2080,2026-09-18
2139,1086,2081,2026-09-18
2140,1164,2082,2026-09-18
2141,74,94,2026-09-18
2142,401,2083,2026-09-18
2143,296,2084,2026-09-18
2144,264,2085,2026-09-18
2145,913,2086,2026-09-18
2146,1165,2087,2026-09-18
2147,13,2088,2026-09-18
2148,543,2089,2026-09-18
2149,14,2090,2026-09-18
2150,543,2091,2026-09-18
2151,14,2092,2026-09-18
2152,525,2093,2026-09-18
2153,625,2094,2026-09-18
2154,79,2095,2026-09-18
2155,298,2096,2026-09-18
2156,1166,2097,2026-09-18
2157,1167,904,2026-09-18
2158,768,2098,2026-09-18
2159,109,2099,2026-09-18
2160,199,2100,2026-09-18
2161,1168,2101,2026-09-18
2162,753,2102,2026-09-18
2163,776,2103,2026-09-18
2164,221,1215,2026-09-18
2165,362,2104,2026-09-18
2166,1169,2105,2026-09-18
2167,430,2106,2026-09-18
2168,1170,2107,2026-09-18
2169,267,2108,2026-09-18
2170,299,2109,2026-09-18
2171,863,2110,2026-09-18
2172,144,2111,2026-09-18
2173,550,2112,2026-09-18
2174,274,2113,2026-09-18
2175,93,2114,2026-09-18
2176,781,2115,2026-09-18
2177,1171,265,2026-09-18
2178,1172,2116,2026-09-18
2179,137,2117,2026-09-18
2180,1173,2118,2026-09-18
2181,461,2119,2026-09-18
2182,1116,2120,2026-09-18
2183,1174,2121,2026-09-18
2184,1174,2122,2026-09-18
2185,1175,2123,2026-09-18
2186,461,2124,2026-09-18
2187,663,2125,2026-09-18
2188,1117,2126,2026-09-18
2189,793,2127,2026-09-18
2190,186,2128,2026-09-18
2191,1176,2129,2026-09-18
2192,268,2130,2026-09-18
2193,38,2131,2026-09-18
2194,770,2132,2026-09-18
2195,489,2133,2026-09-18
2196,1177,2134,2026-09-18
2197,1178,2135,2026-09-18
2198,1179,2136,2026-09-18
2199,1180,2137,2026-09-18
2200,1179,2138,2026-09-18
2201,1181,497,2026-09-18
2202,1182,2139,2026-09-18
2203,590,2140,2026-09-18
2204,1183,2141,2026-09-18
2205,1184,2142,2026-09-18
2206,162,2143,2026-09-18
2207,1185,149,2026-09-18
2208,1186,2144,2026-09-18
2209,1056,2145,2026-09-18
2210,1187,2146,2026-09-18
2211,1188,2147,2026-09-18
2212,1189,2148,2026-09-18
2213,1190,2149,2026-09-18
2214,902,2150,2026-09-18
2215,1191,2151,2026-09-18
2216,812,2152,2026-09-18
2217,983,2153,2026-09-18
2218,1192,2154,2026-09-18
2219,1193,2155,2026-09-18
2220,813,2156,2026-09-18
2221,629,2157,2026-09-17
2222,1194,2158,2026-09-17
2223,1195,2159,2026-09-17
2224,1196,2160,2026-09-17
2225,1197,2161,2026-09-17
2226,1198,2162,2026-09-17
2227,968,2163,2026-09-17
2228,1199,2164,2026-09-17
2229,38,2165,2026-09-17
2230,1200,2166,2026-09-17
2231,1201,2167,2026-09-17
2232,14,2168,2026-09-17
2233,154,2169,2026-09-17
2234,155,2170,2026-09-17
2235,967,2171,2026-09-17
2236,859,2172,2026-09-17
2237,1202,2173,2026-09-17
2238,326,2174,2026-09-17
2239,1203,1610,2026-09-17
2240,401,2175,2026-09-17
2241,1204,2176,2026-09-17
2242,533,2177,2026-09-17
2243,1087,2178,2026-09-17
2244,1205,2179,2026-09-17
2245,1206,425,2026-09-17
2246,1207,2180,2026-09-17
2247,435,2181,2026-09-17
2248,38,2182,2026-09-17
2249,1208,2183,2026-09-17
2250,846,2184,2026-09-17
2251,613,2185,2026-09-17
2252,14,2186,2026-09-17
2253,1209,2187,2026-09-17
2254,1210,2188,2026-09-17
2255,1211,2189,2026-09-17
2256,248,2190,2026-09-17
2257,1212,1573,2026-09-17
2258,14,2191,2026-09-17
2259,1213,2192,2026-09-17
2260,1214,2193,2026-09-17
2261,1215,2194,2026-09-17
2262,444,2195,2026-09-17
2263,458,2196,2026-09-17
2264,1216,2197,2026-09-17
2265,820,2198,2026-09-17
2266,908,2199,2026-09-17
2267,262,2200,2026-09-17
2268,730,2201,2026-09-17
2269,109,2202,2026-09-17
2270,1217,2203,2026-09-17
2271,146,2204,2026-09-17
2272,1088,990,2026-09-17
2273,1156,2205,2026-09-17
2274,204,2206,2026-09-17
2275,945,2207,2026-09-17
2276,1218,2208,2026-09-17
2277,1219,2209,2026-09-17
2278,61,2210,2026-09-17
2279,1220,2211,2026-09-17
2280,1221,2212,2026-09-17
2281,1222,2213,2026-09-17
2282,1223,2214,2026-09-17
2283,1224,2215,2026-09-17
2284,113,2216,2026-09-17
2285,143,2217,2026-09-17
2286,1225,2218,2026-09-17
2287,37,2219,2026-09-17
2288,207,2220,2026-09-17
2289,1226,2221,2026-09-17
2290,1227,2222,2026-09-17
2291,1228,2223,2026-09-17
2292,217,362,2026-09-17
2293,113,2224,2026-09-17
2294,1229,2225,2026-09-17
2295,68,2226,2026-09-17
2296,1230,2227,2026-09-17
2297,1071,2228,2026-09-17
2298,326,2229,2026-09-17
2299,73,2230,2026-09-17
2300,573,2231,2026-09-17
2301,1231,2232,2026-09-17
2302,241,2233,2026-09-17
2303,83,2234,2026-09-17
2304,573,2235,2026-09-17
2305,3,2236,2026-09-17
2306,1232,2237,2026-09-17
2307,1233,2238,2026-09-17
2308,1234,2239,2026-09-17
2309,502,2240,2026-09-17
2310,1235,2241,2026-09-17
2311,14,2242,2026-09-17
2312,1236,2243,2026-09-17
2313,1237,2244,2026-09-17
2314,232,2245,2026-09-17
2315,1238,2246,2026-09-17
2316,1239,2247,2026-09-17
2317,1175,2248,2026-09-17
2318,863,2249,2026-09-17
2319,408,2250,2026-09-17
2320,137,2251,2026-09-17
2321,105,2252,2026-09-17
2322,1240,2253,2026-09-17
2323,121,2254,2026-09-17
2324,956,2255,2026-09-17
2325,1241,2256,2026-09-17
2326,1242,2257,2026-09-17
2327,1243,2258,2026-09-17
2328,1044,2259,2026-09-17
2329,121,2260,2026-09-17
2330,314,2261,2026-09-17
2331,121,2262,2026-09-17
2332,1244,2263,2026-09-17
2333,156,2264,2026-09-17
2334,1245,2265,2026-09-17
2335,316,2266,2026-09-17
2336,197,2267,2026-09-17
2337,1044,2268,2026-09-17
2338,393,2269,2026-09-17
2339,1246,2270,2026-09-17
2340,69,2271,2026-09-17
2341,1247,2272,2026-09-17
2342,1248,2273,2026-09-17
2343,1249,2274,2026-09-17
2344,1250,2275,2026-09-17
2345,980,2276,2026-09-17
2346,1053,2277,2026-09-17
2347,171,2278,2026-09-17
2348,1251,2279,2026-09-17
2349,1252,2280,2026-09-17
2350,1253,2281,2026-09-17
2351,1254,1430,2026-09-17
2352,334,2282,2026-09-17
2353,336,2283,2026-09-17
2354,1255,2129,2026-09-17
2355,329,2284,2026-09-17
2356,1256,2285,2026-09-17
2357,1257,2286,2026-09-17
2358,421,2287,2026-09-17
2359,1258,2288,2026-09-17
2360,183,2289,2026-09-17
2361,1058,2290,2026-09-17
2362,987,2291,2026-09-17
2363,1259,2292,2026-09-17
2364,1260,2293,2026-09-16
2365,1261,2294,2026-09-16
2366,1262,2295,2026-09-16
2367,1164,2296,2026-09-16
2368,470,2297,2026-09-16
2369,1263,2298,2026-09-16
2370,1264,2299,2026-09-16
2371,1265,2300,2026-09-16
2372,1266,2301,2026-09-16
2373,1267,2302,2026-09-16
2374,1268,2303,2026-09-16
2375,1269,2304,2026-09-16
2376,374,2305,2026-09-16
2377,36,2306,2026-09-16
2378,1270,2307,2026-09-16
2379,1158,2308,2026-09-16
2380,411,2309,2026-09-16
2381,1271,2310,2026-09-16
2382,64,2311,2026-09-16
2383,1272,2312,2026-09-16
2384,633,2313,2026-09-16
2385,326,2314,2026-09-16
2386,1273,2315,2026-09-16
2387,768,2316,2026-09-16
2388,1274,826,2026-09-16
2389,158,2317,2026-09-16
2390,1275,2318,2026-09-16
2391,387,690,2026-09-16
2392,32,2319,2026-09-16
2393,1276,2320,2026-09-16
2394,1277,2321,2026-09-16
2395,744,2322,2026-09-16
2396,20,2323,2026-09-16
2397,615,2324,2026-09-16
2398,1261,2325,2026-09-16
2399,26,2326,2026-09-16
2400,1278,2327,2026-09-16
2401,1279,2328,2026-09-16
2402,73,2329,2026-09-16
2403,525,2330,2026-09-16
2404,1138,2331,2026-09-16
2405,159,2332,2026-09-16
2406,289,2333,2026-09-16
2407,538,1023,2026-09-16
2408,1197,2334,2026-09-16
2409,214,2335,2026-09-16
2410,73,2336,2026-09-16
2411,1089,2337,2026-09-16
2412,748,2338,2026-09-16
2413,1280,2339,2026-09-16
2414,1281,2340,2026-09-16
2415,930,2341,2026-09-16
2416,71,2342,2026-09-16
2417,1071,2343,2026-09-16
2418,1282,2344,2026-09-16
2419,1029,2345,2026-09-16
2420,859,2346,2026-09-16
2421,1148,2347,2026-09-16
2422,1148,2348,2026-09-16
2423,1283,2349,2026-09-16
2424,1284,2350,2026-09-16
2425,39,2351,2026-09-16
2426,1275,2352,2026-09-16
2427,1275,2353,2026-09-16
2428,1275,2354,2026-09-16
2429,1285,2355,2026-09-16
2430,385,2356,2026-09-16
2431,1286,2357,2026-09-16
2432,1287,2358,2026-09-16
2433,205,2359,2026-09-16
2434,20,2360,2026-09-16
2435,1288,2361,2026-09-16
2436,1289,2362,2026-09-16
2437,1290,2363,2026-09-16
2438,202,2364,2026-09-16
2439,1291,2365,2026-09-16
2440,214,2366,2026-09-16
2441,770,2367,2026-09-16
2442,290,2368,2026-09-16
2443,617,2369,2026-09-16
2444,420,2370,2026-09-16
2445,14,2371,2026-09-16
2446,945,2372,2026-09-16
2447,1292,2373,2026-09-16
2448,1289,2374,2026-09-16
2449,241,2375,2026-09-16
2450,1024,2376,2026-09-16
2451,98,2377,2026-09-16
2452,1293,2378,2026-09-16
2453,1294,2379,2026-09-16
2454,1295,2380,2026-09-16
2455,618,2381,2026-09-16
2456,1294,2382,2026-09-16
2457,29,2383,2026-09-16
2458,1242,2384,2026-09-16
2459,384,2385,2026-09-16
2460,1296,2386,2026-09-16
2461,1297,2387,2026-09-16
2462,1298,2388,2026-09-16
2463,289,2389,2026-09-16
2464,1299,2390,2026-09-16
2465,98,2391,2026-09-16
2466,1300,692,2026-09-16
2467,124,2392,2026-09-16
2468,138,2393,2026-09-16
2469,1291,2394,2026-09-16
2470,1301,2395,2026-09-16
2471,1302,2396,2026-09-16
2472,1303,2397,2026-09-16
2473,1304,2398,2026-09-16
2474,681,2399,2026-09-16
2475,575,2400,2026-09-16
2476,615,2401,2026-09-16
2477,1195,2402,2026-09-16
2478,1305,2403,2026-09-16
2479,1062,2404,2026-09-16
2480,1306,2405,2026-09-16
2481,340,2406,2026-09-16
2482,1307,2407,2026-09-16
2483,1308,2408,2026-09-16
2484,1129,2409,2026-09-16
2485,1129,2410,2026-09-16
2486,597,2411,2026-09-16
2487,1309,2412,2026-09-16
2488,1310,2413,2026-09-16
2489,590,2414,2026-09-16
2490,1311,2415,2026-09-16
2491,885,1136,2026-09-16
2492,334,2416,2026-09-16
2493,171,2417,2026-09-16
2494,698,2418,2026-09-16
2495,174,2419,2026-09-16
2496,1312,2420,2026-09-16
2497,1313,2421,2026-09-16
2498,686,2422,2026-09-16
2499,686,2423,2026-09-16
2500,1314,2424,2026-09-16
2501,52,2425,2026-09-15
2502,1315,2426,2026-09-15
2503,314,2427,2026-09-15
2504,413,176,2026-09-15
2505,960,2428,2026-09-15
2506,1316,2429,2026-09-15
2507,73,2430,2026-09-15
2508,1317,2431,2026-09-15
2509,33,2432,2026-09-15
2510,1318,2433,2026-09-15
2511,232,2434,2026-09-15
2512,1317,2435,2026-09-15
2513,1319,2436,2026-09-15
2514,232,2437,2026-09-15
2515,14,2438,2026-09-15
2516,425,2439,2026-09-15
2517,1320,497,2026-09-15
2518,504,2440,2026-09-15
2519,1071,2441,2026-09-15
2520,20,2442,2026-09-15
2521,199,2443,2026-09-15
2522,213,2444,2026-09-15
2523,368,760,2026-09-15
2524,790,2445,2026-09-15
2525,1321,2446,2026-09-15
2526,563,2447,2026-09-15
2527,523,2448,2026-09-15
2528,1293,2449,2026-09-15
2529,1322,512,2026-09-15
2530,214,2335,2026-09-15
2531,1323,2450,2026-09-15
2532,1324,2451,2026-09-15
2533,36,1734,2026-09-15
2534,1325,2452,2026-09-15
2535,1326,2453,2026-09-15
2536,1327,2454,2026-09-15
2537,1326,2455,2026-09-15
2538,1328,2456,2026-09-15
2539,1329,2457,2026-09-15
2540,951,2458,2026-09-15
2541,1330,2459,2026-09-15
2542,1331,2460,2026-09-15
2543,64,2461,2026-09-15
2544,214,2462,2026-09-15
2545,633,2463,2026-09-15
2546,1332,2078,2026-09-15
2547,1333,2464,2026-09-15
2548,121,2465,2026-09-15
2549,73,2466,2026-09-15
2550,1334,2467,2026-09-15
2551,907,2468,2026-09-15
2552,714,2469,2026-09-15
2553,505,2470,2026-09-15
2554,1335,2471,2026-09-15
2555,18,2472,2026-09-15
2556,241,2473,2026-09-15
2557,317,2474,2026-09-15
2558,14,2475,2026-09-15
2559,20,2476,2026-09-15
2560,1218,2477,2026-09-15
2561,94,2478,2026-09-15
2562,1336,2479,2026-09-15
2563,830,2480,2026-09-15
2564,1337,2481,2026-09-15
2565,28,2482,2026-09-15
2566,743,2483,2026-09-15
2567,440,2484,2026-09-15
2568,1338,2485,2026-09-15
2569,1339,2486,2026-09-15
2570,215,2487,2026-09-15
2571,1340,2488,2026-09-15
2572,419,2489,2026-09-15
2573,1341,2490,2026-09-15
2574,1342,2491,2026-09-15
2575,248,2492,2026-09-15
2576,1343,2493,2026-09-15
2577,1344,2494,2026-09-15
2578,199,2495,2026-09-15
2579,267,2496,2026-09-15
2580,618,2497,2026-09-15
2581,660,2498,2026-09-15
2582,1345,2499,2026-09-15
2583,1302,2500,2026-09-15
2584,667,2501,2026-09-15
2585,285,2502,2026-09-15
2586,267,2503,2026-09-15
2587,68,2504,2026-09-15
2588,461,645,2026-09-15
2589,857,2505,2026-09-15
2590,668,2506,2026-09-15
2591,1346,2507,2026-09-15
2592,1347,2508,2026-09-15
2593,1348,2509,2026-09-15
2594,281,2510,2026-09-15
2595,1349,2511,2026-09-15
2596,311,2512,2026-09-15
2597,1350,2513,2026-09-15
2598,874,2514,2026-09-15
2599,1351,2515,2026-09-15
2600,1086,2516,2026-09-15
2601,135,1958,2026-09-15
2602,121,2517,2026-09-15
2603,573,2518,2026-09-15
2604,573,2519,2026-09-15
2605,1352,2520,2026-09-15
2606,1353,2521,2026-09-15
2607,384,2522,2026-09-15
2608,384,2523,2026-09-15
2609,214,1710,2026-09-15
2610,881,2524,2026-09-15
2611,323,2525,2026-09-15
2612,326,2526,2026-09-15
2613,340,2527,2026-09-15
2614,976,2528,2026-09-15
2615,1354,2529,2026-09-15
2616,1355,2530,2026-09-15
2617,1356,2078,2026-09-15
2618,340,2531,2026-09-15
2619,590,2532,2026-09-15
2620,1357,2533,2026-09-15
2621,1358,2534,2026-09-15
2622,1183,2535,2026-09-15
2623,340,2536,2026-09-15
2624,333,2537,2026-09-15
2625,340,2538,2026-09-15
2626,1247,2539,2026-09-15
2627,1359,2540,2026-09-15
2628,974,1107,2026-09-15
2629,1360,2541,2026-09-15
2630,1361,2542,2026-09-15
2631,1362,2543,2026-09-15
2632,461,2544,2026-09-14
2633,73,2545,2026-09-14
2634,1231,2546,2026-09-14
2635,1363,2547,2026-09-14
2636,669,2548,2026-09-14
2637,504,2549,2026-09-14
2638,1364,2550,2026-09-14
2639,268,2551,2026-09-14
2640,1071,2552,2026-09-14
2641,1365,2553,2026-09-14
2642,1070,2554,2026-09-14
2643,316,2555,2026-09-14
2644,907,2556,2026-09-14
2645,393,2557,2026-09-14
2646,241,2558,2026-09-14
2647,623,2559,2026-09-14
2648,531,2560,2026-09-14
2649,1366,2561,2026-09-14
2650,73,2430,2026-09-14
2651,525,2562,2026-09-14
2652,1367,2563,2026-09-14
2653,20,2564,2026-09-14
2654,1368,2565,2026-09-14
2655,826,2566,2026-09-14
2656,14,2567,2026-09-14
2657,32,1165,2026-09-14
2658,1369,2568,2026-09-14
2659,531,2569,2026-09-14
2660,199,2570,2026-09-14
2661,1370,2571,2026-09-14
2662,1371,2572,2026-09-14
2663,1372,2573,2026-09-14
2664,1282,2574,2026-09-14
2665,1373,2575,2026-09-14
2666,435,2576,2026-09-14
2667,19,2577,2026-09-14
2668,19,2578,2026-09-14
2669,1271,2579,2026-09-14
2670,199,2580,2026-09-14
2671,221,2581,2026-09-14
2672,790,2582,2026-09-14
2673,919,2583,2026-09-14
2674,1097,2584,2026-09-14
2675,217,2585,2026-09-14
2676,796,2586,2026-09-14
2677,223,2587,2026-09-14
2678,1219,2588,2026-09-14
2679,94,2589,2026-09-14
2680,1374,2590,2026-09-14
2681,1158,2591,2026-09-14
2682,1375,2592,2026-09-14
2683,1376,693,2026-09-14
2684,34,2593,2026-09-14
2685,1377,2594,2026-09-14
2686,1378,2595,2026-09-14
2687,197,612,2026-09-14
2688,1379,2596,2026-09-14
2689,968,2597,2026-09-14
2690,1380,2598,2026-09-14
2691,214,2599,2026-09-14
2692,1381,2600,2026-09-14
2693,1382,2601,2026-09-14
2694,1046,2602,2026-09-14
2695,1172,2603,2026-09-14
2696,268,2604,2026-09-14
2697,78,2605,2026-09-14
2698,1383,2606,2026-09-14
2699,1106,2607,2026-09-14
2700,1384,497,2026-09-14
2701,1385,2608,2026-09-14
2702,1385,2609,2026-09-14
2703,1386,2610,2026-09-14
2704,50,2611,2026-09-14
2705,850,2612,2026-09-14
2706,1021,2613,2026-09-14
2707,876,2614,2026-09-14
2708,1387,2615,2026-09-14
2709,64,2616,2026-09-14
2710,214,2617,2026-09-14
2711,44,2618,2026-09-14
2712,1388,2619,2026-09-14
2713,650,2620,2026-09-14
2714,658,2621,2026-09-14
2715,89,2622,2026-09-14
2716,137,674,2026-09-14
2717,458,2344,2026-09-14
2718,865,2623,2026-09-14
2719,14,2624,2026-09-14
2720,75,2625,2026-09-14
2721,863,2626,2026-09-14
2722,1389,2627,2026-09-14
2723,362,2628,2026-09-14
2724,1390,2398,2026-09-14
2725,430,2629,2026-09-14
2726,1391,2630,2026-09-14
2727,1392,2631,2026-09-14
2728,1101,2632,2026-09-14
2729,1393,2633,2026-09-14
2730,1394,561,2026-09-14
2731,868,2634,2026-09-14
2732,571,2635,2026-09-14
2733,455,2636,2026-09-14
2734,756,1313,2026-09-14
2735,1395,2637,2026-09-14
2736,232,2638,2026-09-14
2737,1396,2639,2026-09-14
2738,681,2640,2026-09-14
2739,1397,2641,2026-09-14
2740,1398,2642,2026-09-14
2741,1399,1387,2026-09-14
2742,1400,2643,2026-09-14
2743,897,2644,2026-09-14
2744,340,2645,2026-09-14
2745,1401,2646,2026-09-14
2746,1253,2647,2026-09-14
2747,340,2648,2026-09-14
2748,1402,2649,2026-09-14
2749,597,2650,2026-09-14
2750,1403,2651,2026-09-14
2751,1404,2652,2026-09-14
2752,1405,2653,2026-09-14
2753,340,2654,2026-09-14
2754,481,2655,2026-09-14
2755,1406,2656,2026-09-14
2756,1179,2657,2026-09-14
2757,1407,2658,2026-09-14
2758,1408,2659,2026-09-14
2759,1409,2660,2026-09-14
2760,485,2661,2026-09-14
2761,1410,2662,2026-09-14
2762,421,2663,2026-09-14
2763,1411,2664,2026-09-14
2764,1412,2665,2026-09-14
2765,184,2458,2026-09-14
2766,1361,2666,2026-09-14
2767,1413,2667,2026-09-14
2768,326,2668,2026-09-13
2769,199,2669,2026-09-13
2770,522,2670,2026-09-13
2771,522,2671,2026-09-13
2772,1414,2672,2026-09-13
2773,279,2398,2026-09-13
2774,1415,111,2026-09-13
2775,69,2673,2026-09-13
2776,599,2674,2026-09-13
2777,599,2675,2026-09-13
2778,485,2676,2026-09-13
2779,1416,2677,2026-09-13
2780,1417,2398,2026-09-13
2781,645,2678,2026-09-12
2782,20,2679,2026-09-12
2783,1418,2680,2026-09-12
2784,1043,2681,2026-09-12
2785,1419,2682,2026-09-12
2786,362,2683,2026-09-12
2787,1420,2684,2026-09-12
2788,14,2685,2026-09-12
2789,614,396,2026-09-12
2790,1421,2686,2026-09-12
2791,1354,2687,2026-09-12
2792,1398,2688,2026-09-12
2793,326,2689,2026-09-11
2794,317,2690,2026-09-11
2795,1109,2691,2026-09-11
2796,1422,2692,2026-09-11
2797,826,2693,2026-09-11
2798,212,2694,2026-09-11
2799,913,2695,2026-09-11
2800,1423,2696,2026-09-11
2801,913,2697,2026-09-11
2802,1424,2698,2026-09-11
2803,1425,2699,2026-09-11
2804,1423,2700,2026-09-11
2805,790,2701,2026-09-11
2806,1377,2702,2026-09-11
2807,633,2703,2026-09-11
2808,640,2704,2026-09-11
2809,26,2705,2026-09-11
2810,20,2706,2026-09-11
2811,1375,2707,2026-09-11
2812,565,2708,2026-09-11
2813,57,2709,2026-09-11
2814,358,2710,2026-09-11
2815,1097,1921,2026-09-11
2816,396,2711,2026-09-11
2817,914,2712,2026-09-11
2818,384,2713,2026-09-11
2819,949,2714,2026-09-11
2820,1426,2715,2026-09-11
2821,1427,2716,2026-09-11
2822,404,2717,2026-09-11
2823,640,2718,2026-09-11
2824,223,2719,2026-09-11
2825,1428,2720,2026-09-11
2826,1429,2721,2026-09-11
2827,326,2722,2026-09-11
2828,1148,2723,2026-09-11
2829,1076,2724,2026-09-11
2830,1430,2725,2026-09-11
2831,326,2726,2026-09-11
2832,1431,2727,2026-09-11
2833,1432,2728,2026-09-11
2834,14,2729,2026-09-11
2835,1433,2730,2026-09-11
2836,1434,2731,2026-09-11
2837,388,2732,2026-09-11
2838,467,2733,2026-09-11
2839,1435,2734,2026-09-11
2840,1425,2735,2026-09-11
2841,214,2736,2026-09-11
2842,849,2737,2026-09-11
2843,393,2738,2026-09-11
2844,1436,2739,2026-09-11
2845,1437,2740,2026-09-11
2846,613,2741,2026-09-11
2847,944,2742,2026-09-11
2848,1438,2743,2026-09-11
2849,676,2744,2026-09-11
2850,1439,2745,2026-09-11
2851,613,2746,2026-09-11
2852,1440,2747,2026-09-11
2853,1100,2748,2026-09-11
2854,1235,2749,2026-09-11
2855,1441,2750,2026-09-11
2856,64,2751,2026-09-11
2857,737,2752,2026-09-11
2858,1031,2753,2026-09-11
2859,1442,2754,2026-09-11
2860,1443,2755,2026-09-11
2861,1444,2756,2026-09-11
2862,1445,2757,2026-09-11
2863,1446,2758,2026-09-11
2864,1447,2759,2026-09-11
2865,36,2760,2026-09-11
2866,1448,2761,2026-09-11
2867,1449,2762,2026-09-11
2868,1450,2763,2026-09-11
2869,1451,2764,2026-09-11
2870,726,2765,2026-09-11
2871,530,2766,2026-09-11
2872,1452,2767,2026-09-11
2873,1453,2768,2026-09-11
2874,98,2769,2026-09-11
2875,1454,2770,2026-09-11
2876,874,2771,2026-09-11
2877,1455,2772,2026-09-11
2878,1456,2773,2026-09-11
2879,550,2774,2026-09-11
2880,448,2775,2026-09-11
2881,145,2776,2026-09-11
2882,1165,2777,2026-09-11
2883,1457,2778,2026-09-11
2884,650,2779,2026-09-11
2885,1042,2780,2026-09-11
2886,1458,2781,2026-09-11
2887,1459,2782,2026-09-11
2888,1281,2783,2026-09-11
2889,313,2784,2026-09-11
2890,1460,2785,2026-09-11
2891,1461,2786,2026-09-11
2892,1145,2787,2026-09-11
2893,840,2788,2026-09-11
2894,1462,265,2026-09-11
2895,946,2789,2026-09-11
2896,1231,2790,2026-09-11
2897,1463,2791,2026-09-11
2898,969,2792,2026-09-11
2899,1464,2793,2026-09-11
2900,1465,2794,2026-09-11
2901,1466,2795,2026-09-11
2902,1467,2796,2026-09-11
2903,1050,2797,2026-09-11
2904,1313,2798,2026-09-11
2905,167,2799,2026-09-11
2906,1468,2800,2026-09-11
2907,1467,2801,2026-09-11
2908,167,1890,2026-09-11
2909,1469,2802,2026-09-11
2910,1469,2803,2026-09-11
2911,591,2804,2026-09-11
2912,1470,2805,2026-09-11
2913,1471,2806,2026-09-11
2914,334,2807,2026-09-11
2915,1131,2808,2026-09-11
2916,1253,2809,2026-09-11
2917,1472,2810,2026-09-11
2918,1473,2811,2026-09-11
2919,983,2812,2026-09-11
2920,1474,2813,2026-09-11
2921,1475,2691,2026-09-11
2922,1044,2814,2026-09-10
2923,1076,2815,2026-09-10
2924,1476,2816,2026-09-10
2925,73,2817,2026-09-10
2926,1477,2818,2026-09-10
2927,32,2819,2026-09-10
2928,624,2820,2026-09-10
2929,444,2821,2026-09-10
2930,1478,2822,2026-09-10
2931,615,2823,2026-09-10
2932,73,2824,2026-09-10
2933,1479,425,2026-09-10
2934,155,2825,2026-09-10
2935,714,2826,2026-09-10
2936,100,2827,2026-09-10
2937,214,2828,2026-09-10
2938,1480,2829,2026-09-10
2939,121,2830,2026-09-10
2940,1481,2831,2026-09-10
2941,470,2832,2026-09-10
2942,1482,2833,2026-09-10
2943,1453,1,2026-09-10
2944,121,2834,2026-09-10
2945,1483,2835,2026-09-10
2946,640,2836,2026-09-10
2947,633,2837,2026-09-10
2948,100,2838,2026-09-10
2949,636,1376,2026-09-10
2950,505,2839,2026-09-10
2951,505,2840,2026-09-10
2952,1484,2841,2026-09-10
2953,122,2842,2026-09-10
2954,117,2843,2026-09-10
2955,636,2844,2026-09-10
2956,840,2845,2026-09-10
2957,1196,2846,2026-09-10
2958,14,2847,2026-09-10
2959,384,2848,2026-09-10
2960,73,2849,2026-09-10
2961,1485,2850,2026-09-10
2962,14,2851,2026-09-10
2963,1295,2852,2026-09-10
2964,727,2853,2026-09-10
2965,1486,2854,2026-09-10
2966,241,2855,2026-09-10
2967,419,2856,2026-09-10
2968,36,2857,2026-09-10
2969,642,2858,2026-09-10
2970,1445,2859,2026-09-10
2971,73,2860,2026-09-10
2972,1031,2861,2026-09-10
2973,20,2862,2026-09-10
2974,20,2863,2026-09-10
2975,20,2864,2026-09-10
2976,790,761,2026-09-10
2977,1487,2865,2026-09-10
2978,14,2866,2026-09-10
2979,1488,2867,2026-09-10
2980,1489,2868,2026-09-10
2981,1490,2869,2026-09-10
2982,73,2870,2026-09-10
2983,1491,2695,2026-09-10
2984,1112,2871,2026-09-10
2985,1492,657,2026-09-10
2986,1229,2872,2026-09-10
2987,1229,2873,2026-09-10
2988,1493,2874,2026-09-10
2989,1445,2875,2026-09-10
2990,326,2876,2026-09-10
2991,1494,2877,2026-09-10
2992,948,2878,2026-09-10
2993,20,2879,2026-09-10
2994,75,2880,2026-09-10
2995,1495,2881,2026-09-10
2996,1496,2882,2026-09-10
2997,278,2883,2026-09-10
2998,262,1181,2026-09-10
2999,1497,2884,2026-09-10
3000,468,2885,2026-09-10
3001,1498,2886,2026-09-10
3002,1499,2887,2026-09-10
3003,1235,2888,2026-09-10
3004,1500,692,2026-09-10
3005,297,2889,2026-09-10
3006,14,2890,2026-09-10
3007,660,2891,2026-09-10
3008,564,2892,2026-09-10
3009,1501,2893,2026-09-10
3010,290,2894,2026-09-10
3011,1502,2582,2026-09-10
3012,1041,2895,2026-09-10
3013,1503,2896,2026-09-10
3014,1478,2897,2026-09-10
3015,1478,2898,2026-09-10
3016,1504,2899,2026-09-10
3017,950,2900,2026-09-10
3018,1505,2901,2026-09-10
3019,628,2902,2026-09-10
3020,1506,2903,2026-09-10
3021,766,2904,2026-09-10
3022,444,2905,2026-09-10
3023,324,2906,2026-09-10
3024,1507,2907,2026-09-10
3025,1391,2908,2026-09-10
3026,527,2909,2026-09-10
3027,1508,2910,2026-09-10
3028,561,2911,2026-09-10
3029,1509,2912,2026-09-10
3030,1510,1744,2026-09-10
3031,967,2913,2026-09-10
3032,1511,2914,2026-09-10
3033,1044,2915,2026-09-10
3034,1478,2916,2026-09-10
3035,674,2917,2026-09-10
3036,1512,2918,2026-09-10
3037,314,2919,2026-09-10
3038,214,737,2026-09-10
3039,1513,2920,2026-09-10
3040,1514,2921,2026-09-10
3041,1515,2227,2026-09-10
3042,1516,2922,2026-09-10
3043,1517,2923,2026-09-10
3044,1056,1813,2026-09-10
3045,1515,2924,2026-09-10
3046,974,2925,2026-09-10
3047,1518,2926,2026-09-10
3048,1310,2927,2026-09-10
3049,1519,2928,2026-09-10
3050,1520,2929,2026-09-10
3051,1310,2930,2026-09-10
3052,490,2931,2026-09-10
3053,1521,1789,2026-09-10
3054,1522,2932,2026-09-10
3055,1523,2933,2026-09-10
3056,1524,564,2026-09-10
3057,1525,2934,2026-09-10
3058,1526,2935,2026-09-10
3059,1527,2936,2026-09-10
3060,1528,2937,2026-09-10
3061,36,2938,2026-09-09
3062,36,2939,2026-09-09
3063,36,2940,2026-09-09
3064,326,2941,2026-09-09
3065,1433,2942,2026-09-09
3066,1529,2943,2026-09-09
3067,57,2944,2026-09-09
3068,1530,2945,2026-09-09
3069,36,2946,2026-09-09
3070,753,2947,2026-09-09
3071,1531,2948,2026-09-09
3072,1532,2949,2026-09-09
3073,753,2950,2026-09-09
3074,100,2951,2026-09-09
3075,1533,2952,2026-09-09
3076,1534,1378,2026-09-09
3077,1535,2953,2026-09-09
3078,92,405,2026-09-09
3079,1536,2954,2026-09-09
3080,326,2955,2026-09-09
3081,61,2956,2026-09-09
3082,1018,2957,2026-09-09
3083,73,2958,2026-09-09
3084,1537,2959,2026-09-09
3085,549,2960,2026-09-09
3086,1538,2961,2026-09-09
3087,1083,332,2026-09-09
3088,1499,2962,2026-09-09
3089,326,2963,2026-09-09
3090,100,2964,2026-09-09
3091,1539,2965,2026-09-09
3092,98,2966,2026-09-09
3093,1540,2967,2026-09-09
3094,1541,2968,2026-09-09
3095,1542,2969,2026-09-09
3096,229,2970,2026-09-09
3097,1235,2971,2026-09-09
3098,1543,2972,2026-09-09
3099,1544,2973,2026-09-09
3100,73,2974,2026-09-09
3101,859,2172,2026-09-09
3102,1545,2975,2026-09-09
3103,197,2976,2026-09-09
3104,555,2977,2026-09-09
3105,1546,2978,2026-09-09
3106,1547,2979,2026-09-09
3107,187,2980,2026-09-09
3108,205,2981,2026-09-09
3109,1045,2982,2026-09-09
3110,1045,2983,2026-09-09
3111,1548,2984,2026-09-09
3112,1549,2985,2026-09-09
3113,69,2986,2026-09-09
3114,1550,2987,2026-09-09
3115,924,2988,2026-09-09
3116,1551,2989,2026-09-09
3117,38,2990,2026-09-09
3118,383,2991,2026-09-09
3119,1274,2992,2026-09-09
3120,1552,149,2026-09-09
3121,271,2993,2026-09-09
3122,543,2994,2026-09-09
3123,1553,2995,2026-09-09
3124,1553,2996,2026-09-09
3125,1554,2997,2026-09-09
3126,1555,2998,2026-09-09
3127,1553,2999,2026-09-09
3128,1556,1213,2026-09-09
3129,550,3000,2026-09-09
3130,670,904,2026-09-09
3131,250,3001,2026-09-09
3132,73,3002,2026-09-09
3133,1168,1525,2026-09-09
3134,651,573,2026-09-09
3135,1557,3003,2026-09-09
3136,1558,3004,2026-09-09
3137,14,3005,2026-09-09
3138,433,3006,2026-09-09
3139,289,3007,2026-09-09
3140,37,3008,2026-09-09
3141,766,3009,2026-09-09
3142,37,3010,2026-09-09
3143,1559,3011,2026-09-09
3144,1430,3012,2026-09-09
3145,37,3013,2026-09-09
3146,318,3014,2026-09-09
3147,1560,754,2026-09-09
3148,567,1573,2026-09-09
3149,567,3015,2026-09-09
3150,1561,3016,2026-09-09
3151,1562,3017,2026-09-09
3152,1044,3018,2026-09-09
3153,88,3019,2026-09-09
3154,1563,3020,2026-09-09
3155,1564,3021,2026-09-09
3156,1038,3022,2026-09-09
3157,1291,3023,2026-09-09
3158,561,3024,2026-09-09
3159,1165,3025,2026-09-09
3160,1565,3026,2026-09-09
3161,1566,3027,2026-09-09
3162,1567,3028,2026-09-09
3163,310,2728,2026-09-09
3164,1568,3029,2026-09-09
3165,326,3030,2026-09-09
3166,1013,3031,2026-09-09
3167,62,3032,2026-09-09
3168,590,3033,2026-09-09
3169,1569,3034,2026-09-09
3170,1570,3035,2026-09-09
3171,602,3036,2026-09-09
3172,1571,3037,2026-09-09
3173,1572,3038,2026-09-09
3174,1573,3039,2026-09-09
3175,1574,3040,2026-09-09
3176,591,3041,2026-09-09
3177,591,2369,2026-09-09
3178,1575,3042,2026-09-09
3179,1403,3043,2026-09-09
3180,1576,3044,2026-09-09
3181,349,3045,2026-09-09
3182,811,3046,2026-09-09
3183,1577,3047,2026-09-08
3184,1136,3048,2026-09-08
3185,470,3049,2026-09-08
3186,614,3050,2026-09-08
3187,38,3051,2026-09-08
3188,470,3052,2026-09-08
3189,73,3053,2026-09-08
3190,1578,3054,2026-09-08
3191,36,3055,2026-09-08
3192,913,3056,2026-09-08
3193,117,3057,2026-09-08
3194,930,3058,2026-09-08
3195,705,3059,2026-09-08
3196,1579,3060,2026-09-08
3197,913,3061,2026-09-08
3198,840,3062,2026-09-08
3199,1580,3063,2026-09-08
3200,641,3064,2026-09-08
3201,1581,3065,2026-09-08
3202,240,3066,2026-09-08
3203,1582,3067,2026-09-08
3204,285,3068,2026-09-08
3205,1583,3069,2026-09-08
3206,1584,512,2026-09-08
3207,26,3070,2026-09-08
3208,185,3071,2026-09-08
3209,1224,3072,2026-09-08
3210,20,3073,2026-09-08
3211,109,3074,2026-09-08
3212,1005,3075,2026-09-08
3213,228,3076,2026-09-08
3214,1585,3077,2026-09-08
3215,228,3078,2026-09-08
3216,194,737,2026-09-08
3217,1586,3079,2026-09-08
3218,1236,3080,2026-09-08
3219,1587,3081,2026-09-08
3220,98,3082,2026-09-08
3221,1588,3083,2026-09-08
3222,71,3084,2026-09-08
3223,1231,3085,2026-09-08
3224,205,3086,2026-09-08
3225,285,3087,2026-09-08
3226,212,3088,2026-09-08
3227,1148,3089,2026-09-08
3228,1164,3090,2026-09-08
3229,1589,3091,2026-09-08
3230,1590,3092,2026-09-08
3231,1591,3093,2026-09-08
3232,185,3094,2026-09-08
3233,1148,3095,2026-09-08
3234,523,3096,2026-09-08
3235,958,3097,2026-09-08
3236,516,3098,2026-09-08
3237,1592,3099,2026-09-08
3238,214,3100,2026-09-08
3239,1382,3101,2026-09-08
3240,1241,3102,2026-09-08
3241,368,3103,2026-09-08
3242,1593,3104,2026-09-08
3243,362,3105,2026-09-08
3244,1594,425,2026-09-08
3245,313,3106,2026-09-08
3246,914,3107,2026-09-08
3247,1595,3108,2026-09-08
3248,1596,3109,2026-09-08
3249,1228,3110,2026-09-08
3250,1392,3111,2026-09-08
3251,1597,3112,2026-09-08
3252,878,3113,2026-09-08
3253,229,3114,2026-09-08
3254,1598,3115,2026-09-08
3255,1599,3116,2026-09-08
3256,1138,3117,2026-09-08
3257,1600,3118,2026-09-08
3258,1601,3119,2026-09-08
3259,1602,3120,2026-09-08
3260,297,3121,2026-09-08
3261,1603,3122,2026-09-08
3262,550,3123,2026-09-08
3263,1604,3124,2026-09-08
3264,281,3125,2026-09-08
3265,1043,3126,2026-09-08
3266,776,3127,2026-09-08
3267,199,3128,2026-09-08
3268,1605,3129,2026-09-08
3269,1606,3130,2026-09-08
3270,340,3131,2026-09-08
3271,340,3132,2026-09-08
3272,1607,3133,2026-09-08
3273,974,3134,2026-09-08
3274,340,3135,2026-09-08
3275,1608,3136,2026-09-08
3276,1609,3137,2026-09-08
3277,340,3138,2026-09-08
3278,1610,1573,2026-09-08
3279,1611,3139,2026-09-08
3280,1612,3140,2026-09-08
3281,697,3141,2026-09-08
3282,1613,3142,2026-09-08
3283,1401,3143,2026-09-08
3284,334,3144,2026-09-08
3285,801,3145,2026-09-08
3286,1614,3146,2026-09-08
3287,1615,3147,2026-09-08
3288,1616,3148,2026-09-08
3289,1576,3149,2026-09-08
3290,182,3150,2026-09-08
3291,701,3151,2026-09-08
3292,1617,3152,2026-09-08
3293,1618,3153,2026-09-08
3294,1473,3154,2026-09-08
3295,1619,3155,2026-09-08
3296,1410,3156,2026-09-08
3297,1620,265,2026-09-08
3298,1621,3157,2026-09-08
3299,1622,3158,2026-09-07
3300,1586,3159,2026-09-07
3301,1623,3160,2026-09-07
3302,1624,3161,2026-09-07
3303,1625,3162,2026-09-07
3304,1626,3163,2026-09-07
3305,1627,3164,2026-09-07
3306,69,3165,2026-09-07
3307,1628,3166,2026-09-07
3308,1451,3167,2026-09-07
3309,1627,3168,2026-09-07
3310,34,3169,2026-09-07
3311,1629,3170,2026-09-07
3312,613,3171,2026-09-07
3313,462,3172,2026-09-07
3314,1630,3173,2026-09-07
3315,358,3174,2026-09-07
3316,1630,3175,2026-09-07
3317,1630,3176,2026-09-07
3318,418,3177,2026-09-07
3319,1039,3178,2026-09-07
3320,1532,3179,2026-09-07
3321,1630,3180,2026-09-07
3322,313,3181,2026-09-07
3323,665,3182,2026-09-07
3324,307,3183,2026-09-07
3325,1045,3184,2026-09-07
3326,124,3185,2026-09-07
3327,1601,3186,2026-09-07
3328,113,312,2026-09-07
3329,1024,3187,2026-09-07
3330,431,3188,2026-09-07
3331,674,3189,2026-09-07
3332,874,3190,2026-09-07
3333,547,3191,2026-09-07
3334,221,3192,2026-09-07
3335,871,3193,2026-09-07
3336,1119,3194,2026-09-07
3337,38,3195,2026-09-07
3338,1565,3196,2026-09-07
3339,1631,3197,2026-09-07
3340,350,3198,2026-09-07
3341,350,3199,2026-09-07
3342,974,3200,2026-09-07
3343,336,3201,2026-09-07
3344,969,2792,2026-09-07
3345,1632,3202,2026-09-07
3346,1633,3203,2026-09-07
3347,1634,3204,2026-09-07
3348,1514,3205,2026-09-07
3349,1635,3206,2026-09-07
3350,1636,3207,2026-09-07
3351,479,1696,2026-09-07
3352,1518,3208,2026-09-07
3353,1637,3209,2026-09-06
3354,1638,3210,2026-09-06
3355,1238,3211,2026-09-06
3356,1639,990,2026-09-06
3357,602,3212,2026-09-06
3358,1640,3213,2026-09-06
3359,36,3214,2026-09-05
3360,1641,3215,2026-09-05
3361,540,3216,2026-09-05
3362,246,3217,2026-09-05
3363,1642,661,2026-09-05
3364,1643,3218,2026-09-05
3365,1644,3219,2026-09-05
3366,100,3220,2026-09-05
3367,1645,3221,2026-09-04
3368,69,3222,2026-09-04
3369,543,3223,2026-09-04
3370,1646,3224,2026-09-04
3371,1647,3225,2026-09-04
3372,1001,3226,2026-09-04
3373,148,3227,2026-09-04
3374,197,3228,2026-09-04
3375,1648,3229,2026-09-04
3376,1649,3230,2026-09-04
3377,1650,2699,2026-09-04
3378,210,3231,2026-09-04
3379,1263,3232,2026-09-04
3380,250,3233,2026-09-04
3381,966,3234,2026-09-04
3382,1651,3235,2026-09-04
3383,964,3236,2026-09-04
3384,1652,645,2026-09-04
3385,1653,2872,2026-09-04
3386,279,3237,2026-09-04
3387,435,3238,2026-09-04
3388,1654,3239,2026-09-04
3389,1655,3240,2026-09-04
3390,853,3241,2026-09-04
3391,613,3242,2026-09-04
3392,1656,3243,2026-09-04
3393,618,3244,2026-09-04
3394,73,3245,2026-09-04
3395,1657,661,2026-09-04
3396,1658,3246,2026-09-04
3397,326,3247,2026-09-04
3398,726,3248,2026-09-04
3399,277,3249,2026-09-04
3400,69,3250,2026-09-04
3401,525,3251,2026-09-04
3402,252,3252,2026-09-04
3403,1659,3253,2026-09-04
3404,1660,3254,2026-09-04
3405,100,3255,2026-09-04
3406,550,3256,2026-09-04
3407,1661,3257,2026-09-04
3408,920,3258,2026-09-04
3409,1662,3259,2026-09-04
3410,517,3260,2026-09-04
3411,949,3219,2026-09-04
3412,1328,3261,2026-09-04
3413,438,3262,2026-09-04
3414,229,3263,2026-09-04
3415,998,3264,2026-09-04
3416,20,3265,2026-09-04
3417,1663,3266,2026-09-04
3418,1664,3267,2026-09-04
3419,1241,3268,2026-09-04
3420,34,3269,2026-09-04
3421,765,3270,2026-09-04
3422,531,3271,2026-09-04
3423,14,3272,2026-09-04
3424,221,3273,2026-09-04
3425,37,1865,2026-09-04
3426,1293,3274,2026-09-04
3427,14,2034,2026-09-04
3428,289,3275,2026-09-04
3429,34,3276,2026-09-04
3430,852,3277,2026-09-04
3431,1665,3278,2026-09-04
3432,214,2025,2026-09-04
3433,1666,3279,2026-09-04
3434,279,3280,2026-09-04
3435,1667,3281,2026-09-04
3436,299,3282,2026-09-04
3437,665,3283,2026-09-04
3438,1237,3284,2026-09-04
3439,938,3285,2026-09-04
3440,570,3286,2026-09-04
3441,865,657,2026-09-04
3442,1668,3287,2026-09-04
3443,459,3288,2026-09-04
3444,577,3289,2026-09-04
3445,1036,3290,2026-09-04
3446,665,3291,2026-09-04
3447,1669,1201,2026-09-04
3448,1478,3292,2026-09-04
3449,1032,3293,2026-09-04
3450,1156,3294,2026-09-04
3451,44,3295,2026-09-04
3452,791,3296,2026-09-04
3453,564,3297,2026-09-04
3454,84,3298,2026-09-04
3455,321,3299,2026-09-04
3456,1044,3300,2026-09-04
3457,100,3301,2026-09-04
3458,1670,3302,2026-09-04
3459,98,1610,2026-09-04
3460,37,3303,2026-09-04
3461,497,3304,2026-09-04
3462,1670,3305,2026-09-04
3463,1671,80,2026-09-04
3464,1044,3306,2026-09-04
3465,1672,3307,2026-09-04
3466,1180,3308,2026-09-04
3467,1360,3309,2026-09-04
3468,591,3310,2026-09-04
3469,1572,3311,2026-09-04
3470,1673,1378,2026-09-04
3471,171,3312,2026-09-04
3472,798,3313,2026-09-04
3473,339,3314,2026-09-04
3474,476,3315,2026-09-04
3475,1674,3316,2026-09-04
3476,1056,3317,2026-09-04
3477,182,3318,2026-09-04
3478,1475,3319,2026-09-04
3479,349,3320,2026-09-04
3480,1675,3321,2026-09-04
3481,1676,3322,2026-09-04
3482,1527,3323,2026-09-04
3483,1677,3324,2026-09-04
3484,20,3325,2026-09-03
3485,1678,3326,2026-09-03
3486,38,3327,2026-09-03
3487,750,3328,2026-09-03
3488,212,3329,2026-09-03
3489,1020,3330,2026-09-03
3490,737,3331,2026-09-03
3491,228,3332,2026-09-03
3492,565,3333,2026-09-03
3493,1679,3334,2026-09-03
3494,325,3335,2026-09-03
3495,1680,3336,2026-09-03
3496,1670,3337,2026-09-03
3497,1136,3338,2026-09-03
3498,1214,3339,2026-09-03
3499,536,3340,2026-09-03
3500,185,3341,2026-09-03
3501,99,3342,2026-09-03
3502,1002,3343,2026-09-03
3503,930,3344,2026-09-03
3504,1070,3345,2026-09-03
3505,1681,3346,2026-09-03
3506,675,3347,2026-09-03
3507,1461,3348,2026-09-03
3508,1682,3349,2026-09-03
3509,1420,3350,2026-09-03
3510,199,3351,2026-09-03
3511,1683,3352,2026-09-03
3512,948,3353,2026-09-03
3513,828,3354,2026-09-03
3514,264,3355,2026-09-03
3515,121,3356,2026-09-03
3516,1684,3357,2026-09-03
3517,1363,3358,2026-09-03
3518,1685,3359,2026-09-03
3519,1686,3360,2026-09-03
3520,1687,3361,2026-09-03
3521,1685,3362,2026-09-03
3522,683,826,2026-09-03
3523,1688,3363,2026-09-03
3524,516,3364,2026-09-03
3525,936,3365,2026-09-03
3526,468,3366,2026-09-03
3527,14,3367,2026-09-03
3528,1689,3368,2026-09-03
3529,237,3369,2026-09-03
3530,1690,3370,2026-09-03
3531,1691,3371,2026-09-03
3532,225,3372,2026-09-03
3533,1692,1593,2026-09-03
3534,1692,1537,2026-09-03
3535,1693,3373,2026-09-03
3536,467,3374,2026-09-03
3537,450,3375,2026-09-03
3538,1694,3376,2026-09-03
3539,665,3377,2026-09-03
3540,289,3378,2026-09-03
3541,726,3379,2026-09-03
3542,547,3380,2026-09-03
3543,38,3381,2026-09-03
3544,248,3382,2026-09-03
3545,1695,3383,2026-09-03
3546,34,3384,2026-09-03
3547,1696,1610,2026-09-03
3548,1169,3385,2026-09-03
3549,1169,3386,2026-09-03
3550,1697,3387,2026-09-03
3551,455,3388,2026-09-03
3552,121,3389,2026-09-03
3553,1698,3390,2026-09-03
3554,139,3391,2026-09-03
3555,125,3392,2026-09-03
3556,1699,3393,2026-09-03
3557,671,3394,2026-09-03
3558,1700,3395,2026-09-03
3559,124,3396,2026-09-03
3560,38,3397,2026-09-03
3561,1701,3398,2026-09-03
3562,1001,3399,2026-09-03
3563,73,3400,2026-09-03
3564,1447,3401,2026-09-03
3565,1702,3402,2026-09-03
3566,951,3403,2026-09-03
3567,789,3404,2026-09-03
3568,1256,3405,2026-09-03
3569,976,3406,2026-09-03
3570,1703,3407,2026-09-03
3571,1704,3408,2026-09-03
3572,1705,3409,2026-09-03
3573,1050,3410,2026-09-03
3574,1050,3411,2026-09-03
3575,1467,3412,2026-09-03
3576,974,3413,2026-09-03
3577,1706,3414,2026-09-03
3578,1184,3415,2026-09-03
3579,1707,3416,2026-09-03
3580,600,3417,2026-09-03
3581,974,3418,2026-09-03
3582,1514,3419,2026-09-03
3583,1061,3420,2026-09-03
3584,1708,3421,2026-09-03
3585,1133,3422,2026-09-03
3586,1709,3423,2026-09-03
3587,1417,1147,2026-09-03
3588,1710,3424,2026-09-03
3589,1711,3425,2026-09-03
3590,820,3426,2026-09-02
3591,1712,3427,2026-09-02
3592,1713,3428,2026-09-02
3593,1713,3429,2026-09-02
3594,361,3430,2026-09-02
3595,392,3431,2026-09-02
3596,1714,3432,2026-09-02
3597,1715,3433,2026-09-02
3598,94,3434,2026-09-02
3599,1202,3435,2026-09-02
3600,326,3436,2026-09-02
3601,1716,2984,2026-09-02
3602,1717,3437,2026-09-02
3603,37,3438,2026-09-02
3604,37,3439,2026-09-02
3605,37,3440,2026-09-02
3606,1718,3441,2026-09-02
3607,826,3442,2026-09-02
3608,1090,3443,2026-09-02
3609,540,3444,2026-09-02
3610,1719,3445,2026-09-02
3611,538,3446,2026-09-02
3612,1720,149,2026-09-02
3613,415,3447,2026-09-02
3614,1721,1573,2026-09-02
3615,95,2051,2026-09-02
3616,1538,3448,2026-09-02
3617,633,3449,2026-09-02
3618,1722,3450,2026-09-02
3619,633,3451,2026-09-02
3620,57,3452,2026-09-02
3621,298,3453,2026-09-02
3622,199,3454,2026-09-02
3623,199,3455,2026-09-02
3624,1723,3456,2026-09-02
3625,98,3457,2026-09-02
3626,1724,3458,2026-09-02
3627,1538,3459,2026-09-02
3628,914,3460,2026-09-02
3629,232,3461,2026-09-02
3630,239,3462,2026-09-02
3631,206,551,2026-09-02
3632,1725,3463,2026-09-02
3633,326,3464,2026-09-02
3634,739,3465,2026-09-02
3635,1726,501,2026-09-02
3636,14,3466,2026-09-02
3637,94,3467,2026-09-02
3638,289,3468,2026-09-02
3639,14,3469,2026-09-02
3640,1041,3470,2026-09-02
3641,1727,3471,2026-09-02
3642,1601,3472,2026-09-02
3643,69,3473,2026-09-02
3644,1728,3474,2026-09-02
3645,1729,3475,2026-09-02
3646,1730,3476,2026-09-02
3647,787,3271,2026-09-02
3648,1165,3477,2026-09-02
3649,1731,3478,2026-09-02
3650,29,3479,2026-09-02
3651,1732,3480,2026-09-02
3652,1733,661,2026-09-02
3653,28,3481,2026-09-02
3654,47,3482,2026-09-02
3655,1734,3483,2026-09-02
3656,194,3484,2026-09-02
3657,1735,3485,2026-09-02
3658,1429,3486,2026-09-02
3659,535,3487,2026-09-02
3660,467,3488,2026-09-02
3661,1736,3489,2026-09-02
3662,384,3490,2026-09-02
3663,1461,3491,2026-09-02
3664,1737,3492,2026-09-02
3665,1688,3493,2026-09-02
3666,52,3494,2026-09-02
3667,310,3495,2026-09-02
3668,310,3496,2026-09-02
3669,433,3497,2026-09-02
3670,665,3498,2026-09-02
3671,765,3499,2026-09-02
3672,217,3500,2026-09-02
3673,1604,3501,2026-09-02
3674,1567,3502,2026-09-02
3675,358,3503,2026-09-02
3676,310,3504,2026-09-02
3677,1044,3505,2026-09-02
3678,1738,3506,2026-09-02
3679,155,3507,2026-09-02
3680,1044,3508,2026-09-02
3681,1088,3509,2026-09-02
3682,613,3510,2026-09-02
3683,229,3511,2026-09-02
3684,1418,3512,2026-09-02
3685,20,3513,2026-09-02
3686,1739,3514,2026-09-02
3687,1180,3515,2026-09-02
3688,1180,3516,2026-09-02
3689,1740,3517,2026-09-02
3690,1520,3518,2026-09-02
3691,593,3519,2026-09-02
3692,1572,3520,2026-09-02
3693,1189,3521,2026-09-02
3694,1741,3522,2026-09-02
3695,1398,3523,2026-09-02
3696,1742,3524,2026-09-02
3697,974,3525,2026-09-02
3698,1743,3526,2026-09-02
3699,167,3527,2026-09-02
3700,333,3528,2026-09-02
3701,329,3529,2026-09-02
3702,329,3530,2026-09-02
3703,1744,3531,2026-09-02
3704,1745,3532,2026-09-02
3705,1746,3533,2026-09-02
3706,1747,3534,2026-09-02
3707,1748,3535,2026-09-02
3708,421,3536,2026-09-02
3709,1749,3537,2026-09-01
3710,820,3538,2026-09-01
3711,1750,3539,2026-09-01
3712,73,3540,2026-09-01
3713,14,3541,2026-09-01
3714,92,3542,2026-09-01
3715,357,3543,2026-09-01
3716,1751,3544,2026-09-01
3717,1752,3545,2026-09-01
3718,1538,3546,2026-09-01
3719,199,3547,2026-09-01
3720,913,3548,2026-09-01
3721,1071,3549,2026-09-01
3722,1753,3550,2026-09-01
3723,437,3551,2026-09-01
3724,1536,3552,2026-09-01
3725,1027,3553,2026-09-01
3726,1713,3554,2026-09-01
3727,1373,3555,2026-09-01
3728,296,3556,2026-09-01
3729,1325,3557,2026-09-01
3730,372,3558,2026-09-01
3731,228,3559,2026-09-01
3732,641,3560,2026-09-01
3733,1754,3561,2026-09-01
3734,914,3562,2026-09-01
3735,419,3563,2026-09-01
3736,1103,3564,2026-09-01
3737,1713,3565,2026-09-01
3738,1755,3566,2026-09-01
3739,1031,3567,2026-09-01
3740,578,3568,2026-09-01
3741,1756,3569,2026-09-01
3742,502,3570,2026-09-01
3743,1757,3571,2026-09-01
3744,214,3572,2026-09-01
3745,1758,3573,2026-09-01
3746,911,3574,2026-09-01
3747,1759,3575,2026-09-01
3748,1760,3576,2026-09-01
3749,1761,3577,2026-09-01
3750,73,3578,2026-09-01
3751,73,785,2026-09-01
3752,1762,3579,2026-09-01
3753,106,3580,2026-09-01
3754,148,3581,2026-09-01
3755,1763,3582,2026-09-01
3756,1764,3583,2026-09-01
3757,372,3584,2026-09-01
3758,914,3585,2026-09-01
3759,1765,3586,2026-09-01
3760,36,3587,2026-09-01
3761,1766,3588,2026-09-01
3762,1767,3589,2026-09-01
3763,36,3590,2026-09-01
3764,1685,3591,2026-09-01
3765,1502,3592,2026-09-01
3766,520,3593,2026-09-01
3767,1149,3594,2026-09-01
3768,37,760,2026-09-01
3769,1768,3595,2026-09-01
3770,214,3596,2026-09-01
3771,1769,3597,2026-09-01
3772,45,3598,2026-09-01
3773,262,746,2026-09-01
3774,1443,3599,2026-09-01
3775,1770,1376,2026-09-01
3776,610,3600,2026-09-01
3777,56,692,2026-09-01
3778,1195,3601,2026-09-01
3779,32,3602,2026-09-01
3780,32,3603,2026-09-01
3781,676,3604,2026-09-01
3782,846,3605,2026-09-01
3783,1771,1573,2026-09-01
3784,870,3606,2026-09-01
3785,1351,1378,2026-09-01
3786,1772,3607,2026-09-01
3787,764,3608,2026-09-01
3788,618,3609,2026-09-01
3789,69,3610,2026-09-01
3790,1508,3611,2026-09-01
3791,100,3612,2026-09-01
3792,372,3613,2026-09-01
3793,1225,3614,2026-09-01
3794,439,3615,2026-09-01
3795,737,3616,2026-09-01
3796,88,3617,2026-09-01
3797,38,3618,2026-09-01
3798,1773,3619,2026-09-01
3799,431,3620,2026-09-01
3800,1774,3621,2026-09-01
3801,1594,3622,2026-09-01
3802,461,3623,2026-09-01
3803,1044,3623,2026-09-01
3804,1011,3624,2026-09-01
3805,307,3625,2026-09-01
3806,1698,3626,2026-09-01
3807,1775,3627,2026-09-01
3808,310,3628,2026-09-01
3809,310,3629,2026-09-01
3810,86,3630,2026-09-01
3811,1690,3631,2026-09-01
3812,577,3632,2026-09-01
3813,461,3633,2026-09-01
3814,1044,3633,2026-09-01
3815,14,3634,2026-09-01
3816,877,3635,2026-09-01
3817,1685,3636,2026-09-01
3818,792,3637,2026-09-01
3819,651,3638,2026-09-01
3820,984,503,2026-09-01
3821,1776,3639,2026-09-01
3822,1777,1835,2026-09-01
3823,1778,1970,2026-09-01
3824,1779,3640,2026-09-01
3825,1780,3641,2026-09-01
3826,1631,3642,2026-09-01
3827,989,3643,2026-09-01
3828,1135,3644,2026-09-01
3829,1252,3645,2026-09-01
3830,1781,3646,2026-09-01
3831,1313,3647,2026-09-01
3832,1782,1109,2026-09-01
3833,1783,990,2026-09-01
3834,473,3648,2026-09-01
3835,1784,3649,2026-09-01
3836,1785,3650,2026-09-01
3837,1786,3651,2026-09-01
3838,1787,3652,2026-09-01
3839,1179,3653,2026-09-01
3840,578,3654,2026-08-31
3841,1788,3655,2026-08-31
3842,1205,3656,2026-08-31
3843,1789,3657,2026-08-31
3844,1790,3658,2026-08-31
3845,99,3659,2026-08-31
3846,1445,3660,2026-08-31
3847,821,3661,2026-08-31
3848,1791,3662,2026-08-31
3849,1792,3663,2026-08-31
3850,213,3664,2026-08-31
3851,1073,3665,2026-08-31
3852,20,3666,2026-08-31
3853,20,3667,2026-08-31
3854,214,3668,2026-08-31
3855,121,3669,2026-08-31
3856,730,3670,2026-08-31
3857,678,3671,2026-08-31
3858,1793,3672,2026-08-31
3859,94,3673,2026-08-31
3860,838,3674,2026-08-31
3861,1329,3675,2026-08-31
3862,1794,3676,2026-08-31
3863,946,1273,2026-08-31
3864,1233,3677,2026-08-31
3865,1795,3678,2026-08-31
3866,1427,3679,2026-08-31
3867,1796,3680,2026-08-31
3868,1797,2458,2026-08-31
3869,1489,3681,2026-08-31
3870,73,3682,2026-08-31
3871,1798,3683,2026-08-31
3872,502,3684,2026-08-31
3873,855,3685,2026-08-31
3874,1799,3686,2026-08-31
3875,1800,3687,2026-08-31
3876,683,2063,2026-08-31
3877,38,3688,2026-08-31
3878,14,3689,2026-08-31
3879,730,3690,2026-08-31
3880,667,3691,2026-08-31
3881,241,3692,2026-08-31
3882,69,3693,2026-08-31
3883,1801,3694,2026-08-31
3884,1427,3695,2026-08-31
3885,1427,3696,2026-08-31
3886,1427,3697,2026-08-31
3887,1802,3698,2026-08-31
3888,214,3699,2026-08-31
3889,1437,3700,2026-08-31
3890,579,3701,2026-08-31
3891,18,3702,2026-08-31
3892,959,3703,2026-08-31
3893,212,3088,2026-08-31
3894,1803,3704,2026-08-31
3895,1493,3705,2026-08-31
3896,1149,3706,2026-08-31
3897,881,3707,2026-08-31
3898,1804,3708,2026-08-31
3899,266,3709,2026-08-31
3900,1045,3710,2026-08-31
3901,1805,3711,2026-08-31
3902,1806,3712,2026-08-31
3903,1507,3713,2026-08-31
3904,718,1107,2026-08-31
3905,1807,3714,2026-08-31
3906,1782,3715,2026-08-31
3907,472,3716,2026-08-31
3908,167,149,2026-08-31
3909,1808,3717,2026-08-31
3910,1809,3718,2026-08-31
3911,1310,3719,2026-08-31
3912,1810,3720,2026-08-31
3913,1811,681,2026-08-31
3914,1812,3721,2026-08-31
3915,1310,3722,2026-08-31
3916,719,3723,2026-08-31
3917,605,3724,2026-08-31
3918,1813,3725,2026-08-31
3919,1814,3726,2026-08-31
3920,346,3727,2026-08-31
3921,1815,3728,2026-08-31
3922,1815,1988,2026-08-31
3923,1816,3729,2026-08-30
3924,1817,3730,2026-08-30
3925,38,3731,2026-08-30
3926,1460,3732,2026-08-30
3927,1657,3733,2026-08-30
3928,600,3734,2026-08-30
3929,1818,3735,2026-08-30
3930,297,3736,2026-08-29
3931,497,3737,2026-08-29
3932,20,3738,2026-08-29
3933,14,3739,2026-08-29
3934,1551,3740,2026-08-29
3935,1819,3741,2026-08-29
3936,320,3742,2026-08-29
3937,1820,3743,2026-08-29
3938,233,3744,2026-08-29
3939,1821,3745,2026-08-29
3940,998,3746,2026-08-29
3941,1531,3747,2026-08-29
3942,756,3748,2026-08-29
3943,1822,3644,2026-08-29
3944,197,3749,2026-08-28
3945,520,3750,2026-08-28
3946,993,3751,2026-08-28
3947,942,3752,2026-08-28
3948,1823,3753,2026-08-28
3949,531,3754,2026-08-28
3950,531,3755,2026-08-28
3951,28,3756,2026-08-28
3952,1011,3757,2026-08-28
3953,994,3758,2026-08-28
3954,1662,3759,2026-08-28
3955,98,3760,2026-08-28
3956,770,2010,2026-08-28
3957,326,3761,2026-08-28
3958,743,3762,2026-08-28
3959,565,3763,2026-08-28
3960,1689,3764,2026-08-28
3961,207,3765,2026-08-28
3962,1824,3766,2026-08-28
3963,354,3767,2026-08-28
3964,14,3768,2026-08-28
3965,73,3769,2026-08-28
3966,1825,3770,2026-08-28
3967,14,343,2026-08-28
3968,133,3771,2026-08-28
3969,1032,3772,2026-08-28
3970,1826,3773,2026-08-28
3971,419,3774,2026-08-28
3972,18,3775,2026-08-28
3973,1827,3776,2026-08-28
3974,74,3777,2026-08-28
3975,1445,3778,2026-08-28
3976,770,3779,2026-08-28
3977,1828,3780,2026-08-28
3978,1536,3781,2026-08-28
3979,931,3782,2026-08-28
3980,1043,3783,2026-08-28
3981,20,3784,2026-08-28
3982,1829,3785,2026-08-28
3983,411,3786,2026-08-28
3984,1830,3787,2026-08-28
3985,1831,3788,2026-08-28
3986,34,3789,2026-08-28
3987,614,3790,2026-08-28
3988,727,3791,2026-08-28
3989,100,3792,2026-08-28
3990,98,3793,2026-08-28
3991,1427,3794,2026-08-28
3992,388,3795,2026-08-28
3993,1176,3796,2026-08-28
3994,1832,3797,2026-08-28
3995,1833,3798,2026-08-28
3996,29,3799,2026-08-28
3997,1446,3800,2026-08-28
3998,1834,3801,2026-08-28
3999,388,3802,2026-08-28
4000,388,3803,2026-08-28
4001,1835,3804,2026-08-28
4002,140,3805,2026-08-28
4003,1836,3806,2026-08-28
4004,1837,3807,2026-08-28
4005,22,3808,2026-08-28
4006,1838,3809,2026-08-28
4007,18,3810,2026-08-28
4008,726,3811,2026-08-28
4009,1839,3812,2026-08-28
4010,1592,3813,2026-08-28
4011,1840,3814,2026-08-28
4012,1841,3815,2026-08-28
4013,1840,3816,2026-08-28
4014,730,3817,2026-08-28
4015,1842,3818,2026-08-28
4016,1043,3819,2026-08-28
4017,95,1035,2026-08-28
4018,1843,3820,2026-08-28
4019,1844,3821,2026-08-28
4020,1045,3822,2026-08-28
4021,310,3823,2026-08-28
4022,84,3824,2026-08-28
4023,1845,3825,2026-08-28
4024,1846,3826,2026-08-28
4025,281,3827,2026-08-28
4026,1351,3828,2026-08-28
4027,320,3829,2026-08-28
4028,98,3830,2026-08-28
4029,321,3831,2026-08-28
4030,1238,3832,2026-08-28
4031,324,3833,2026-08-28
4032,14,3834,2026-08-28
4033,1044,2398,2026-08-28
4034,1847,3835,2026-08-28
4035,268,3836,2026-08-28
4036,989,3837,2026-08-28
4037,1848,3838,2026-08-28
4038,489,3839,2026-08-28
4039,1849,3840,2026-08-28
4040,165,265,2026-08-28
4041,1850,3841,2026-08-28
4042,1787,3842,2026-08-28
4043,1524,3843,2026-08-28
4044,1311,3844,2026-08-28
4045,974,1836,2026-08-28
4046,1851,3845,2026-08-28
4047,1178,3846,2026-08-28
4048,1852,3847,2026-08-28
4049,1853,3848,2026-08-28
4050,34,3849,2026-08-27
4051,98,3850,2026-08-27
4052,268,3851,2026-08-27
4053,678,3852,2026-08-27
4054,268,3853,2026-08-27
4055,34,3854,2026-08-27
4056,36,3855,2026-08-27
4057,1854,3856,2026-08-27
4058,241,3857,2026-08-27
4059,38,3858,2026-08-27
4060,1855,3859,2026-08-27
4061,1856,3860,2026-08-27
4062,1645,3861,2026-08-27
4063,919,3862,2026-08-27
4064,1857,3863,2026-08-27
4065,100,3864,2026-08-27
4066,225,573,2026-08-27
4067,1858,3865,2026-08-27
4068,232,3866,2026-08-27
4069,914,3022,2026-08-27
4070,75,3867,2026-08-27
4071,726,3868,2026-08-27
4072,1859,3869,2026-08-27
4073,1860,3870,2026-08-27
4074,268,3871,2026-08-27
4075,1861,3872,2026-08-27
4076,268,3873,2026-08-27
4077,1862,3874,2026-08-27
4078,268,3875,2026-08-27
4079,268,3876,2026-08-27
4080,1863,3877,2026-08-27
4081,540,3878,2026-08-27
4082,1788,3879,2026-08-27
4083,1864,3880,2026-08-27
4084,1583,3881,2026-08-27
4085,1865,3882,2026-08-27
4086,241,3883,2026-08-27
4087,952,3884,2026-08-27
4088,1866,3885,2026-08-27
4089,52,3886,2026-08-27
4090,1580,3887,2026-08-27
4091,1867,3888,2026-08-27
4092,530,3889,2026-08-27
4093,1868,3890,2026-08-27
4094,14,3891,2026-08-27
4095,268,3892,2026-08-27
4096,326,3893,2026-08-27
4097,268,3894,2026-08-27
4098,413,3895,2026-08-27
4099,536,3896,2026-08-27
4100,1869,3897,2026-08-27
4101,268,3898,2026-08-27
4102,1738,3899,2026-08-27
4103,1038,3900,2026-08-27
4104,1738,3901,2026-08-27
4105,518,3902,2026-08-27
4106,403,3903,2026-08-27
4107,1870,1201,2026-08-27
4108,949,3904,2026-08-27
4109,1871,3905,2026-08-27
4110,1872,3906,2026-08-27
4111,836,3907,2026-08-27
4112,1392,3908,2026-08-27
4113,530,3909,2026-08-27
4114,1873,3910,2026-08-27
4115,875,3911,2026-08-27
4116,134,3912,2026-08-27
4117,1045,3913,2026-08-27
4118,1874,3914,2026-08-27
4119,106,3915,2026-08-27
4120,862,3916,2026-08-27
4121,1875,3917,2026-08-27
4122,204,3918,2026-08-27
4123,1876,3919,2026-08-27
4124,461,3920,2026-08-27
4125,444,3921,2026-08-27
4126,469,3922,2026-08-27
4127,1877,3923,2026-08-27
4128,878,3924,2026-08-27
4129,289,2078,2026-08-27
4130,1878,3925,2026-08-27
4131,498,3926,2026-08-27
4132,776,3927,2026-08-27
4133,1549,3928,2026-08-27
4134,467,3929,2026-08-27
4135,1135,3930,2026-08-27
4136,1135,3931,2026-08-27
4137,183,3932,2026-08-27
4138,1397,3933,2026-08-27
4139,167,149,2026-08-27
4140,1640,3934,2026-08-27
4141,1879,3935,2026-08-27
4142,1879,1951,2026-08-27
4143,1880,3936,2026-08-26
4144,1752,3937,2026-08-26
4145,1881,3938,2026-08-26
4146,1882,3939,2026-08-26
4147,1883,157,2026-08-26
4148,1884,3940,2026-08-26
4149,1885,3941,2026-08-26
4150,243,3942,2026-08-26
4151,1886,3943,2026-08-26
4152,1887,3944,2026-08-26
4153,1156,3945,2026-08-26
4154,237,3946,2026-08-26
4155,1888,3947,2026-08-26
4156,1461,3948,2026-08-26
4157,1889,3949,2026-08-26
4158,1890,1965,2026-08-26
4159,1091,3950,2026-08-26
4160,1638,3951,2026-08-26
4161,86,3952,2026-08-26
4162,1328,3953,2026-08-26
4163,302,3954,2026-08-26
4164,419,3955,2026-08-26
4165,1324,3956,2026-08-26
4166,1891,3957,2026-08-26
4167,857,3958,2026-08-26
4168,1892,3959,2026-08-26
4169,325,3960,2026-08-26
4170,1893,3961,2026-08-26
4171,1894,3962,2026-08-26
4172,268,3963,2026-08-26
4173,326,3964,2026-08-26
4174,268,3965,2026-08-26
4175,1120,3966,2026-08-26
4176,618,3967,2026-08-26
4177,1895,3968,2026-08-26
4178,949,3969,2026-08-26
4179,1555,3970,2026-08-26
4180,617,3971,2026-08-26
4181,14,3972,2026-08-26
4182,1593,1750,2026-08-26
4183,1896,3973,2026-08-26
4184,854,3974,2026-08-26
4185,461,3975,2026-08-26
4186,268,3976,2026-08-26
4187,1285,3977,2026-08-26
4188,1897,3978,2026-08-26
4189,93,3979,2026-08-26
4190,1162,3980,2026-08-26
4191,143,3981,2026-08-26
4192,1898,3982,2026-08-26
4193,263,3983,2026-08-26
4194,37,3984,2026-08-26
4195,1839,3985,2026-08-26
4196,1038,3986,2026-08-26
4197,268,3987,2026-08-26
4198,435,3988,2026-08-26
4199,1899,3989,2026-08-26
4200,300,3990,2026-08-26
4201,1900,3991,2026-08-26
4202,381,3992,2026-08-26
4203,1901,3993,2026-08-26
4204,1040,3994,2026-08-26
4205,919,3995,2026-08-26
4206,1504,3996,2026-08-26
4207,121,3997,2026-08-26
4208,1086,3998,2026-08-26
4209,1835,3999,2026-08-26
4210,461,4000,2026-08-26
4211,1041,4001,2026-08-26
4212,938,4002,2026-08-26
4213,469,4003,2026-08-26
4214,1902,2556,2026-08-26
4215,326,4004,2026-08-26
4216,326,4005,2026-08-26
4217,467,4006,2026-08-26
4218,307,4007,2026-08-26
4219,1903,4008,2026-08-26
4220,1859,4009,2026-08-26
4221,1752,4010,2026-08-26
4222,713,4011,2026-08-26
4223,800,4012,2026-08-26
4224,595,4013,2026-08-26
4225,334,4014,2026-08-26
4226,334,4015,2026-08-26
4227,180,4016,2026-08-26
4228,1904,4017,2026-08-26
4229,334,4018,2026-08-26
4230,1905,4019,2026-08-26
4231,1745,4020,2026-08-26
4232,974,3134,2026-08-26
4233,1906,4021,2026-08-26
4234,974,4022,2026-08-26
4235,1640,4023,2026-08-26
4236,1907,4024,2026-08-26
4237,1908,263,2026-08-26
4238,34,4025,2026-08-25
4239,1909,4026,2026-08-25
4240,260,4027,2026-08-25
4241,726,4028,2026-08-25
4242,1910,4029,2026-08-25
4243,1227,2242,2026-08-25
4244,223,4030,2026-08-25
4245,98,4031,2026-08-25
4246,1911,4032,2026-08-25
4247,1912,4033,2026-08-25
4248,1565,4034,2026-08-25
4249,1262,4035,2026-08-25
4250,1602,3830,2026-08-25
4251,1913,4036,2026-08-25
4252,1829,4037,2026-08-25
4253,944,4038,2026-08-25
4254,738,4039,2026-08-25
4255,268,4040,2026-08-25
4256,326,4041,2026-08-25
4257,1445,4042,2026-08-25
4258,1073,4043,2026-08-25
4259,326,4044,2026-08-25
4260,14,4045,2026-08-25
4261,268,4046,2026-08-25
4262,1498,4047,2026-08-25
4263,1593,692,2026-08-25
4264,1150,4048,2026-08-25
4265,1724,4049,2026-08-25
4266,1914,4050,2026-08-25
4267,1915,4051,2026-08-25
4268,1892,4052,2026-08-25
4269,1531,4053,2026-08-25
4270,1916,4054,2026-08-25
4271,714,4055,2026-08-25
4272,1714,4056,2026-08-25
4273,188,4057,2026-08-25
4274,1085,4058,2026-08-25
4275,1917,4059,2026-08-25
4276,1374,2458,2026-08-25
4277,1918,4060,2026-08-25
4278,468,594,2026-08-25
4279,836,4061,2026-08-25
4280,228,4062,2026-08-25
4281,1919,1136,2026-08-25
4282,1920,4063,2026-08-25
4283,1921,4064,2026-08-25
4284,38,4065,2026-08-25
4285,32,2640,2026-08-25
4286,1922,4066,2026-08-25
4287,1923,4067,2026-08-25
4288,1924,4068,2026-08-25
4289,73,4069,2026-08-25
4290,1925,1273,2026-08-25
4291,1926,4070,2026-08-25
4292,1420,4071,2026-08-25
4293,1660,2253,2026-08-25
4294,1892,4072,2026-08-25
4295,1927,4073,2026-08-25
4296,549,4074,2026-08-25
4297,1842,352,2026-08-25
4298,1928,4075,2026-08-25
4299,34,4076,2026-08-25
4300,552,4077,2026-08-25
4301,570,4078,2026-08-25
4302,1240,4079,2026-08-25
4303,79,4080,2026-08-25
4304,362,4081,2026-08-25
4305,307,4082,2026-08-25
4306,763,4083,2026-08-25
4307,360,4032,2026-08-25
4308,229,4084,2026-08-25
4309,610,1813,2026-08-25
4310,949,3904,2026-08-25
4311,415,4085,2026-08-25
4312,268,4086,2026-08-25
4313,34,4087,2026-08-25
4314,326,4088,2026-08-25
4315,1278,4089,2026-08-25
4316,1929,4090,2026-08-25
4317,801,4091,2026-08-25
4318,590,4092,2026-08-25
4319,1472,4093,2026-08-25
4320,1930,4094,2026-08-25
4321,1931,4095,2026-08-25
4322,1465,4096,2026-08-25
4323,1524,4097,2026-08-25
4324,1056,4098,2026-08-25
4325,1126,4099,2026-08-25
4326,1932,4100,2026-08-25
4327,1932,4101,2026-08-25
4328,1311,4102,2026-08-25
4329,1311,4103,2026-08-25
4330,1807,4104,2026-08-25
4331,1933,4105,2026-08-25
4332,1178,4106,2026-08-25
4333,1808,4107,2026-08-25
4334,1527,4108,2026-08-25
4335,585,4109,2026-08-25
4336,351,4110,2026-08-25
4337,1934,4111,2026-08-25
4338,1935,4112,2026-08-25
4339,988,4113,2026-08-25
4340,988,4114,2026-08-25
4341,1936,4115,2026-08-24
4342,1937,4116,2026-08-24
4343,1938,4117,2026-08-24
4344,1232,4118,2026-08-24
4345,32,2640,2026-08-24
4346,400,4119,2026-08-24
4347,20,4120,2026-08-24
4348,1939,4121,2026-08-24
4349,1445,4122,2026-08-24
4350,1939,4123,2026-08-24
4351,121,4124,2026-08-24
4352,884,4125,2026-08-24
4353,1010,4126,2026-08-24
4354,1285,4127,2026-08-24
4355,1427,4128,2026-08-24
4356,98,4129,2026-08-24
4357,197,4130,2026-08-24
4358,109,4131,2026-08-24
4359,1103,4132,2026-08-24
4360,1940,4133,2026-08-24
4361,1941,4134,2026-08-24
4362,197,4135,2026-08-24
4363,1942,4136,2026-08-24
4364,1943,1004,2026-08-24
4365,20,4137,2026-08-24
4366,1462,4138,2026-08-24
4367,1363,4139,2026-08-24
4368,325,4140,2026-08-24
4369,533,4141,2026-08-24
4370,369,4142,2026-08-24
4371,52,2154,2026-08-24
4372,429,4143,2026-08-24
4373,1944,4144,2026-08-24
4374,651,4145,2026-08-24
4375,1579,4146,2026-08-24
4376,369,4147,2026-08-24
4377,1044,4148,2026-08-24
4378,1945,4149,2026-08-24
4379,543,4150,2026-08-24
4380,1946,4151,2026-08-24
4381,299,4152,2026-08-24
4382,772,4153,2026-08-24
4383,415,4154,2026-08-24
4384,1947,4155,2026-08-24
4385,1326,4156,2026-08-24
4386,1082,4157,2026-08-24
4387,1948,4158,2026-08-24
4388,147,4159,2026-08-24
4389,1949,4160,2026-08-24
4390,556,4161,2026-08-24
4391,1324,4162,2026-08-24
4392,1950,4163,2026-08-24
4393,1738,4164,2026-08-24
4394,1722,4165,2026-08-24
4395,116,4166,2026-08-24
4396,1951,674,2026-08-24
4397,1245,4167,2026-08-24
4398,432,4168,2026-08-24
4399,1281,4169,2026-08-24
4400,1952,4170,2026-08-24
4401,813,4171,2026-08-24
4402,167,4172,2026-08-24
4403,1465,4173,2026-08-24
4404,1953,4174,2026-08-24
4405,1954,4175,2026-08-24
4406,1955,4176,2026-08-24
4407,587,4177,2026-08-24
4408,1956,4178,2026-08-24
4409,1253,4179,2026-08-24
4410,1957,4180,2026-08-24
4411,1958,4181,2026-08-24
4412,1959,4182,2026-08-24
4413,726,4183,2026-08-23
4414,100,4184,2026-08-23
4415,1420,4185,2026-08-23
4416,1960,4186,2026-08-23
4417,925,4187,2026-08-23
4418,1044,4188,2026-08-23
4419,1119,4189,2026-08-23
4420,1961,4190,2026-08-23
4421,1962,4191,2026-08-23
4422,1963,4192,2026-08-23
4423,1147,4193,2026-08-22
4424,1638,1361,2026-08-22
4425,1964,4194,2026-08-22
4426,1965,4195,2026-08-22
4427,69,4196,2026-08-22
4428,326,4197,2026-08-22
4429,1966,4198,2026-08-22
4430,1421,3861,2026-08-22
4431,527,4199,2026-08-21
4432,307,4200,2026-08-21
4433,326,4201,2026-08-21
4434,233,4202,2026-08-21
4435,1827,4203,2026-08-21
4436,1967,4204,2026-08-21
4437,326,4205,2026-08-21
4438,1968,573,2026-08-21
4439,14,4206,2026-08-21
4440,18,4207,2026-08-21
4441,1271,4208,2026-08-21
4442,1969,4209,2026-08-21
4443,738,4210,2026-08-21
4444,326,4211,2026-08-21
4445,949,4212,2026-08-21
4446,949,4213,2026-08-21
4447,1970,4214,2026-08-21
4448,133,4215,2026-08-21
4449,1971,4216,2026-08-21
4450,525,4217,2026-08-21
4451,1070,4218,2026-08-21
4452,527,4219,2026-08-21
4453,36,4220,2026-08-21
4454,264,4221,2026-08-21
4455,1972,1213,2026-08-21
4456,20,4222,2026-08-21
4457,1088,4223,2026-08-21
4458,1973,4224,2026-08-21
4459,415,4225,2026-08-21
4460,1503,4226,2026-08-21
4461,1382,4227,2026-08-21
4462,1382,3101,2026-08-21
4463,36,4228,2026-08-21
4464,1451,4229,2026-08-21
4465,140,4230,2026-08-21
4466,1721,4231,2026-08-21
4467,1266,4232,2026-08-21
4468,1974,4233,2026-08-21
4469,877,4234,2026-08-21
4470,1975,4235,2026-08-21
4471,1445,4236,2026-08-21
4472,1976,4237,2026-08-21
4473,34,4238,2026-08-21
4474,541,4239,2026-08-21
4475,1601,4240,2026-08-21
4476,540,4241,2026-08-21
4477,415,4242,2026-08-21
4478,113,4243,2026-08-21
4479,1580,4244,2026-08-21
4480,1272,4245,2026-08-21
4481,1272,4246,2026-08-21
4482,18,4247,2026-08-21
4483,1977,4248,2026-08-21
4484,1317,4249,2026-08-21
4485,20,4250,2026-08-21
4486,171,4251,2026-08-21
4487,1978,4252,2026-08-21
4488,691,4253,2026-08-21
4489,332,4092,2026-08-21
4490,589,4254,2026-08-21
4491,165,4255,2026-08-21
4492,1905,4256,2026-08-21
4493,1979,4257,2026-08-21
4494,328,4258,2026-08-21
4495,328,4259,2026-08-21
4496,1980,4260,2026-08-21
4497,1981,4261,2026-08-21
4498,1711,4262,2026-08-21
4499,1982,4263,2026-08-21
4500,1983,4264,2026-08-21
4501,1258,4265,2026-08-21
4502,1984,4266,2026-08-21
4503,349,4267,2026-08-21
4504,1430,4268,2026-08-20
4505,1985,4269,2026-08-20
4506,533,4270,2026-08-20
4507,1986,4271,2026-08-20
4508,1987,4272,2026-08-20
4509,374,4273,2026-08-20
4510,1066,4274,2026-08-20
4511,268,4275,2026-08-20
4512,268,4276,2026-08-20
4513,1103,4277,2026-08-20
4514,1161,4278,2026-08-20
4515,20,4279,2026-08-20
4516,1647,4280,2026-08-20
4517,533,4281,2026-08-20
4518,148,4282,2026-08-20
4519,1988,4283,2026-08-20
4520,1989,4284,2026-08-20
4521,156,4285,2026-08-20
4522,45,398,2026-08-20
4523,1990,4286,2026-08-20
4524,73,4287,2026-08-20
4525,614,4288,2026-08-20
4526,1888,4289,2026-08-20
4527,307,4290,2026-08-20
4528,1071,4291,2026-08-20
4529,1991,425,2026-08-20
4530,1992,4292,2026-08-20
4531,387,4293,2026-08-20
4532,326,4294,2026-08-20
4533,133,4295,2026-08-20
4534,133,4296,2026-08-20
4535,20,4297,2026-08-20
4536,1032,4298,2026-08-20
4537,1993,4299,2026-08-20
4538,14,4300,2026-08-20
4539,1994,2398,2026-08-20
4540,1342,4301,2026-08-20
4541,214,2828,2026-08-20
4542,241,1506,2026-08-20
4543,35,2063,2026-08-20
4544,1995,4302,2026-08-20
4545,1297,4303,2026-08-20
4546,1661,4304,2026-08-20
4547,143,4305,2026-08-20
4548,1996,4306,2026-08-20
4549,1997,4307,2026-08-20
4550,73,4308,2026-08-20
4551,18,4309,2026-08-20
4552,617,2369,2026-08-20
4553,763,4310,2026-08-20
4554,949,4311,2026-08-20
4555,1998,4195,2026-08-20
4556,29,4312,2026-08-20
4557,98,4313,2026-08-20
4558,1999,4314,2026-08-20
4559,73,4315,2026-08-20
4560,730,4316,2026-08-20
4561,949,4317,2026-08-20
4562,538,4318,2026-08-20
4563,2000,4319,2026-08-20
4564,68,282,2026-08-20
4565,1689,4320,2026-08-20
4566,2001,1573,2026-08-20
4567,437,637,2026-08-20
4568,2002,4321,2026-08-20
4569,633,4322,2026-08-20
4570,1274,4323,2026-08-20
4571,614,4324,2026-08-20
4572,518,4325,2026-08-20
4573,1045,4326,2026-08-20
4574,2003,4327,2026-08-20
4575,540,2069,2026-08-20
4576,2004,4328,2026-08-20
4577,2005,4329,2026-08-20
4578,2006,4330,2026-08-20
4579,781,4331,2026-08-20
4580,2007,4332,2026-08-20
4581,2008,4333,2026-08-20
4582,1948,4334,2026-08-20
4583,38,4335,2026-08-20
4584,93,4336,2026-08-20
4585,1366,4337,2026-08-20
4586,362,4338,2026-08-20
4587,2009,4339,2026-08-20
4588,2010,4340,2026-08-20
4589,651,4341,2026-08-20
4590,326,4342,2026-08-20
4591,531,4343,2026-08-20
4592,738,4344,2026-08-20
4593,362,4345,2026-08-20
4594,2011,4346,2026-08-20
4595,2012,2899,2026-08-20
4596,1465,1649,2026-08-20
4597,327,4347,2026-08-20
4598,334,4348,2026-08-20
4599,334,4349,2026-08-20
4600,2013,4350,2026-08-20
4601,590,4351,2026-08-20
4602,332,4352,2026-08-20
4603,597,4353,2026-08-20
4604,980,4354,2026-08-20
4605,2014,4355,2026-08-20
4606,2015,4356,2026-08-20
4607,1611,4357,2026-08-20
4608,2016,4358,2026-08-20
4609,974,4359,2026-08-20
4610,1057,4360,2026-08-20
4611,1702,4361,2026-08-19
4612,942,4362,2026-08-19
4613,73,4363,2026-08-19
4614,233,4364,2026-08-19
4615,233,4365,2026-08-19
4616,1647,4366,2026-08-19
4617,2017,4367,2026-08-19
4618,948,4368,2026-08-19
4619,1591,4369,2026-08-19
4620,1227,1938,2026-08-19
4621,2018,4370,2026-08-19
4622,1870,4371,2026-08-19
4623,2019,4372,2026-08-19
4624,2020,4373,2026-08-19
4625,2021,4374,2026-08-19
4626,1697,4375,2026-08-19
4627,20,4376,2026-08-19
4628,907,4377,2026-08-19
4629,2022,4378,2026-08-19
4630,662,568,2026-08-19
4631,2023,4379,2026-08-19
4632,571,4380,2026-08-19
4633,326,4381,2026-08-19
4634,241,4382,2026-08-19
4635,241,4383,2026-08-19
4636,1645,4384,2026-08-19
4637,621,4385,2026-08-19
4638,2024,4386,2026-08-19
4639,407,586,2026-08-19
4640,326,4387,2026-08-19
4641,38,4388,2026-08-19
4642,2025,4389,2026-08-19
4643,999,4390,2026-08-19
4644,499,4391,2026-08-19
4645,419,4392,2026-08-19
4646,1589,4393,2026-08-19
4647,726,4394,2026-08-19
4648,1341,4395,2026-08-19
4649,1321,4396,2026-08-19
4650,2026,436,2026-08-19
4651,877,4123,2026-08-19
4652,543,4397,2026-08-19
4653,1997,4398,2026-08-19
4654,2027,4399,2026-08-19
4655,1986,4400,2026-08-19
4656,1115,4401,2026-08-19
4657,2028,4402,2026-08-19
4658,1110,4403,2026-08-19
4659,2029,4404,2026-08-19
4660,2030,111,2026-08-19
4661,464,4405,2026-08-19
4662,2031,4406,2026-08-19
4663,731,4407,2026-08-19
4664,731,4408,2026-08-19
4665,2032,4409,2026-08-19
4666,2033,4410,2026-08-19
4667,935,4411,2026-08-19
4668,468,4412,2026-08-19
4669,396,4413,2026-08-19
4670,409,4414,2026-08-19
4671,1242,826,2026-08-19
4672,2034,4415,2026-08-19
4673,2035,4416,2026-08-19
4674,1217,4417,2026-08-19
4675,2036,4418,2026-08-19
4676,306,4419,2026-08-19
4677,764,4420,2026-08-19
4678,2037,4421,2026-08-19
4679,468,4422,2026-08-19
4680,2038,4423,2026-08-19
4681,2006,4424,2026-08-19
4682,2039,4425,2026-08-19
4683,326,4426,2026-08-19
4684,14,4427,2026-08-19
4685,2000,4428,2026-08-19
4686,14,4429,2026-08-19
4687,143,4430,2026-08-19
4688,14,4431,2026-08-19
4689,1331,4432,2026-08-19
4690,2040,692,2026-08-19
4691,974,4433,2026-08-19
4692,2014,4434,2026-08-19
4693,1814,4435,2026-08-19
4694,2041,4436,2026-08-19
4695,1252,4437,2026-08-19
4696,2042,4438,2026-08-19
4697,974,4439,2026-08-19
4698,327,4440,2026-08-19
4699,334,4441,2026-08-19
4700,1524,4442,2026-08-19
4701,1055,826,2026-08-19
4702,2043,4443,2026-08-19
4703,2044,4444,2026-08-19
4704,2045,4445,2026-08-19
4705,2045,4446,2026-08-19
4706,2046,4447,2026-08-19
4707,811,4448,2026-08-19
4708,2047,4449,2026-08-18
4709,230,4450,2026-08-18
4710,365,4451,2026-08-18
4711,69,4452,2026-08-18
4712,2048,4453,2026-08-18
4713,1670,4454,2026-08-18
4714,1627,149,2026-08-18
4715,520,4455,2026-08-18
4716,644,4456,2026-08-18
4717,212,3329,2026-08-18
4718,52,4457,2026-08-18
4719,2049,4458,2026-08-18
4720,831,3344,2026-08-18
4721,2047,4459,2026-08-18
4722,1224,3072,2026-08-18
4723,399,4460,2026-08-18
4724,2050,4461,2026-08-18
4725,2051,4462,2026-08-18
4726,1211,4463,2026-08-18
4727,18,4464,2026-08-18
4728,20,4465,2026-08-18
4729,99,3342,2026-08-18
4730,1382,4466,2026-08-18
4731,326,4467,2026-08-18
4732,610,4468,2026-08-18
4733,2052,4469,2026-08-18
4734,2053,1699,2026-08-18
4735,634,4470,2026-08-18
4736,1382,2601,2026-08-18
4737,14,4471,2026-08-18
4738,1351,4472,2026-08-18
4739,1760,4473,2026-08-18
4740,1752,4474,2026-08-18
4741,531,4475,2026-08-18
4742,1382,4476,2026-08-18
4743,2054,4477,2026-08-18
4744,2055,4478,2026-08-18
4745,1164,4479,2026-08-18
4746,1896,4480,2026-08-18
4747,1011,4481,2026-08-18
4748,2056,4482,2026-08-18
4749,907,4483,2026-08-18
4750,2057,2398,2026-08-18
4751,1629,4484,2026-08-18
4752,1445,4485,2026-08-18
4753,14,4486,2026-08-18
4754,18,4487,2026-08-18
4755,671,4488,2026-08-18
4756,2058,4489,2026-08-18
4757,1691,4490,2026-08-18
4758,2059,4491,2026-08-18
4759,1593,693,2026-08-18
4760,2059,4492,2026-08-18
4761,677,4493,2026-08-18
4762,2060,4494,2026-08-18
4763,877,1813,2026-08-18
4764,540,4495,2026-08-18
4765,2061,4496,2026-08-18
4766,2062,4497,2026-08-18
4767,867,4498,2026-08-18
4768,121,4499,2026-08-18
4769,1437,3999,2026-08-18
4770,2063,4500,2026-08-18
4771,34,4501,2026-08-18
4772,668,4502,2026-08-18
4773,461,4503,2026-08-18
4774,156,4504,2026-08-18
4775,1118,4505,2026-08-18
4776,461,4506,2026-08-18
4777,2064,4507,2026-08-18
4778,2065,4421,2026-08-18
4779,516,4508,2026-08-18
4780,516,4509,2026-08-18
4781,52,4510,2026-08-18
4782,326,4511,2026-08-18
4783,2066,4512,2026-08-18
4784,2067,4513,2026-08-18
4785,175,4514,2026-08-18
4786,2068,4515,2026-08-18
4787,1966,4516,2026-08-18
4788,334,4517,2026-08-18
4789,334,4518,2026-08-18
4790,165,4519,2026-08-18
4791,1704,4520,2026-08-18
4792,1744,4521,2026-08-18
4793,333,3528,2026-08-18
4794,2069,4522,2026-08-18
4795,2070,396,2026-08-18
4796,1402,396,2026-08-18
4797,2071,4523,2026-08-18
4798,2072,4524,2026-08-18
4799,981,4525,2026-08-18
4800,984,4526,2026-08-18
4801,2073,4527,2026-08-18
4802,2074,4528,2026-08-17
4803,2075,4529,2026-08-17
4804,2076,4530,2026-08-17
4805,610,4531,2026-08-17
4806,2019,4532,2026-08-17
4807,2077,4533,2026-08-17
4808,2078,4534,2026-08-17
4809,1661,4535,2026-08-17
4810,250,2154,2026-08-17
4811,326,4536,2026-08-17
4812,419,4537,2026-08-17
4813,14,4538,2026-08-17
4814,2079,4539,2026-08-17
4815,2080,4540,2026-08-17
4816,2022,4541,2026-08-17
4817,2081,1136,2026-08-17
4818,615,4542,2026-08-17
4819,748,4543,2026-08-17
4820,326,4544,2026-08-17
4821,1967,4545,2026-08-17
4822,2082,4546,2026-08-17
4823,1158,4547,2026-08-17
4824,517,4548,2026-08-17
4825,57,4549,2026-08-17
4826,1886,4550,2026-08-17
4827,34,4551,2026-08-17
4828,2083,4552,2026-08-17
4829,214,4553,2026-08-17
4830,68,4554,2026-08-17
4831,2084,4555,2026-08-17
4832,1071,4556,2026-08-17
4833,1071,4557,2026-08-17
4834,2049,4558,2026-08-17
4835,2085,4559,2026-08-17
4836,610,4560,2026-08-17
4837,1794,4561,2026-08-17
4838,1946,4562,2026-08-17
4839,2086,4563,2026-08-17
4840,14,4564,2026-08-17
4841,14,4565,2026-08-17
4842,2087,4566,2026-08-17
4843,2088,4567,2026-08-17
4844,1602,4568,2026-08-17
4845,205,4569,2026-08-17
4846,14,4570,2026-08-17
4847,2089,4571,2026-08-17
4848,2090,4572,2026-08-17
4849,249,4573,2026-08-17
4850,34,4574,2026-08-17
4851,2091,4575,2026-08-17
4852,1005,4576,2026-08-17
4853,461,4577,2026-08-17
4854,656,4578,2026-08-17
4855,1842,4579,2026-08-17
4856,1240,4580,2026-08-17
4857,2092,4581,2026-08-17
4858,1876,4582,2026-08-17
4859,1038,4583,2026-08-17
4860,109,4584,2026-08-17
4861,756,4585,2026-08-17
4862,1773,4586,2026-08-17
4863,1461,4587,2026-08-17
4864,789,4588,2026-08-17
4865,307,4589,2026-08-17
4866,2093,4590,2026-08-17
4867,2093,4591,2026-08-17
4868,2094,4592,2026-08-17
4869,587,4593,2026-08-17
4870,480,4594,2026-08-17
4871,974,4595,2026-08-17
4872,2095,4596,2026-08-17
4873,684,4597,2026-08-17
4874,473,4598,2026-08-17
4875,476,4599,2026-08-17
4876,334,4600,2026-08-17
4877,2096,4601,2026-08-17
4878,1908,4602,2026-08-17
4879,2097,4603,2026-08-16
4880,923,4604,2026-08-16
4881,2093,4605,2026-08-16
4882,1638,4606,2026-08-16
4883,1569,4607,2026-08-16
4884,2098,4608,2026-08-15
4885,69,4609,2026-08-15
4886,881,4610,2026-08-15
4887,268,4611,2026-08-15
4888,1645,4612,2026-08-15
4889,2099,2398,2026-08-15
4890,18,4613,2026-08-15
4891,361,4614,2026-08-15
4892,901,4615,2026-08-15
4893,69,4616,2026-08-14
4894,2100,1273,2026-08-14
4895,730,4617,2026-08-14
4896,2101,4618,2026-08-14
4897,14,4619,2026-08-14
4898,1478,4620,2026-08-14
4899,2102,4621,2026-08-14
4900,1349,4622,2026-08-14
4901,1868,4623,2026-08-14
4902,1554,4624,2026-08-14
4903,1685,4625,2026-08-14
4904,2103,4626,2026-08-14
4905,776,4627,2026-08-14
4906,1690,4628,2026-08-14
4907,326,4629,2026-08-14
4908,2104,4630,2026-08-14
4909,2105,4631,2026-08-14
4910,2106,4632,2026-08-14
4911,2107,4633,2026-08-14
4912,656,4634,2026-08-14
4913,326,4635,2026-08-14
4914,2108,4636,2026-08-14
4915,728,1172,2026-08-14
4916,326,4637,2026-08-14
4917,506,4638,2026-08-14
4918,326,4639,2026-08-14
4919,2026,4640,2026-08-14
4920,2109,4641,2026-08-14
4921,2110,4642,2026-08-14
4922,1290,2183,2026-08-14
4923,726,4643,2026-08-14
4924,1718,4644,2026-08-14
4925,1494,4645,2026-08-14
4926,1229,4646,2026-08-14
4927,1837,4647,2026-08-14
4928,383,4648,2026-08-14
4929,875,4649,2026-08-14
4930,140,4650,2026-08-14
4931,1986,4651,2026-08-14
4932,1976,4652,2026-08-14
4933,2111,4653,2026-08-14
4934,125,4654,2026-08-14
4935,576,4655,2026-08-14
4936,1044,4656,2026-08-14
4937,310,4657,2026-08-14
4938,1987,4658,2026-08-14
4939,2112,4659,2026-08-14
4940,1995,2063,2026-08-14
4941,100,4660,2026-08-14
4942,298,4661,2026-08-14
4943,2113,4662,2026-08-14
4944,2114,4663,2026-08-14
4945,2115,4664,2026-08-14
4946,1469,4665,2026-08-14
4947,974,4666,2026-08-14
4948,1132,661,2026-08-14
4949,334,4667,2026-08-14
4950,1673,4668,2026-08-14
4951,334,4669,2026-08-14
4952,2116,4670,2026-08-14
4953,491,4671,2026-08-14
4954,2117,4672,2026-08-14
4955,990,4673,2026-08-14
4956,349,4674,2026-08-14
4957,820,4675,2026-08-13
4958,1263,4676,2026-08-13
4959,855,4677,2026-08-13
4960,326,4678,2026-08-13
4961,1914,4679,2026-08-13
4962,1914,4680,2026-08-13
4963,2118,4681,2026-08-13
4964,241,4682,2026-08-13
4965,1427,4683,2026-08-13
4966,2119,1341,2026-08-13
4967,1427,4684,2026-08-13
4968,1363,2547,2026-08-13
4969,526,4685,2026-08-13
4970,20,4686,2026-08-13
4971,1427,4687,2026-08-13
4972,1427,4688,2026-08-13
4973,1326,4689,2026-08-13
4974,1326,693,2026-08-13
4975,2120,4690,2026-08-13
4976,2121,4691,2026-08-13
4977,64,4692,2026-08-13
4978,2122,4693,2026-08-13
4979,1427,4694,2026-08-13
4980,2123,4695,2026-08-13
4981,740,4696,2026-08-13
4982,1732,4697,2026-08-13
4983,1732,4698,2026-08-13
4984,20,4699,2026-08-13
4985,133,4700,2026-08-13
4986,133,4701,2026-08-13
4987,133,4702,2026-08-13
4988,133,4703,2026-08-13
4989,133,4704,2026-08-13
4990,133,4705,2026-08-13
4991,133,4706,2026-08-13
4992,709,4707,2026-08-13
4993,1655,4708,2026-08-13
4994,1655,4709,2026-08-13
4995,73,4710,2026-08-13
4996,790,2701,2026-08-13
4997,790,4711,2026-08-13
4998,790,4712,2026-08-13
4999,530,4713,2026-08-13
5000,1495,4714,2026-08-13
5001,1761,4715,2026-08-13
5002,1427,4716,2026-08-13
5003,62,4717,2026-08-13
5004,62,1273,2026-08-13
5005,62,4718,2026-08-13
5006,62,4719,2026-08-13
5007,62,4720,2026-08-13
5008,1761,4721,2026-08-13
5009,241,4722,2026-08-13
5010,1427,4723,2026-08-13
5011,2124,4724,2026-08-13
5012,1236,4725,2026-08-13
5013,326,4726,2026-08-13
5014,1297,4727,2026-08-13
5015,1297,4728,2026-08-13
5016,1297,4729,2026-08-13
5017,1297,4730,2026-08-13
5018,1297,4731,2026-08-13
5019,1297,4732,2026-08-13
5020,1297,4733,2026-08-13
5021,1297,4734,2026-08-13
5022,1297,4735,2026-08-13
5023,1297,4736,2026-08-13
5024,1297,4737,2026-08-13
5025,2125,4738,2026-08-13
5026,2126,4739,2026-08-13
5027,68,4740,2026-08-13
5028,20,4741,2026-08-13
5029,20,4742,2026-08-13
5030,20,4743,2026-08-13
5031,2127,4744,2026-08-13
5032,2128,2315,2026-08-13
5033,20,4745,2026-08-13
5034,1987,4746,2026-08-13
5035,2129,4747,2026-08-13
5036,20,4748,2026-08-13
5037,2130,4749,2026-08-13
5038,20,1872,2026-08-13
5039,20,4750,2026-08-13
5040,536,4751,2026-08-13
5041,20,4752,2026-08-13
5042,20,1817,2026-08-13
5043,326,4753,2026-08-13
5044,1238,4754,2026-08-13
5045,2131,4755,2026-08-13
5046,20,4756,2026-08-13
5047,2132,4757,2026-08-13
5048,20,4758,2026-08-13
5049,20,4759,2026-08-13
5050,20,4760,2026-08-13
5051,20,4761,2026-08-13
5052,218,4762,2026-08-13
5053,153,4763,2026-08-13
5054,949,4764,2026-08-13
5055,875,4765,2026-08-13
5056,135,4766,2026-08-13
5057,1445,4767,2026-08-13
5058,1578,4768,2026-08-13
5059,2133,1951,2026-08-13
5060,458,4769,2026-08-13
5061,614,4770,2026-08-13
5062,614,4771,2026-08-13
5063,302,4772,2026-08-13
5064,100,4773,2026-08-13
5065,1442,4774,2026-08-13
5066,1442,4775,2026-08-13
5067,1442,4776,2026-08-13
5068,1442,4777,2026-08-13
5069,1442,4778,2026-08-13
5070,2134,4779,2026-08-13
5071,2135,4780,2026-08-13
5072,307,4781,2026-08-13
5073,869,4782,2026-08-13
5074,870,4783,2026-08-13
5075,547,4784,2026-08-13
5076,557,4785,2026-08-13
5077,113,4786,2026-08-13
5078,2136,4787,2026-08-13
5079,310,4788,2026-08-13
5080,737,4789,2026-08-13
5081,248,4790,2026-08-13
5082,2097,4791,2026-08-13
5083,1263,4792,2026-08-13
5084,2137,4793,2026-08-13
5085,726,4794,2026-08-13
5086,974,4795,2026-08-13
5087,1744,4796,2026-08-13
5088,1178,4797,2026-08-13
5089,2138,4798,2026-08-13
5090,2139,4799,2026-08-13
5091,1783,4800,2026-08-13
5092,480,4801,2026-08-13
5093,1405,4802,2026-08-13
5094,1253,4803,2026-08-13
5095,2140,4804,2026-08-13
5096,2141,4805,2026-08-13
5097,2142,4806,2026-08-13
5098,813,4807,2026-08-13
5099,1410,4808,2026-08-13
5100,2096,2375,2026-08-13
5101,2073,4809,2026-08-13
5102,35,4810,2026-08-12
5103,35,2010,2026-08-12
5104,233,4811,2026-08-12
5105,233,4812,2026-08-12
5106,233,4813,2026-08-12
5107,233,4814,2026-08-12
5108,233,4815,2026-08-12
5109,233,4202,2026-08-12
5110,233,4816,2026-08-12
5111,233,4817,2026-08-12
5112,467,4818,2026-08-12
5113,1477,4819,2026-08-12
5114,1712,4820,2026-08-12
5115,1645,4821,2026-08-12
5116,20,4822,2026-08-12
5117,2143,4823,2026-08-12
5118,148,4824,2026-08-12
5119,326,4825,2026-08-12
5120,228,4826,2026-08-12
5121,219,4827,2026-08-12
5122,952,4828,2026-08-12
5123,640,4829,2026-08-12
5124,100,4830,2026-08-12
5125,32,4831,2026-08-12
5126,2144,4832,2026-08-12
5127,326,4833,2026-08-12
5128,1263,4834,2026-08-12
5129,836,4835,2026-08-12
5130,1199,4836,2026-08-12
5131,415,4837,2026-08-12
5132,415,4838,2026-08-12
5133,415,4839,2026-08-12
5134,415,4840,2026-08-12
5135,415,4841,2026-08-12
5136,415,4842,2026-08-12
5137,415,4843,2026-08-12
5138,823,4844,2026-08-12
5139,18,4845,2026-08-12
5140,309,4846,2026-08-12
5141,92,4847,2026-08-12
5142,92,4848,2026-08-12
5143,92,4849,2026-08-12
5144,92,4850,2026-08-12
5145,92,4851,2026-08-12
5146,1628,4852,2026-08-12
5147,2145,4853,2026-08-12
5148,1071,4854,2026-08-12
5149,1071,4855,2026-08-12
5150,1071,4856,2026-08-12
5151,1071,4857,2026-08-12
5152,1071,4858,2026-08-12
5153,1071,4859,2026-08-12
5154,1071,4860,2026-08-12
5155,1071,4861,2026-08-12
5156,1071,4862,2026-08-12
5157,1071,4863,2026-08-12
5158,38,4864,2026-08-12
5159,1665,4865,2026-08-12
5160,2146,4866,2026-08-12
5161,73,4867,2026-08-12
5162,73,4868,2026-08-12
5163,73,4869,2026-08-12
5164,73,4458,2026-08-12
5165,73,4870,2026-08-12
5166,73,4871,2026-08-12
5167,384,4872,2026-08-12
5168,2147,4873,2026-08-12
5169,1270,4874,2026-08-12
5170,1270,4875,2026-08-12
5171,1270,4876,2026-08-12
5172,1270,4877,2026-08-12
5173,2148,4878,2026-08-12
5174,2148,4879,2026-08-12
5175,381,4880,2026-08-12
5176,20,4881,2026-08-12
5177,214,4882,2026-08-12
5178,2149,4883,2026-08-12
5179,2150,4884,2026-08-12
5180,425,4885,2026-08-12
5181,24,4886,2026-08-12
5182,1758,4887,2026-08-12
5183,945,4888,2026-08-12
5184,2029,4889,2026-08-12
5185,38,4890,2026-08-12
5186,2151,4891,2026-08-12
5187,1261,4892,2026-08-12
5188,18,4893,2026-08-12
5189,2152,4894,2026-08-12
5190,411,4895,2026-08-12
5191,411,4896,2026-08-12
5192,756,4897,2026-08-12
5193,244,4898,2026-08-12
5194,946,4899,2026-08-12
5195,2153,4900,2026-08-12
5196,100,4901,2026-08-12
5197,1138,4902,2026-08-12
5198,2099,4903,2026-08-12
5199,922,4904,2026-08-12
5200,2154,4905,2026-08-12
5201,218,4906,2026-08-12
5202,911,4907,2026-08-12
5203,1645,4908,2026-08-12
5204,949,4909,2026-08-12
5205,949,4910,2026-08-12
5206,949,661,2026-08-12
5207,949,4911,2026-08-12
5208,949,4912,2026-08-12
5209,949,4913,2026-08-12
5210,949,4914,2026-08-12
5211,949,4915,2026-08-12
5212,642,4916,2026-08-12
5213,2155,4917,2026-08-12
5214,2156,4918,2026-08-12
5215,499,4919,2026-08-12
5216,416,1890,2026-08-12
5217,68,4920,2026-08-12
5218,1752,4921,2026-08-12
5219,820,4922,2026-08-12
5220,536,4923,2026-08-12
5221,2157,1411,2026-08-12
5222,217,4924,2026-08-12
5223,875,4925,2026-08-12
5224,741,4926,2026-08-12
5225,741,4927,2026-08-12
5226,731,4928,2026-08-12
5227,2158,4929,2026-08-12
5228,1584,4930,2026-08-12
5229,1103,4931,2026-08-12
5230,1166,4932,2026-08-12
5231,381,4933,2026-08-12
5232,1833,4934,2026-08-12
5233,1833,4935,2026-08-12
5234,1833,4936,2026-08-12
5235,1833,4937,2026-08-12
5236,502,4938,2026-08-12
5237,502,4939,2026-08-12
5238,502,4940,2026-08-12
5239,2159,4941,2026-08-12
5240,746,4942,2026-08-12
5241,241,4943,2026-08-12
5242,1322,4944,2026-08-12
5243,1322,4945,2026-08-12
5244,2160,4946,2026-08-12
5245,2160,1273,2026-08-12
5246,106,4947,2026-08-12
5247,34,4948,2026-08-12
5248,1019,4092,2026-08-12
5249,2060,4949,2026-08-12
5250,139,4950,2026-08-12
5251,2161,4951,2026-08-12
5252,652,4952,2026-08-12
5253,2162,4953,2026-08-12
5254,1723,4954,2026-08-12
5255,2163,645,2026-08-12
5256,461,4955,2026-08-12
5257,2164,4956,2026-08-12
5258,816,4957,2026-08-12
5259,570,4958,2026-08-12
5260,650,561,2026-08-12
5261,125,4959,2026-08-12
5262,925,4960,2026-08-12
5263,2165,4961,2026-08-12
5264,518,4962,2026-08-12
5265,1391,4963,2026-08-12
5266,1840,4964,2026-08-12
5267,1119,4965,2026-08-12
5268,121,4966,2026-08-12
5269,745,4967,2026-08-12
5270,2021,3243,2026-08-12
5271,1044,4968,2026-08-12
5272,326,4969,2026-08-12
5273,682,4970,2026-08-12
5274,1084,4971,2026-08-12
5275,2166,4972,2026-08-12
5276,2167,4973,2026-08-12
5277,589,4974,2026-08-12
5278,1178,4975,2026-08-12
5279,2116,4976,2026-08-12
5280,2014,4977,2026-08-12
5281,2168,4978,2026-08-12
5282,1814,4979,2026-08-12
5283,2169,4980,2026-08-12
5284,184,4981,2026-08-12
5285,1981,4982,2026-08-12
5286,2073,4983,2026-08-12
5287,987,4984,2026-08-12
5288,2167,4985,2026-08-11
5289,683,4986,2026-08-11
5290,1536,3861,2026-08-11
5291,34,4987,2026-08-11
5292,1788,4988,2026-08-11
5293,326,4989,2026-08-11
5294,1679,4990,2026-08-11
5295,26,4991,2026-08-11
5296,26,4992,2026-08-11
5297,26,4993,2026-08-11
5298,955,4994,2026-08-11
5299,610,4995,2026-08-11
5300,1267,4996,2026-08-11
5301,326,4997,2026-08-11
5302,2170,4092,2026-08-11
5303,2171,140,2026-08-11
5304,197,4998,2026-08-11
5305,436,4999,2026-08-11
5306,436,5000,2026-08-11
5307,436,5001,2026-08-11
5308,830,5002,2026-08-11
5309,1533,5003,2026-08-11
5310,2172,5004,2026-08-11
5311,1797,5005,2026-08-11
5312,2173,5006,2026-08-11
5313,361,5007,2026-08-11
5314,205,5008,2026-08-11
5315,1681,5009,2026-08-11
5316,326,5010,2026-08-11
5317,2174,5011,2026-08-11
5318,1325,5012,2026-08-11
5319,1325,5013,2026-08-11
5320,1367,5014,2026-08-11
5321,365,5015,2026-08-11
5322,20,5016,2026-08-11
5323,20,5017,2026-08-11
5324,20,5018,2026-08-11
5325,20,5019,2026-08-11
5326,20,5020,2026-08-11
5327,20,5021,2026-08-11
5328,20,5022,2026-08-11
5329,20,5023,2026-08-11
5330,20,5024,2026-08-11
5331,20,5025,2026-08-11
5332,20,5026,2026-08-11
5333,20,5027,2026-08-11
5334,20,5028,2026-08-11
5335,20,5029,2026-08-11
5336,20,5030,2026-08-11
5337,20,5031,2026-08-11
5338,20,5032,2026-08-11
5339,20,5033,2026-08-11
5340,20,5034,2026-08-11
5341,20,5035,2026-08-11
5342,20,5036,2026-08-11
5343,20,5037,2026-08-11
5344,20,5038,2026-08-11
5345,20,5039,2026-08-11
5346,20,5040,2026-08-11
5347,20,5041,2026-08-11
5348,20,5042,2026-08-11
5349,20,5043,2026-08-11
5350,20,5044,2026-08-11
5351,20,5045,2026-08-11
5352,20,5046,2026-08-11
5353,20,5047,2026-08-11
5354,20,5048,2026-08-11
5355,20,5049,2026-08-11
5356,20,5050,2026-08-11
5357,1965,5051,2026-08-11
5358,1233,5052,2026-08-11
5359,98,5053,2026-08-11
5360,98,5054,2026-08-11
5361,98,5055,2026-08-11
5362,98,5056,2026-08-11
5363,98,5057,2026-08-11
5364,98,5058,2026-08-11
5365,98,5059,2026-08-11
5366,98,5060,2026-08-11
5367,98,5061,2026-08-11
5368,98,5062,2026-08-11
5369,98,5063,2026-08-11
5370,98,5064,2026-08-11
5371,98,5065,2026-08-11
5372,98,5066,2026-08-11
5373,1863,1536,2026-08-11
5374,1885,5067,2026-08-11
5375,2175,5068,2026-08-11
5376,1495,5069,2026-08-11
5377,437,3372,2026-08-11
5378,228,5070,2026-08-11
5379,527,573,2026-08-11
5380,223,5071,2026-08-11
5381,140,5072,2026-08-11
5382,1272,2398,2026-08-11
5383,1103,5073,2026-08-11
5384,1103,5074,2026-08-11
5385,1103,5075,2026-08-11
5386,37,5076,2026-08-11
5387,1420,5077,2026-08-11
5388,403,5078,2026-08-11
5389,1702,5079,2026-08-11
5390,2176,5080,2026-08-11
5391,1043,5081,2026-08-11
5392,1074,693,2026-08-11
5393,1160,5082,2026-08-11
5394,1719,1136,2026-08-11
5395,56,5083,2026-08-11
5396,815,5084,2026-08-11
5397,2177,5085,2026-08-11
5398,2178,5086,2026-08-11
5399,93,5087,2026-08-11
5400,93,5088,2026-08-11
5401,377,5089,2026-08-11
5402,93,5090,2026-08-11
5403,745,5091,2026-08-11
5404,2179,5092,2026-08-11
5405,2180,5093,2026-08-11
5406,2181,5094,2026-08-11
5407,1337,657,2026-08-11
5408,663,5095,2026-08-11
5409,1087,5096,2026-08-11
5410,1647,5097,2026-08-11
5411,2182,5098,2026-08-11
5412,14,5099,2026-08-11
5413,1427,5100,2026-08-11
5414,2183,5101,2026-08-11
5415,1911,5102,2026-08-11
5416,1427,5103,2026-08-11
5417,113,5104,2026-08-11
5418,438,5105,2026-08-11
5419,2184,5106,2026-08-11
5420,1773,5107,2026-08-11
5421,2185,4403,2026-08-11
5422,2186,5108,2026-08-11
5423,2187,5109,2026-08-11
5424,935,5110,2026-08-11
5425,31,5111,2026-08-11
5426,867,5112,2026-08-11
5427,1073,5113,2026-08-11
5428,2188,5114,2026-08-11
5429,871,5115,2026-08-11
5430,1032,5116,2026-08-11
5431,575,5117,2026-08-11
5432,575,5118,2026-08-11
5433,1949,5119,2026-08-11
5434,2189,5120,2026-08-11
5435,1667,5121,2026-08-11
5436,462,5122,2026-08-11
5437,188,5123,2026-08-11
5438,362,738,2026-08-11
5439,2190,5124,2026-08-11
5440,618,4323,2026-08-11
5441,2191,5125,2026-08-11
5442,2003,5126,2026-08-11
5443,1045,5127,2026-08-11
5444,2192,5128,2026-08-11
5445,384,5129,2026-08-11
5446,1451,5130,2026-08-11
5447,2193,5131,2026-08-11
5448,2193,5132,2026-08-11
5449,815,5133,2026-08-11
5450,815,5134,2026-08-11
5451,815,5135,2026-08-11
5452,2194,5136,2026-08-11
5453,2195,5137,2026-08-11
5454,540,5138,2026-08-11
5455,2196,5139,2026-08-11
5456,253,5140,2026-08-11
5457,298,5141,2026-08-11
5458,695,5142,2026-08-11
5459,893,5143,2026-08-11
5460,1401,5144,2026-08-11
5461,974,5145,2026-08-11
5462,2197,5146,2026-08-11
5463,809,5147,2026-08-11
5464,2198,5148,2026-08-11
5465,808,5149,2026-08-11
5466,1738,5150,2026-08-10
5467,268,5151,2026-08-10
5468,2199,5152,2026-08-10
5469,1738,5153,2026-08-10
5470,2200,5154,2026-08-10
5471,96,5155,2026-08-10
5472,2201,5156,2026-08-10
5473,1214,5157,2026-08-10
5474,32,3602,2026-08-10
5475,1136,5158,2026-08-10
5476,224,5159,2026-08-10
5477,419,5160,2026-08-10
5478,1339,561,2026-08-10
5479,2202,5161,2026-08-10
5480,1765,5162,2026-08-10
5481,1765,5163,2026-08-10
5482,57,5164,2026-08-10
5483,57,5165,2026-08-10
5484,57,5166,2026-08-10
5485,2203,1201,2026-08-10
5486,2204,5167,2026-08-10
5487,2205,5168,2026-08-10
5488,1923,5169,2026-08-10
5489,859,5170,2026-08-10
5490,2206,5171,2026-08-10
5491,34,5172,2026-08-10
5492,737,5173,2026-08-10
5493,2207,5174,2026-08-10
5494,2208,5175,2026-08-10
5495,372,5176,2026-08-10
5496,1986,5177,2026-08-10
5497,1828,5178,2026-08-10
5498,2209,4346,2026-08-10
5499,1738,5179,2026-08-10
5500,2010,5180,2026-08-10
5501,836,5181,2026-08-10
5502,2210,5182,2026-08-10
5503,2211,5183,2026-08-10
5504,2212,5184,2026-08-10
5505,2213,5185,2026-08-10
5506,1802,5186,2026-08-10
5507,1968,5187,2026-08-10
5508,849,5188,2026-08-10
5509,625,5189,2026-08-10
5510,531,5190,2026-08-10
5511,1946,5191,2026-08-10
5512,1946,5192,2026-08-10
5513,136,5193,2026-08-10
5514,913,5194,2026-08-10
5515,1024,5195,2026-08-10
5516,229,5196,2026-08-10
5517,2214,5197,2026-08-10
5518,1005,5198,2026-08-10
5519,925,5199,2026-08-10
5520,711,5200,2026-08-10
5521,430,5201,2026-08-10
5522,1738,5202,2026-08-10
5523,2196,5203,2026-08-10
5524,99,573,2026-08-10
5525,109,5204,2026-08-10
5526,2130,5205,2026-08-10
5527,325,5206,2026-08-10
5528,571,5207,2026-08-10
5529,143,5208,2026-08-10
5530,2215,5209,2026-08-10
5531,250,5210,2026-08-10
5532,2216,5211,2026-08-10
5533,938,657,2026-08-10
5534,248,692,2026-08-10
5535,2217,5212,2026-08-10
5536,38,5213,2026-08-10
5537,2218,5214,2026-08-10
5538,1045,5215,2026-08-10
5539,787,5216,2026-08-10
5540,2219,5217,2026-08-10
5541,649,5218,2026-08-10
5542,218,5219,2026-08-10
5543,2147,5220,2026-08-10
5544,1458,5221,2026-08-10
5545,1274,5222,2026-08-10
5546,1461,5223,2026-08-10
5547,1341,5224,2026-08-10
5548,2118,5225,2026-08-10
5549,374,5226,2026-08-10
5550,1454,5227,2026-08-10
5551,461,5228,2026-08-10
5552,2220,5229,2026-08-10
5553,1136,5230,2026-08-10
5554,1136,5231,2026-08-10
5555,1136,5232,2026-08-10
5556,1912,5233,2026-08-10
5557,1814,5234,2026-08-10
5558,1519,5235,2026-08-10
5559,2221,5236,2026-08-10
5560,592,5237,2026-08-10
5561,1051,5238,2026-08-10
5562,1421,1107,2026-08-10
5563,597,5239,2026-08-10
5564,886,5240,2026-08-10
5565,597,5241,2026-08-10
5566,2222,5242,2026-08-10
5567,163,5243,2026-08-10
5568,2223,5244,2026-08-10
5569,2224,5245,2026-08-10
5570,1621,5246,2026-08-10
5571,1417,3126,2026-08-10
5572,1062,1167,2026-08-10
5573,1631,5247,2026-08-10
5574,326,5248,2026-08-09
5575,925,692,2026-08-09
5576,2225,5249,2026-08-09
5577,565,5250,2026-08-09
5578,2226,5251,2026-08-09
5579,18,5252,2026-08-09
5580,24,5253,2026-08-08
5581,796,5254,2026-08-08
5582,1835,5255,2026-08-08
5583,1195,568,2026-08-08
5584,326,5256,2026-08-08
5585,2227,5257,2026-08-08
5586,1986,5258,2026-08-08
5587,2228,5259,2026-08-08
5588,184,1127,2026-08-08
5589,801,5260,2026-08-08
5590,1834,5261,2026-08-07
5591,1834,5262,2026-08-07
5592,1834,5263,2026-08-07
5593,2229,5264,2026-08-07
5594,1202,5265,2026-08-07
5595,69,5266,2026-08-07
5596,1176,5267,2026-08-07
5597,223,5268,2026-08-07
5598,1728,5269,2026-08-07
5599,2230,5270,2026-08-07
5600,1214,5271,2026-08-07
5601,326,5272,2026-08-07
5602,14,5273,2026-08-07
5603,2231,5274,2026-08-07
5604,14,5275,2026-08-07
5605,398,5276,2026-08-07
5606,2232,5277,2026-08-07
5607,1799,5278,2026-08-07
5608,1895,5279,2026-08-07
5609,1554,5280,2026-08-07
5610,1554,5281,2026-08-07
5611,834,5282,2026-08-07
5612,2233,5283,2026-08-07
5613,1263,5284,2026-08-07
5614,14,5285,2026-08-07
5615,2234,5286,2026-08-07
5616,2235,5287,2026-08-07
5617,633,5288,2026-08-07
5618,2236,5289,2026-08-07
5619,2237,5290,2026-08-07
5620,2233,1159,2026-08-07
5621,197,5291,2026-08-07
5622,306,5292,2026-08-07
5623,1769,5293,2026-08-07
5624,262,5294,2026-08-07
5625,262,1716,2026-08-07
5626,1219,5295,2026-08-07
5627,2238,5296,2026-08-07
5628,1769,5297,2026-08-07
5629,1489,5298,2026-08-07
5630,314,5299,2026-08-07
5631,56,5300,2026-08-07
5632,2239,5301,2026-08-07
5633,2239,5302,2026-08-07
5634,2239,5303,2026-08-07
5635,763,5304,2026-08-07
5636,2240,5305,2026-08-07
5637,2233,5306,2026-08-07
5638,64,5307,2026-08-07
5639,266,2903,2026-08-07
5640,2241,5308,2026-08-07
5641,326,5309,2026-08-07
5642,1082,5310,2026-08-07
5643,1802,5311,2026-08-07
5644,764,5312,2026-08-07
5645,922,5313,2026-08-07
5646,2242,5314,2026-08-07
5647,1214,5315,2026-08-07
5648,1214,5316,2026-08-07
5649,1214,5317,2026-08-07
5650,100,5318,2026-08-07
5651,2243,5319,2026-08-07
5652,1384,4032,2026-08-07
5653,2244,5320,2026-08-07
5654,2245,5321,2026-08-07
5655,307,5322,2026-08-07
5656,851,5323,2026-08-07
5657,2246,5324,2026-08-07
5658,1119,5325,2026-08-07
5659,2226,5326,2026-08-07
5660,324,5327,2026-08-07
5661,324,5328,2026-08-07
5662,324,5329,2026-08-07
5663,324,5330,2026-08-07
5664,324,5331,2026-08-07
5665,324,5332,2026-08-07
5666,324,5333,2026-08-07
5667,324,396,2026-08-07
5668,324,5334,2026-08-07
5669,324,826,2026-08-07
5670,324,5335,2026-08-07
5671,140,5336,2026-08-07
5672,952,5337,2026-08-07
5673,2217,5338,2026-08-07
5674,2112,5339,2026-08-07
5675,36,5340,2026-08-07
5676,2037,5341,2026-08-07
5677,2247,1136,2026-08-07
5678,2248,5342,2026-08-07
5679,1842,5343,2026-08-07
5680,2249,5344,2026-08-07
5681,1227,5345,2026-08-07
5682,1985,5346,2026-08-07
5683,2250,5347,2026-08-07
5684,2251,5348,2026-08-07
5685,1056,5349,2026-08-07
5686,1954,5350,2026-08-07
5687,2252,5351,2026-08-07
5688,1954,5352,2026-08-07
5689,334,5353,2026-08-07
5690,1954,5354,2026-08-07
5691,1954,5355,2026-08-07
5692,2253,5356,2026-08-07
5693,1782,5357,2026-08-07
5694,2254,5358,2026-08-07
5695,473,5359,2026-08-07
5696,1058,5360,2026-08-07
5697,2255,5361,2026-08-07
5698,1528,5362,2026-08-07
5699,531,5363,2026-08-06
5700,36,5364,2026-08-06
5701,1042,5365,2026-08-06
5702,2256,5366,2026-08-06
5703,2256,5367,2026-08-06
5704,2256,5368,2026-08-06
5705,2257,1573,2026-08-06
5706,2010,5369,2026-08-06
5707,82,5370,2026-08-06
5708,2232,5371,2026-08-06
5709,2232,5372,2026-08-06
5710,1581,5373,2026-08-06
5711,1065,5374,2026-08-06
5712,1627,5375,2026-08-06
5713,2258,5376,2026-08-06
5714,715,5377,2026-08-06
5715,121,5378,2026-08-06
5716,1379,1890,2026-08-06
5717,2259,5379,2026-08-06
5718,2148,5380,2026-08-06
5719,326,5381,2026-08-06
5720,735,5382,2026-08-06
5721,1873,5383,2026-08-06
5722,419,5384,2026-08-06
5723,121,5385,2026-08-06
5724,1137,5386,2026-08-06
5725,2260,5387,2026-08-06
5726,86,5164,2026-08-06
5727,27,5388,2026-08-06
5728,1196,5389,2026-08-06
5729,229,3263,2026-08-06
5730,229,5390,2026-08-06
5731,229,5391,2026-08-06
5732,229,5392,2026-08-06
5733,229,5393,2026-08-06
5734,229,5394,2026-08-06
5735,229,5395,2026-08-06
5736,229,5396,2026-08-06
5737,229,5397,2026-08-06
5738,229,5398,2026-08-06
5739,229,5399,2026-08-06
5740,224,5400,2026-08-06
5741,244,5401,2026-08-06
5742,2261,5402,2026-08-06
5743,663,2488,2026-08-06
5744,663,5403,2026-08-06
5745,663,5404,2026-08-06
5746,663,5405,2026-08-06
5747,663,5406,2026-08-06
5748,663,5407,2026-08-06
5749,663,5408,2026-08-06
5750,663,5409,2026-08-06
5751,663,5410,2026-08-06
5752,663,5411,2026-08-06
5753,663,5412,2026-08-06
5754,2262,5413,2026-08-06
5755,14,5414,2026-08-06
5756,640,5415,2026-08-06
5757,387,5416,2026-08-06
5758,678,5357,2026-08-06
5759,325,5417,2026-08-06
5760,1639,5418,2026-08-06
5761,2263,5419,2026-08-06
5762,820,5420,2026-08-06
5763,2264,5421,2026-08-06
5764,1714,5340,2026-08-06
5765,552,5422,2026-08-06
5766,38,5423,2026-08-06
5767,38,3961,2026-08-06
5768,38,5424,2026-08-06
5769,38,5425,2026-08-06
5770,38,5426,2026-08-06
5771,38,5427,2026-08-06
5772,38,5428,2026-08-06
5773,38,5429,2026-08-06
5774,38,5430,2026-08-06
5775,38,5431,2026-08-06
5776,38,5432,2026-08-06
5777,38,5433,2026-08-06
5778,38,5434,2026-08-06
5779,232,5435,2026-08-06
5780,2122,5436,2026-08-06
5781,1235,5437,2026-08-06
5782,726,5438,2026-08-06
5783,2265,5439,2026-08-06
5784,2266,5440,2026-08-06
5785,1761,5441,2026-08-06
5786,325,3861,2026-08-06
5787,88,5442,2026-08-06
5788,36,5443,2026-08-06
5789,2267,5444,2026-08-06
5790,869,5445,2026-08-06
5791,205,5446,2026-08-06
5792,1391,5447,2026-08-06
5793,1276,5448,2026-08-06
5794,1885,5449,2026-08-06
5795,2268,5450,2026-08-06
5796,1666,5451,2026-08-06
5797,2269,5452,2026-08-06
5798,149,5453,2026-08-06
5799,2270,3535,2026-08-06
5800,557,5454,2026-08-06
5801,149,5455,2026-08-06
5802,2062,5456,2026-08-06
5803,2271,5457,2026-08-06
5804,1210,5458,2026-08-06
5805,1101,5459,2026-08-06
5806,831,5460,2026-08-06
5807,676,5461,2026-08-06
5808,547,5462,2026-08-06
5809,956,5463,2026-08-06
5810,2272,5464,2026-08-06
5811,1296,5465,2026-08-06
5812,2273,5466,2026-08-06
5813,148,5467,2026-08-06
5814,1898,5468,2026-08-06
5815,2274,5469,2026-08-06
5816,2062,5470,2026-08-06
5817,2275,5014,2026-08-06
5818,461,5471,2026-08-06
5819,618,5472,2026-08-06
5820,2276,5473,2026-08-06
5821,1238,5474,2026-08-06
5822,2277,5475,2026-08-06
5823,451,5476,2026-08-06
5824,2256,5477,2026-08-06
5825,2149,5478,2026-08-06
5826,75,5479,2026-08-06
5827,2278,5480,2026-08-06
5828,2279,2398,2026-08-06
5829,2280,5481,2026-08-06
5830,1311,919,2026-08-06
5831,587,5482,2026-08-06
5832,589,5483,2026-08-06
5833,1810,5484,2026-08-06
5834,2281,5485,2026-08-06
5835,703,5486,2026-08-06
5836,2282,5487,2026-08-06
5837,2283,5488,2026-08-06
5838,2284,5489,2026-08-06
5839,298,5490,2026-08-05
5840,2285,5491,2026-08-05
5841,361,5492,2026-08-05
5842,361,2010,2026-08-05
5843,100,5493,2026-08-05
5844,2286,5494,2026-08-05
5845,24,5495,2026-08-05
5846,2245,425,2026-08-05
5847,2245,5496,2026-08-05
5848,2245,5497,2026-08-05
5849,2245,5498,2026-08-05
5850,2245,5499,2026-08-05
5851,2245,5500,2026-08-05
5852,2245,5501,2026-08-05
5853,2245,4305,2026-08-05
5854,2245,5502,2026-08-05
5855,2245,5503,2026-08-05
5856,2245,5504,2026-08-05
5857,2245,5505,2026-08-05
5858,2245,5506,2026-08-05
5859,516,5507,2026-08-05
5860,2287,425,2026-08-05
5861,2288,425,2026-08-05
5862,1427,5508,2026-08-05
5863,1910,5509,2026-08-05
5864,549,5510,2026-08-05
5865,246,5511,2026-08-05
5866,1388,5512,2026-08-05
5867,28,5513,2026-08-05
5868,1816,5514,2026-08-05
5869,2289,5515,2026-08-05
5870,21,5516,2026-08-05
5871,1713,5517,2026-08-05
5872,391,5518,2026-08-05
5873,952,5519,2026-08-05
5874,64,5520,2026-08-05
5875,820,5521,2026-08-05
5876,820,5522,2026-08-05
5877,624,5523,2026-08-05
5878,2290,5524,2026-08-05
5879,186,5525,2026-08-05
5880,1481,5526,2026-08-05
5881,326,5527,2026-08-05
5882,298,5528,2026-08-05
5883,2291,5529,2026-08-05
5884,326,5530,2026-08-05
5885,326,5531,2026-08-05
5886,1001,5532,2026-08-05
5887,2292,5533,2026-08-05
5888,2292,5534,2026-08-05
5889,2293,1988,2026-08-05
5890,14,5535,2026-08-05
5891,580,5536,2026-08-05
5892,753,5537,2026-08-05
5893,1353,5538,2026-08-05
5894,731,5539,2026-08-05
5895,2294,5540,2026-08-05
5896,187,1268,2026-08-05
5897,922,5541,2026-08-05
5898,68,5542,2026-08-05
5899,79,5543,2026-08-05
5900,467,5544,2026-08-05
5901,467,5545,2026-08-05
5902,1031,5546,2026-08-05
5903,2295,5547,2026-08-05
5904,1992,5548,2026-08-05
5905,2184,5549,2026-08-05
5906,1627,5550,2026-08-05
5907,1627,5551,2026-08-05
5908,2296,5552,2026-08-05
5909,438,5553,2026-08-05
5910,391,5554,2026-08-05
5911,959,5555,2026-08-05
5912,1582,5556,2026-08-05
5913,2297,5557,2026-08-05
5914,2010,5558,2026-08-05
5915,1559,5559,2026-08-05
5916,2298,3640,2026-08-05
5917,656,5560,2026-08-05
5918,462,5122,2026-08-05
5919,462,5561,2026-08-05
5920,1592,5562,2026-08-05
5921,102,5563,2026-08-05
5922,1532,5564,2026-08-05
5923,791,5565,2026-08-05
5924,791,5566,2026-08-05
5925,791,5567,2026-08-05
5926,1420,5568,2026-08-05
5927,326,5569,2026-08-05
5928,1536,5570,2026-08-05
5929,1536,5571,2026-08-05
5930,1536,5572,2026-08-05
5931,1536,5573,2026-08-05
5932,326,5574,2026-08-05
5933,326,5575,2026-08-05
5934,221,5576,2026-08-05
5935,2299,5577,2026-08-05
5936,1746,5578,2026-08-05
5937,2300,5579,2026-08-05
5938,684,5580,2026-08-05
5939,2301,5581,2026-08-05
5940,2013,5582,2026-08-05
5941,890,5583,2026-08-05
5942,2302,5584,2026-08-05
5943,1308,5585,2026-08-05
5944,184,4981,2026-08-05
5945,811,5586,2026-08-05
5946,2303,5587,2026-08-05
5947,2304,5588,2026-08-05
5948,2305,5448,2026-08-04
5949,111,3716,2026-08-04
5950,111,5589,2026-08-04
5951,111,5590,2026-08-04
5952,1267,5591,2026-08-04
5953,2306,4421,2026-08-04
5954,1863,692,2026-08-04
5955,109,5592,2026-08-04
5956,750,5593,2026-08-04
5957,750,5594,2026-08-04
5958,750,5595,2026-08-04
5959,750,5596,2026-08-04
5960,197,5597,2026-08-04
5961,2307,5598,2026-08-04
5962,2308,5599,2026-08-04
5963,1032,2901,2026-08-04
5964,1824,5600,2026-08-04
5965,2309,5601,2026-08-04
5966,100,5602,2026-08-04
5967,1032,5603,2026-08-04
5968,1032,5604,2026-08-04
5969,1032,5014,2026-08-04
5970,1032,5605,2026-08-04
5971,368,5606,2026-08-04
5972,1495,5607,2026-08-04
5973,100,5608,2026-08-04
5974,2148,5609,2026-08-04
5975,2310,5289,2026-08-04
5976,565,5610,2026-08-04
5977,2311,2010,2026-08-04
5978,241,5611,2026-08-04
5979,469,5612,2026-08-04
5980,1802,5613,2026-08-04
5981,1802,5614,2026-08-04
5982,1802,5615,2026-08-04
5983,1802,5616,2026-08-04
5984,1024,5617,2026-08-04
5985,1666,5618,2026-08-04
5986,1736,3640,2026-08-04
5987,2312,5619,2026-08-04
5988,75,5620,2026-08-04
5989,2215,5621,2026-08-04
5990,2313,5622,2026-08-04
5991,1489,5623,2026-08-04
5992,1489,5624,2026-08-04
5993,834,2274,2026-08-04
5994,1085,5625,2026-08-04
5995,2211,5626,2026-08-04
5996,683,5627,2026-08-04
5997,2314,5628,2026-08-04
5998,326,5629,2026-08-04
5999,2315,5630,2026-08-04
6000,2184,5631,2026-08-04
6001,1112,5632,2026-08-04
6002,34,5633,2026-08-04
6003,764,5634,2026-08-04
6004,2316,5635,2026-08-04
6005,2317,5636,2026-08-04
6006,100,5637,2026-08-04
6007,1690,5638,2026-08-04
6008,956,5639,2026-08-04
6009,201,5640,2026-08-04
6010,2318,5641,2026-08-04
6011,461,5642,2026-08-04
6012,726,5643,2026-08-04
6013,1167,5644,2026-08-04
6014,1106,5645,2026-08-04
6015,1276,5646,2026-08-04
6016,1106,5647,2026-08-04
6017,1106,5648,2026-08-04
6018,100,5649,2026-08-04
6019,2319,5650,2026-08-04
6020,571,5651,2026-08-04
6021,248,5652,2026-08-04
6022,248,5653,2026-08-04
6023,248,5654,2026-08-04
6024,248,5655,2026-08-04
6025,1284,5656,2026-08-04
6026,2320,5657,2026-08-04
6027,451,5658,2026-08-04
6028,1805,5659,2026-08-04
6029,2321,5660,2026-08-04
6030,1346,5661,2026-08-04
6031,52,1378,2026-08-04
6032,461,5662,2026-08-04
6033,577,5663,2026-08-04
6034,2194,5664,2026-08-04
6035,2322,5665,2026-08-04
6036,1066,5666,2026-08-04
6037,1164,657,2026-08-04
6038,460,5667,2026-08-04
6039,325,5668,2026-08-04
6040,325,5669,2026-08-04
6041,325,5670,2026-08-04
6042,2323,5671,2026-08-04
6043,2324,5672,2026-08-04
6044,531,5673,2026-08-04
6045,531,5674,2026-08-04
6046,531,5675,2026-08-04
6047,1656,2731,2026-08-04
6048,47,59,2026-08-04
6049,307,436,2026-08-04
6050,268,5676,2026-08-04
6051,268,5677,2026-08-04
6052,268,5678,2026-08-04
6053,268,5679,2026-08-04
6054,756,5680,2026-08-04
6055,221,5681,2026-08-04
6056,221,5682,2026-08-04
6057,221,2903,2026-08-04
6058,221,5683,2026-08-04
6059,221,5684,2026-08-04
6060,221,5685,2026-08-04
6061,221,5686,2026-08-04
6062,221,1201,2026-08-04
6063,1472,1744,2026-08-04
6064,1310,5687,2026-08-04
6065,2114,5688,2026-08-04
6066,897,5689,2026-08-04
6067,1519,5690,2026-08-04
6068,485,5691,2026-08-04
6069,1311,5692,2026-08-04
6070,2325,5693,2026-08-04
6071,167,5694,2026-08-04
6072,893,5695,2026-08-04
6073,1958,5696,2026-08-04
6074,1879,5697,2026-08-04
6075,2071,5698,2026-08-04
6076,2326,5699,2026-08-04
6077,326,5700,2026-08-03
6078,577,5701,2026-08-03
6079,2327,1890,2026-08-03
6080,69,5702,2026-08-03
6081,69,5703,2026-08-03
6082,69,5704,2026-08-03
6083,69,5705,2026-08-03
6084,69,5706,2026-08-03
6085,876,5707,2026-08-03
6086,876,5708,2026-08-03
6087,264,5709,2026-08-03
6088,533,5710,2026-08-03
6089,533,5711,2026-08-03
6090,100,5712,2026-08-03
6091,730,5713,2026-08-03
6092,391,5714,2026-08-03
6093,2328,5715,2026-08-03
6094,2328,5716,2026-08-03
6095,2328,5717,2026-08-03
6096,944,5718,2026-08-03
6097,1866,5719,2026-08-03
6098,2329,5720,2026-08-03
6099,143,5721,2026-08-03
6100,143,5722,2026-08-03
6101,143,5723,2026-08-03
6102,143,5724,2026-08-03
6103,2330,5725,2026-08-03
6104,2330,5726,2026-08-03
6105,726,5727,2026-08-03
6106,1164,5728,2026-08-03
6107,1164,5729,2026-08-03
6108,845,1937,2026-08-03
6109,2103,5730,2026-08-03
6110,821,332,2026-08-03
6111,212,3329,2026-08-03
6112,2331,5731,2026-08-03
6113,1107,5732,2026-08-03
6114,1107,5733,2026-08-03
6115,2145,5734,2026-08-03
6116,1819,692,2026-08-03
6117,186,5735,2026-08-03
6118,820,5736,2026-08-03
6119,820,5737,2026-08-03
6120,571,5738,2026-08-03
6121,737,5739,2026-08-03
6122,737,5740,2026-08-03
6123,737,5741,2026-08-03
6124,228,5742,2026-08-03
6125,109,5743,2026-08-03
6126,1138,5744,2026-08-03
6127,1286,5745,2026-08-03
6128,1217,5746,2026-08-03
6129,190,71,2026-08-03
6130,1005,1744,2026-08-03
6131,2332,5747,2026-08-03
6132,562,5748,2026-08-03
6133,468,5749,2026-08-03
6134,2064,5750,2026-08-03
6135,927,5751,2026-08-03
6136,2333,5752,2026-08-03
6137,326,5753,2026-08-03
6138,2334,5754,2026-08-03
6139,834,5755,2026-08-03
6140,834,5756,2026-08-03
6141,834,5757,2026-08-03
6142,1626,3163,2026-08-03
6143,1550,5758,2026-08-03
6144,1497,5759,2026-08-03
6145,2335,5760,2026-08-03
6146,2336,5761,2026-08-03
6147,941,5762,2026-08-03
6148,1894,5763,2026-08-03
6149,519,5764,2026-08-03
6150,1389,5765,2026-08-03
6151,298,5766,2026-08-03
6152,1738,5767,2026-08-03
6153,2060,5768,2026-08-03
6154,1345,5769,2026-08-03
6155,1219,5770,2026-08-03
6156,2337,5771,2026-08-03
6157,114,4114,2026-08-03
6158,764,5772,2026-08-03
6159,2338,5773,2026-08-03
6160,935,5774,2026-08-03
6161,577,5775,2026-08-03
6162,162,5776,2026-08-03
6163,2339,5777,2026-08-03
6164,2340,5778,2026-08-03
6165,1358,5779,2026-08-03
6166,2013,5780,2026-08-03
6167,2013,5781,2026-08-03
6168,2013,5782,2026-08-03
6169,2013,1026,2026-08-03
6170,2013,1201,2026-08-03
6171,2013,5783,2026-08-03
6172,2341,5784,2026-08-03
6173,2342,5785,2026-08-03
6174,591,5786,2026-08-03
6175,1571,5787,2026-08-03
6176,1313,1136,2026-08-03
6177,1258,5788,2026-08-03
6178,2343,5789,2026-08-02
6179,2343,5790,2026-08-02
6180,2343,5791,2026-08-02
6181,2343,5792,2026-08-02
6182,577,5793,2026-08-02
6183,2147,5794,2026-08-02
6184,1237,5795,2026-08-02
6185,2243,5796,2026-08-02
6186,2344,5797,2026-08-02
6187,2345,5798,2026-08-01
6188,34,5799,2026-08-01
6189,364,5800,2026-08-01
6190,2112,5801,2026-08-01
6191,235,5802,2026-08-01
6192,2346,5803,2026-08-01
6193,529,5804,2026-07-31
6194,2246,5805,2026-07-31
6195,2347,5806,2026-07-31
6196,2347,5807,2026-07-31
6197,2348,5808,2026-07-31
6198,797,5809,2026-07-31
6199,2349,5810,2026-07-31
6200,64,4692,2026-07-31
6201,2350,2573,2026-07-31
6202,549,5811,2026-07-31
6203,549,5812,2026-07-31
6204,549,5813,2026-07-31
6205,549,5814,2026-07-31
6206,1761,5815,2026-07-31
6207,2351,5816,2026-07-31
6208,2352,3401,2026-07-31
6209,2353,5817,2026-07-31
6210,1445,5818,2026-07-31
6211,1445,5819,2026-07-31
6212,1445,5820,2026-07-31
6213,1445,5821,2026-07-31
6214,1445,5822,2026-07-31
6215,1445,5823,2026-07-31
6216,1445,5824,2026-07-31
6217,1445,5825,2026-07-31
6218,372,5826,2026-07-31
6219,372,5827,2026-07-31
6220,1944,5828,2026-07-31
6221,1531,5829,2026-07-31
6222,194,5830,2026-07-31
6223,2147,5831,2026-07-31
6224,2147,5832,2026-07-31
6225,2147,5833,2026-07-31
6226,2147,5834,2026-07-31
6227,2354,5835,2026-07-31
6228,223,5836,2026-07-31
6229,2355,5837,2026-07-31
6230,2356,5838,2026-07-31
6231,2356,5839,2026-07-31
6232,2356,5840,2026-07-31
6233,2357,5841,2026-07-31
6234,683,5842,2026-07-31
6235,504,5843,2026-07-31
6236,854,5844,2026-07-31
6237,2358,5845,2026-07-31
6238,756,5846,2026-07-31
6239,1816,5847,2026-07-31
6240,2359,5848,2026-07-31
6241,2360,5849,2026-07-31
6242,1898,5850,2026-07-31
6243,726,5851,2026-07-31
6244,52,1378,2026-07-31
6245,52,4234,2026-07-31
6246,52,5852,2026-07-31
6247,52,5853,2026-07-31
6248,2361,5854,2026-07-31
6249,223,5855,2026-07-31
6250,97,5856,2026-07-31
6251,240,5857,2026-07-31
6252,240,826,2026-07-31
6253,2083,5858,2026-07-31
6254,1044,5859,2026-07-31
6255,1044,5860,2026-07-31
6256,461,5861,2026-07-31
6257,1044,5862,2026-07-31
6258,1044,5863,2026-07-31
6259,1044,5864,2026-07-31
6260,461,3494,2026-07-31
6261,1044,5865,2026-07-31
6262,461,5866,2026-07-31
6263,461,5867,2026-07-31
6264,1044,5868,2026-07-31
6265,2362,5869,2026-07-31
6266,1294,5870,2026-07-31
6267,455,662,2026-07-31
6268,2246,5871,2026-07-31
6269,2363,5872,2026-07-31
6270,796,5873,2026-07-31
6271,1799,5874,2026-07-31
6272,1977,5875,2026-07-31
6273,703,5876,2026-07-31
6274,984,5877,2026-07-31
6275,810,5878,2026-07-31
6276,2364,5879,2026-07-31
6277,2365,497,2026-07-31
6278,1524,5880,2026-07-31
6279,2366,5881,2026-07-31
6280,475,5882,2026-07-31
6281,1640,5883,2026-07-31
6282,1298,661,2026-07-30
6283,1260,5884,2026-07-30
6284,753,5885,2026-07-30
6285,2367,5886,2026-07-30
6286,625,5887,2026-07-30
6287,2368,738,2026-07-30
6288,1120,1271,2026-07-30
6289,14,5888,2026-07-30
6290,2119,5889,2026-07-30
6291,1232,5890,2026-07-30
6292,578,5891,2026-07-30
6293,1431,5892,2026-07-30
6294,731,692,2026-07-30
6295,217,5893,2026-07-30
6296,243,5894,2026-07-30
6297,1100,5895,2026-07-30
6298,1100,5896,2026-07-30
6299,1100,5897,2026-07-30
6300,1373,5898,2026-07-30
6301,1373,5899,2026-07-30
6302,1373,5900,2026-07-30
6303,1373,5901,2026-07-30
6304,1373,5902,2026-07-30
6305,1373,5903,2026-07-30
6306,1373,5904,2026-07-30
6307,1373,5905,2026-07-30
6308,1373,5906,2026-07-30
6309,1373,5907,2026-07-30
6310,1373,5908,2026-07-30
6311,1373,5909,2026-07-30
6312,1910,4092,2026-07-30
6313,1965,5910,2026-07-30
6314,1070,5911,2026-07-30
6315,2369,5912,2026-07-30
6316,148,5913,2026-07-30
6317,1681,4032,2026-07-30
6318,425,5914,2026-07-30
6319,633,5915,2026-07-30
6320,1158,5916,2026-07-30
6321,2370,5917,2026-07-30
6322,1066,5918,2026-07-30
6323,747,5919,2026-07-30
6324,1150,5920,2026-07-30
6325,1697,5921,2026-07-30
6326,2021,5922,2026-07-30
6327,2021,5923,2026-07-30
6328,2021,5924,2026-07-30
6329,2021,5925,2026-07-30
6330,2021,5926,2026-07-30
6331,2021,5927,2026-07-30
6332,2021,1951,2026-07-30
6333,223,5928,2026-07-30
6334,234,5929,2026-07-30
6335,234,5930,2026-07-30
6336,2371,2458,2026-07-30
6337,99,5931,2026-07-30
6338,944,2458,2026-07-30
6339,770,5932,2026-07-30
6340,34,5933,2026-07-30
6341,1919,5934,2026-07-30
6342,2372,5935,2026-07-30
6343,952,5936,2026-07-30
6344,444,5937,2026-07-30
6345,2373,5938,2026-07-30
6346,443,5939,2026-07-30
6347,448,5940,2026-07-30
6348,1045,5941,2026-07-30
6349,658,5942,2026-07-30
6350,2373,5943,2026-07-30
6351,2374,5944,2026-07-30
6352,64,5945,2026-07-30
6353,2244,5946,2026-07-30
6354,250,5947,2026-07-30
6355,2275,3802,2026-07-30
6356,187,5948,2026-07-30
6357,1316,5949,2026-07-30
6358,1915,5950,2026-07-30
6359,473,5359,2026-07-30
6360,490,5951,2026-07-30
6361,1132,692,2026-07-30
6362,1809,5952,2026-07-30
6363,2375,5953,2026-07-30
6364,2376,5954,2026-07-30
6365,1360,5955,2026-07-30
6366,2377,5956,2026-07-30
6367,1612,1154,2026-07-30
6368,1472,5957,2026-07-30
6369,349,5958,2026-07-30
6370,986,5959,2026-07-30
6371,1675,5960,2026-07-30
6372,1907,5961,2026-07-30
6373,2136,5962,2026-07-29
6374,2136,5963,2026-07-29
6375,520,5964,2026-07-29
6376,2378,5965,2026-07-29
6377,2379,5966,2026-07-29
6378,2380,5967,2026-07-29
6379,2381,5968,2026-07-29
6380,2382,5969,2026-07-29
6381,1414,1813,2026-07-29
6382,240,5970,2026-07-29
6383,241,5971,2026-07-29
6384,936,5972,2026-07-29
6385,241,5973,2026-07-29
6386,2383,5974,2026-07-29
6387,2384,5975,2026-07-29
6388,2384,5976,2026-07-29
6389,770,5977,2026-07-29
6390,1174,5978,2026-07-29
6391,578,5979,2026-07-29
6392,326,5980,2026-07-29
6393,326,5981,2026-07-29
6394,2385,5982,2026-07-29
6395,1286,5983,2026-07-29
6396,2386,5984,2026-07-29
6397,326,5985,2026-07-29
6398,18,5986,2026-07-29
6399,64,5987,2026-07-29
6400,563,5988,2026-07-29
6401,1714,5989,2026-07-29
6402,884,5990,2026-07-29
6403,905,5991,2026-07-29
6404,770,5992,2026-07-29
6405,1040,5993,2026-07-29
6406,113,5994,2026-07-29
6407,2387,396,2026-07-29
6408,617,5995,2026-07-29
6409,617,5996,2026-07-29
6410,2388,5997,2026-07-29
6411,1452,661,2026-07-29
6412,138,5998,2026-07-29
6413,2389,5999,2026-07-29
6414,2390,6000,2026-07-29
6415,2391,6001,2026-07-29
6416,302,4531,2026-07-29
6417,673,6002,2026-07-29
6418,2392,6003,2026-07-29
6419,2151,6004,2026-07-29
6420,2393,6005,2026-07-29
6421,409,6006,2026-07-29
6422,140,6007,2026-07-29
6423,140,6008,2026-07-29
6424,140,6009,2026-07-29
6425,140,6010,2026-07-29
6426,140,6011,2026-07-29
6427,2037,6012,2026-07-29
6428,671,6013,2026-07-29
6429,2394,6014,2026-07-29
6430,1592,6015,2026-07-29
6431,2296,6016,2026-07-29
6432,2296,6017,2026-07-29
6433,2395,6018,2026-07-29
6434,2183,6019,2026-07-29
6435,307,6020,2026-07-29
6436,2275,475,2026-07-29
6437,583,6021,2026-07-29
6438,182,6022,2026-07-29
6439,1983,6023,2026-07-29
6440,1361,6024,2026-07-29
6441,2396,6025,2026-07-29
6442,2341,6026,2026-07-29
6443,2281,6027,2026-07-29
6444,2397,6028,2026-07-29
6445,2398,923,2026-07-29
6446,976,6029,2026-07-29
6447,896,6030,2026-07-29
6448,2399,6031,2026-07-29
6449,326,6032,2026-07-28
6450,1513,6033,2026-07-28
6451,562,6034,2026-07-28
6452,562,6035,2026-07-28
6453,2101,6036,2026-07-28
6454,1734,6037,2026-07-28
6455,1024,6038,2026-07-28
6456,613,6039,2026-07-28
6457,2227,6040,2026-07-28
6458,1024,6041,2026-07-28
6459,1686,5764,2026-07-28
6460,2400,6042,2026-07-28
6461,796,3243,2026-07-28
6462,387,6043,2026-07-28
6463,387,6044,2026-07-28
6464,513,6045,2026-07-28
6465,1232,6046,2026-07-28
6466,1860,6047,2026-07-28
6467,400,6048,2026-07-28
6468,927,2398,2026-07-28
6469,1923,6049,2026-07-28
6470,2209,6050,2026-07-28
6471,2401,6051,2026-07-28
6472,313,6052,2026-07-28
6473,1216,6053,2026-07-28
6474,1148,6054,2026-07-28
6475,877,6055,2026-07-28
6476,299,6056,2026-07-28
6477,1500,6057,2026-07-28
6478,2402,657,2026-07-28
6479,217,6058,2026-07-28
6480,1692,6059,2026-07-28
6481,1414,6060,2026-07-28
6482,2403,6061,2026-07-28
6483,1348,6062,2026-07-28
6484,1245,6063,2026-07-28
6485,538,6064,2026-07-28
6486,2404,6065,2026-07-28
6487,1005,4129,2026-07-28
6488,2405,6066,2026-07-28
6489,1070,6067,2026-07-28
6490,2406,5005,2026-07-28
6491,421,6068,2026-07-28
6492,589,6069,2026-07-28
6493,689,6070,2026-07-28
6494,2280,6071,2026-07-28
6495,489,6072,2026-07-28
6496,489,6073,2026-07-28
6497,1933,6074,2026-07-28
6498,589,6075,2026-07-28
6499,173,6076,2026-07-28
6500,224,6077,2026-07-27
6501,683,6078,2026-07-27
6502,2407,2458,2026-07-27
6503,1374,6079,2026-07-27
6504,197,4177,2026-07-27
6505,2408,6080,2026-07-27
6506,1087,6081,2026-07-27
6507,1074,6082,2026-07-27
6508,636,6083,2026-07-27
6509,525,6084,2026-07-27
6510,525,6085,2026-07-27
6511,1138,6086,2026-07-27
6512,2409,738,2026-07-27
6513,223,6087,2026-07-27
6514,223,6088,2026-07-27
6515,223,6089,2026-07-27
6516,625,6090,2026-07-27
6517,1589,3215,2026-07-27
6518,1690,6091,2026-07-27
6519,228,690,2026-07-27
6520,1910,6092,2026-07-27
6521,227,6093,2026-07-27
6522,530,6094,2026-07-27
6523,640,5558,2026-07-27
6524,246,6095,2026-07-27
6525,1048,6096,2026-07-27
6526,707,3955,2026-07-27
6527,731,6097,2026-07-27
6528,625,6098,2026-07-27
6529,625,6099,2026-07-27
6530,1366,6100,2026-07-27
6531,259,6101,2026-07-27
6532,1285,6102,2026-07-27
6533,1344,6103,2026-07-27
6534,2229,6104,2026-07-27
6535,772,6105,2026-07-27
6536,772,6106,2026-07-27
6537,772,6107,2026-07-27
6538,772,6108,2026-07-27
6539,1146,6109,2026-07-27
6540,633,6110,2026-07-27
6541,2410,1312,2026-07-27
6542,506,6111,2026-07-27
6543,506,6112,2026-07-27
6544,2229,6113,2026-07-27
6545,29,6114,2026-07-27
6546,29,6115,2026-07-27
6547,29,6116,2026-07-27
6548,29,6117,2026-07-27
6549,1101,6118,2026-07-27
6550,852,1951,2026-07-27
6551,1119,6119,2026-07-27
6552,711,6120,2026-07-27
6553,2109,6121,2026-07-27
6554,1459,6122,2026-07-27
6555,2411,6123,2026-07-27
6556,1950,6124,2026-07-27
6557,211,6125,2026-07-27
6558,461,6126,2026-07-27
6559,461,6127,2026-07-27
6560,480,6128,2026-07-27
6561,1127,6129,2026-07-27
6562,1050,6130,2026-07-27
6563,2300,6131,2026-07-27
6564,1744,6132,2026-07-27
6565,892,6133,2026-07-27
6566,984,3972,2026-07-27
6567,1677,6134,2026-07-27
6568,2412,6135,2026-07-27
6569,1089,6136,2026-07-26
6570,1162,6137,2026-07-26
6571,2413,6138,2026-07-26
6572,310,6139,2026-07-26
6573,310,6140,2026-07-26
6574,468,6141,2026-07-26
6575,588,6142,2026-07-26
6576,698,6143,2026-07-26
6577,468,6144,2026-07-25
6578,468,6145,2026-07-25
6579,468,6146,2026-07-25
6580,421,6147,2026-07-25
6581,1272,6148,2026-07-24
6582,2414,6149,2026-07-24
6583,2415,6150,2026-07-24
6584,1670,6151,2026-07-24
6585,730,6152,2026-07-24
6586,1087,6153,2026-07-24
6587,1087,6154,2026-07-24
6588,1087,6155,2026-07-24
6589,2416,6156,2026-07-24
6590,326,6157,2026-07-24
6591,326,6158,2026-07-24
6592,326,6159,2026-07-24
6593,326,6160,2026-07-24
6594,326,6161,2026-07-24
6595,326,6162,2026-07-24
6596,326,6163,2026-07-24
6597,326,6164,2026-07-24
6598,326,6165,2026-07-24
6599,326,6166,2026-07-24
6600,326,6167,2026-07-24
6601,326,6168,2026-07-24
6602,326,6169,2026-07-24
6603,326,6170,2026-07-24
6604,326,6171,2026-07-24
6605,326,6172,2026-07-24
6606,326,6173,2026-07-24
6607,326,6174,2026-07-24
6608,326,6175,2026-07-24
6609,326,6176,2026-07-24
6610,326,6177,2026-07-24
6611,326,6178,2026-07-24
6612,326,6179,2026-07-24
6613,326,6180,2026-07-24
6614,326,6181,2026-07-24
6615,326,6182,2026-07-24
6616,326,6183,2026-07-24
6617,326,6184,2026-07-24
6618,326,6185,2026-07-24
6619,326,6186,2026-07-24
6620,326,6187,2026-07-24
6621,326,6188,2026-07-24
6622,326,6189,2026-07-24
6623,326,6190,2026-07-24
6624,326,6191,2026-07-24
6625,326,6192,2026-07-24
6626,326,6193,2026-07-24
6627,326,6194,2026-07-24
6628,326,6195,2026-07-24
6629,326,6196,2026-07-24
6630,326,6197,2026-07-24
6631,326,6198,2026-07-24
6632,326,6199,2026-07-24
6633,326,6200,2026-07-24
6634,326,6201,2026-07-24
6635,326,6202,2026-07-24
6636,326,6203,2026-07-24
6637,326,6204,2026-07-24
6638,326,6205,2026-07-24
6639,326,6206,2026-07-24
6640,326,6207,2026-07-24
6641,2417,5372,2026-07-24
6642,633,6110,2026-07-24
6643,633,6208,2026-07-24
6644,822,6209,2026-07-24
6645,2102,6210,2026-07-24
6646,2297,6211,2026-07-24
6647,1723,6212,2026-07-24
6648,2418,6213,2026-07-24
6649,1277,6214,2026-07-24
6650,2419,6215,2026-07-24
6651,1288,6216,2026-07-24
6652,2420,6217,2026-07-24
6653,2421,3856,2026-07-24
6654,18,6218,2026-07-24
6655,2422,6219,2026-07-24
6656,2277,6220,2026-07-24
6657,2277,6221,2026-07-24
6658,2277,6222,2026-07-24
6659,2171,6223,2026-07-24
6660,2423,6224,2026-07-24
6661,2423,6225,2026-07-24
6662,1896,6226,2026-07-24
6663,99,6227,2026-07-24
6664,1344,6228,2026-07-24
6665,99,6229,2026-07-24
6666,2200,6230,2026-07-24
6667,2165,6231,2026-07-24
6668,2200,6232,2026-07-24
6669,1667,6233,2026-07-24
6670,300,6234,2026-07-24
6671,823,6235,2026-07-24
6672,2424,6236,2026-07-24
6673,307,6237,2026-07-24
6674,2425,6238,2026-07-24
6675,1024,6239,2026-07-24
6676,2424,6240,2026-07-24
6677,612,6241,2026-07-24
6678,870,6242,2026-07-24
6679,2426,6243,2026-07-24
6680,173,6244,2026-07-24
6681,2114,6245,2026-07-24
6682,2427,6246,2026-07-24
6683,2428,6247,2026-07-23
6684,2429,6248,2026-07-23
6685,1937,6249,2026-07-23
6686,1119,6250,2026-07-23
6687,645,6251,2026-07-23
6688,1278,6252,2026-07-23
6689,1584,6253,2026-07-23
6690,32,6254,2026-07-23
6691,1584,6255,2026-07-23
6692,75,6256,2026-07-23
6693,529,6257,2026-07-23
6694,2430,6258,2026-07-23
6695,2431,6259,2026-07-23
6696,2201,6260,2026-07-23
6697,1670,6261,2026-07-23
6698,796,6262,2026-07-23
6699,2432,3640,2026-07-23
6700,1692,6263,2026-07-23
6701,1692,6264,2026-07-23
6702,1692,265,2026-07-23
6703,1692,1201,2026-07-23
6704,1692,6265,2026-07-23
6705,1692,6266,2026-07-23
6706,1018,6267,2026-07-23
6707,1383,6268,2026-07-23
6708,1500,551,2026-07-23
6709,2180,6269,2026-07-23
6710,1839,6270,2026-07-23
6711,2382,6271,2026-07-23
6712,1105,6272,2026-07-23
6713,756,6273,2026-07-23
6714,2062,6274,2026-07-23
6715,2433,6275,2026-07-23
6716,625,6276,2026-07-23
6717,201,668,2026-07-23
6718,1601,6277,2026-07-23
6719,2355,6278,2026-07-23
6720,64,176,2026-07-23
6721,2434,6279,2026-07-23
6722,2061,6280,2026-07-23
6723,2435,6281,2026-07-23
6724,571,6282,2026-07-23
6725,1456,5886,2026-07-23
6726,1281,6283,2026-07-23
6727,716,6284,2026-07-23
6728,2436,6285,2026-07-23
6729,241,6286,2026-07-23
6730,1810,6287,2026-07-23
6731,690,6288,2026-07-23
6732,2437,6289,2026-07-23
6733,2438,6290,2026-07-23
6734,589,6291,2026-07-23
6735,333,6292,2026-07-23
6736,485,6293,2026-07-23
6737,1677,6294,2026-07-23
6738,1545,6295,2026-07-22
6739,1550,6296,2026-07-22
6740,2439,3856,2026-07-22
6741,14,6297,2026-07-22
6742,1345,6298,2026-07-22
6743,2440,6299,2026-07-22
6744,2441,6300,2026-07-22
6745,2442,6301,2026-07-22
6746,2442,6302,2026-07-22
6747,1910,6303,2026-07-22
6748,831,6304,2026-07-22
6749,831,6305,2026-07-22
6750,831,6306,2026-07-22
6751,831,6307,2026-07-22
6752,831,6308,2026-07-22
6753,2443,6309,2026-07-22
6754,2345,6310,2026-07-22
6755,1375,6311,2026-07-22
6756,18,6312,2026-07-22
6757,2444,6313,2026-07-22
6758,2445,6314,2026-07-22
6759,241,396,2026-07-22
6760,2446,1213,2026-07-22
6761,1266,6315,2026-07-22
6762,2447,6316,2026-07-22
6763,647,6317,2026-07-22
6764,468,6318,2026-07-22
6765,1690,6319,2026-07-22
6766,18,6320,2026-07-22
6767,362,6321,2026-07-22
6768,1876,6322,2026-07-22
6769,2448,6323,2026-07-22
6770,2449,6324,2026-07-22
6771,2316,6325,2026-07-22
6772,764,6326,2026-07-22
6773,1019,6327,2026-07-22
6774,2037,6328,2026-07-22
6775,2450,6329,2026-07-22
6776,2451,6330,2026-07-22
6777,2010,6331,2026-07-22
6778,2010,6332,2026-07-22
6779,2010,6333,2026-07-22
6780,2010,3475,2026-07-22
6781,957,6334,2026-07-22
6782,559,6335,2026-07-22
6783,577,6336,2026-07-22
6784,1041,6337,2026-07-22
6785,1041,6338,2026-07-22
6786,470,6339,2026-07-22
6787,950,6340,2026-07-22
6788,2452,6341,2026-07-22
6789,882,2458,2026-07-22
6790,716,6342,2026-07-22
6791,716,6343,2026-07-22
6792,2453,6344,2026-07-22
6793,1962,6345,2026-07-22
6794,1050,6346,2026-07-22
6795,2454,6347,2026-07-22
6796,1611,6348,2026-07-22
6797,1810,6349,2026-07-22
6798,2455,6350,2026-07-22
6799,2456,6351,2026-07-22
6800,1473,6352,2026-07-22
6801,1361,6353,2026-07-22
6802,2457,6354,2026-07-21
6803,1377,6355,2026-07-21
6804,74,6356,2026-07-21
6805,387,6357,2026-07-21
6806,2458,6358,2026-07-21
6807,2389,6359,2026-07-21
6808,2459,6360,2026-07-21
6809,186,6361,2026-07-21
6810,148,4824,2026-07-21
6811,438,6362,2026-07-21
6812,2460,6363,2026-07-21
6813,554,6364,2026-07-21
6814,2461,6365,2026-07-21
6815,86,6366,2026-07-21
6816,2462,3285,2026-07-21
6817,419,6367,2026-07-21
6818,2227,6368,2026-07-21
6819,2463,4032,2026-07-21
6820,2233,6369,2026-07-21
6821,75,6370,2026-07-21
6822,75,6371,2026-07-21
6823,75,6372,2026-07-21
6824,2464,6373,2026-07-21
6825,412,6374,2026-07-21
6826,2465,6375,2026-07-21
6827,1499,6376,2026-07-21
6828,419,6377,2026-07-21
6829,2466,6378,2026-07-21
6830,608,5218,2026-07-21
6831,2467,6379,2026-07-21
6832,96,6380,2026-07-21
6833,1345,6381,2026-07-21
6834,387,6382,2026-07-21
6835,2468,1573,2026-07-21
6836,2469,6383,2026-07-21
6837,399,6384,2026-07-21
6838,2470,6385,2026-07-21
6839,2470,6386,2026-07-21
6840,838,6387,2026-07-21
6841,135,6388,2026-07-21
6842,2062,6389,2026-07-21
6843,281,1573,2026-07-21
6844,771,6390,2026-07-21
6845,310,6391,2026-07-21
6846,301,6392,2026-07-21
6847,2471,6393,2026-07-21
6848,2471,6394,2026-07-21
6849,2471,6395,2026-07-21
6850,578,6396,2026-07-21
6851,864,6397,2026-07-21
6852,1045,6398,2026-07-21
6853,1880,6399,2026-07-21
6854,2472,6400,2026-07-21
6855,2473,6401,2026-07-21
6856,2457,6402,2026-07-21
6857,171,6403,2026-07-21
6858,1358,6404,2026-07-21
6859,892,6405,2026-07-21
6860,2474,6406,2026-07-21
6861,887,6407,2026-07-21
6862,2475,6408,2026-07-21
6863,1814,6409,2026-07-21
6864,1257,6410,2026-07-21
6865,2046,6411,2026-07-21
6866,1589,6412,2026-07-20
6867,731,6413,2026-07-20
6868,2414,6414,2026-07-20
6869,2306,6415,2026-07-20
6870,236,6416,2026-07-20
6871,2476,6417,2026-07-20
6872,2477,668,2026-07-20
6873,241,6418,2026-07-20
6874,241,6419,2026-07-20
6875,241,6420,2026-07-20
6876,241,6421,2026-07-20
6877,241,6422,2026-07-20
6878,241,6423,2026-07-20
6879,241,6424,2026-07-20
6880,241,6425,2026-07-20
6881,241,6426,2026-07-20
6882,753,6427,2026-07-20
6883,109,6428,2026-07-20
6884,205,6429,2026-07-20
6885,2132,6430,2026-07-20
6886,209,6431,2026-07-20
6887,2478,6432,2026-07-20
6888,31,6433,2026-07-20
6889,870,6434,2026-07-20
6890,1985,6435,2026-07-20
6891,1219,6436,2026-07-20
6892,2479,6437,2026-07-20
6893,539,6438,2026-07-20
6894,730,6439,2026-07-20
6895,730,6440,2026-07-20
6896,310,6441,2026-07-20
6897,365,6442,2026-07-20
6898,505,6443,2026-07-20
6899,1638,6444,2026-07-20
6900,295,6445,2026-07-20
6901,2480,6446,2026-07-20
6902,121,6447,2026-07-20
6903,362,6448,2026-07-20
6904,249,6449,2026-07-20
6905,1389,6450,2026-07-20
6906,558,6451,2026-07-20
6907,2481,6452,2026-07-20
6908,2008,738,2026-07-20
6909,365,6453,2026-07-20
6910,795,6454,2026-07-20
6911,2085,2008,2026-07-20
6912,2482,6455,2026-07-20
6913,1811,6456,2026-07-20
6914,2483,6457,2026-07-20
6915,1398,6458,2026-07-20
6916,2484,6459,2026-07-20
6917,800,6460,2026-07-20
6918,473,6461,2026-07-20
6919,2485,6462,2026-07-20
6920,1057,3277,2026-07-20
6921,2486,6463,2026-07-20
6922,491,6464,2026-07-20
6923,1321,1107,2026-07-19
6924,2075,332,2026-07-19
6925,730,6465,2026-07-19
6926,2461,6466,2026-07-19
6927,167,6467,2026-07-19
6928,2487,6468,2026-07-19
6929,1056,6469,2026-07-19
6930,1870,2183,2026-07-18
6931,1638,6470,2026-07-17
6932,1638,6471,2026-07-17
6933,917,6472,2026-07-17
6934,392,6473,2026-07-17
6935,964,6474,2026-07-17
6936,1167,6475,2026-07-17
6937,1964,6476,2026-07-17
6938,994,6477,2026-07-17
6939,28,6478,2026-07-17
6940,1446,6479,2026-07-17
6941,23,1986,2026-07-17
6942,631,6480,2026-07-17
6943,631,6481,2026-07-17
6944,2488,6482,2026-07-17
6945,1937,6483,2026-07-17
6946,2160,692,2026-07-17
6947,796,6484,2026-07-17
6948,965,6485,2026-07-17
6949,729,6486,2026-07-17
6950,729,6487,2026-07-17
6951,2489,6488,2026-07-17
6952,2490,6489,2026-07-17
6953,729,6490,2026-07-17
6954,2491,6491,2026-07-17
6955,2492,3773,2026-07-17
6956,636,2051,2026-07-17
6957,956,6492,2026-07-17
6958,2411,6493,2026-07-17
6959,2493,6494,2026-07-17
6960,2494,6495,2026-07-17
6961,2111,6496,2026-07-17
6962,570,32,2026-07-17
6963,874,6497,2026-07-17
6964,559,6498,2026-07-17
6965,2495,6499,2026-07-17
6966,1120,6500,2026-07-17
6967,1943,6501,2026-07-17
6968,1638,6502,2026-07-17
6969,1043,5764,2026-07-17
6970,2496,6503,2026-07-17
6971,349,6504,2026-07-17
6972,2497,6505,2026-07-17
6973,1135,6506,2026-07-17
6974,808,6507,2026-07-17
6975,984,760,2026-07-17
6976,1184,6508,2026-07-17
6977,589,6509,2026-07-17
6978,2116,6510,2026-07-17
6979,589,6511,2026-07-17
6980,171,6512,2026-07-17
6981,2498,6513,2026-07-17
6982,2344,6514,2026-07-17
6983,167,6515,2026-07-17
6984,148,6516,2026-07-16
6985,148,6517,2026-07-16
6986,148,5304,2026-07-16
6987,148,899,2026-07-16
6988,2361,6518,2026-07-16
6989,1105,6519,2026-07-16
6990,1202,6520,2026-07-16
6991,2499,6521,2026-07-16
6992,2500,6522,2026-07-16
6993,2243,6523,2026-07-16
6994,2243,6524,2026-07-16
6995,2501,6525,2026-07-16
6996,2240,6526,2026-07-16
6997,2502,6527,2026-07-16
6998,44,6528,2026-07-16
6999,729,6529,2026-07-16
7000,729,6530,2026-07-16
7001,729,6531,2026-07-16
7002,773,6532,2026-07-16
7003,920,6533,2026-07-16
7004,2503,6534,2026-07-16
7005,100,6535,2026-07-16
7006,729,6536,2026-07-16
7007,100,6537,2026-07-16
7008,100,6538,2026-07-16
7009,100,6539,2026-07-16
7010,100,6540,2026-07-16
7011,100,6541,2026-07-16
7012,100,6542,2026-07-16
7013,100,6543,2026-07-16
7014,100,6544,2026-07-16
7015,100,6545,2026-07-16
7016,100,6546,2026-07-16
7017,100,6547,2026-07-16
7018,100,6548,2026-07-16
7019,100,6549,2026-07-16
7020,100,6550,2026-07-16
7021,100,6551,2026-07-16
7022,100,6552,2026-07-16
7023,100,6553,2026-07-16
7024,100,6554,2026-07-16
7025,100,6555,2026-07-16
7026,100,6556,2026-07-16
7027,1697,6557,2026-07-16
7028,996,6558,2026-07-16
7029,1263,6559,2026-07-16
7030,2394,6560,2026-07-16
7031,2504,6561,2026-07-16
7032,2505,6562,2026-07-16
7033,527,6563,2026-07-16
7034,414,6564,2026-07-16
7035,2506,6565,2026-07-16
7036,2506,6566,2026-07-16
7037,1382,6567,2026-07-16
7038,1731,6568,2026-07-16
7039,1731,6569,2026-07-16
7040,365,6570,2026-07-16
7041,271,6571,2026-07-16
7042,121,6572,2026-07-16
7043,2507,6573,2026-07-16
7044,113,6574,2026-07-16
7045,1716,6575,2026-07-16
7046,1009,6576,2026-07-16
7047,2504,6577,2026-07-16
7048,701,6578,2026-07-16
7049,1058,6579,2026-07-16
7050,1056,6580,2026-07-16
7051,327,145,2026-07-16
7052,800,6581,2026-07-16
7053,329,6582,2026-07-16
7054,2508,6583,2026-07-16
7055,2509,6584,2026-07-15
7056,2510,6585,2026-07-15
7057,2511,6586,2026-07-15
7058,729,6587,2026-07-15
7059,2512,6588,2026-07-15
7060,2513,6589,2026-07-15
7061,2514,6590,2026-07-15
7062,203,6591,2026-07-15
7063,217,6592,2026-07-15
7064,32,6593,2026-07-15
7065,2515,6594,2026-07-15
7066,2297,6595,2026-07-15
7067,133,6596,2026-07-15
7068,953,6597,2026-07-15
7069,2516,6598,2026-07-15
7070,2517,6599,2026-07-15
7071,46,6600,2026-07-15
7072,94,6601,2026-07-15
7073,945,6602,2026-07-15
7074,1751,2458,2026-07-15
7075,1919,6603,2026-07-15
7076,1919,6604,2026-07-15
7077,2518,6605,2026-07-15
7078,1379,149,2026-07-15
7079,649,6606,2026-07-15
7080,265,6607,2026-07-15
7081,1138,6608,2026-07-15
7082,764,6609,2026-07-15
7083,764,6610,2026-07-15
7084,1734,6611,2026-07-15
7085,2519,3640,2026-07-15
7086,1041,6612,2026-07-15
7087,2520,6613,2026-07-15
7088,1601,6614,2026-07-15
7089,113,6615,2026-07-15
7090,1896,6616,2026-07-15
7091,1752,6617,2026-07-15
7092,310,5754,2026-07-15
7093,923,6618,2026-07-15
7094,974,661,2026-07-15
7095,2364,6619,2026-07-15
7096,2521,6620,2026-07-15
7097,169,6621,2026-07-15
7098,165,6622,2026-07-15
7099,1814,6623,2026-07-15
7100,490,6624,2026-07-15
7101,2522,6625,2026-07-15
7102,1355,6626,2026-07-15
7103,987,6627,2026-07-15
7104,729,6628,2026-07-14
7105,2523,6629,2026-07-14
7106,761,6630,2026-07-14
7107,2524,6631,2026-07-14
7108,1272,6632,2026-07-14
7109,86,6633,2026-07-14
7110,2525,6634,2026-07-14
7111,617,6635,2026-07-14
7112,2457,6636,2026-07-14
7113,354,6637,2026-07-14
7114,610,6638,2026-07-14
7115,2526,6639,2026-07-14
7116,2526,6640,2026-07-14
7117,2526,6641,2026-07-14
7118,2526,6642,2026-07-14
7119,2527,6643,2026-07-14
7120,307,6644,2026-07-14
7121,2526,6645,2026-07-14
7122,1501,6646,2026-07-14
7123,1501,6647,2026-07-14
7124,41,6648,2026-07-14
7125,1229,6649,2026-07-14
7126,2528,6650,2026-07-14
7127,2504,6651,2026-07-14
7128,2173,6652,2026-07-14
7129,2529,312,2026-07-14
7130,2112,6653,2026-07-14
7131,1454,6654,2026-07-14
7132,1454,6655,2026-07-14
7133,310,4490,2026-07-14
7134,310,6656,2026-07-14
7135,864,6657,2026-07-14
7136,1457,6658,2026-07-14
7137,295,6659,2026-07-14
7138,2530,6660,2026-07-14
7139,2112,6661,2026-07-14
7140,307,6662,2026-07-14
7141,1690,6663,2026-07-14
7142,1514,6664,2026-07-14
7143,489,6665,2026-07-14
7144,1311,6666,2026-07-14
7145,1310,6667,2026-07-14
7146,334,6668,2026-07-14
7147,897,6669,2026-07-14
7148,1815,6670,2026-07-14
7149,2426,6671,2026-07-14
7150,182,6672,2026-07-14
7151,2152,6673,2026-07-13
7152,2093,6674,2026-07-13
7153,2531,6675,2026-07-13
7154,36,6676,2026-07-13
7155,870,6677,2026-07-13
7156,964,6678,2026-07-13
7157,2355,6679,2026-07-13
7158,915,6680,2026-07-13
7159,2402,6681,2026-07-13
7160,2032,6682,2026-07-13
7161,197,6683,2026-07-13
7162,2026,6684,2026-07-13
7163,2532,4955,2026-07-13
7164,18,6685,2026-07-13
7165,425,6686,2026-07-13
7166,1266,6687,2026-07-13
7167,2355,6688,2026-07-13
7168,2330,6689,2026-07-13
7169,68,6690,2026-07-13
7170,1345,6691,2026-07-13
7171,1206,661,2026-07-13
7172,2533,1988,2026-07-13
7173,877,6692,2026-07-13
7174,2219,6693,2026-07-13
7175,557,6694,2026-07-13
7176,295,6695,2026-07-13
7177,1086,6696,2026-07-13
7178,2534,2378,2026-07-13
7179,497,6697,2026-07-13
7180,1127,6698,2026-07-13
7181,2535,6699,2026-07-13
7182,897,6669,2026-07-13
7183,1471,6700,2026-07-13
7184,1611,6701,2026-07-13
7185,600,6702,2026-07-13
7186,2376,6703,2026-07-13
7187,2224,6704,2026-07-13
7188,349,6705,2026-07-13
7189,497,6706,2026-07-12
7190,2406,6707,2026-07-12
7191,485,6708,2026-07-12
7192,350,6709,2026-07-12
7193,678,6710,2026-07-11
7194,1158,6711,2026-07-10
7195,1158,6712,2026-07-10
7196,1202,6713,2026-07-10
7197,1137,6714,2026-07-10
7198,2536,5578,2026-07-10
7199,2137,1573,2026-07-10
7200,425,6715,2026-07-10
7201,425,6716,2026-07-10
7202,1817,6717,2026-07-10
7203,636,6718,2026-07-10
7204,2537,6719,2026-07-10
7205,1752,6720,2026-07-10
7206,1752,3004,2026-07-10
7207,452,6721,2026-07-10
7208,1008,6722,2026-07-10
7209,18,6723,2026-07-10
7210,1485,6724,2026-07-10
7211,2538,6725,2026-07-10
7212,418,6726,2026-07-10
7213,1371,6727,2026-07-10
7214,1371,6728,2026-07-10
7215,1371,6729,2026-07-10
7216,1371,6730,2026-07-10
7217,1371,6731,2026-07-10
7218,836,3126,2026-07-10
7219,2539,6732,2026-07-10
7220,2540,6733,2026-07-10
7221,1109,6734,2026-07-10
7222,2375,6735,2026-07-10
7223,1959,6736,2026-07-10
7224,1978,6435,2026-07-10
7225,684,6737,2026-07-10
7226,2541,6738,2026-07-10
7227,2278,149,2026-07-10
7228,1043,6739,2026-07-09
7229,1043,6740,2026-07-09
7230,298,6741,2026-07-09
7231,354,6742,2026-07-09
7232,400,6743,2026-07-09
7233,1229,6744,2026-07-09
7234,764,6745,2026-07-09
7235,2542,1430,2026-07-09
7236,850,6746,2026-07-09
7237,312,6747,2026-07-09
7238,1415,1136,2026-07-09
7239,2543,6748,2026-07-09
7240,613,6749,2026-07-09
7241,470,6750,2026-07-09
7242,1106,6751,2026-07-09
7243,2544,6752,2026-07-09
7244,217,6753,2026-07-09
7245,2545,6754,2026-07-09
7246,419,6755,2026-07-09
7247,1805,6756,2026-07-09
7248,2546,6757,2026-07-09
7249,1840,6758,2026-07-09
7250,1342,6759,2026-07-09
7251,310,6760,2026-07-09
7252,2547,6761,2026-07-09
7253,409,6762,2026-07-09
7254,1039,6763,2026-07-09
7255,2548,6764,2026-07-09
7256,781,6765,2026-07-09
7257,518,6766,2026-07-09
7258,1976,6767,2026-07-09
7259,2549,6768,2026-07-09
7260,711,6769,2026-07-09
7261,577,6770,2026-07-09
7262,1714,6771,2026-07-09
7263,1977,6772,2026-07-09
7264,2071,6773,2026-07-09
7265,2046,6774,2026-07-09
7266,1809,6775,2026-07-09
7267,1178,6776,2026-07-09
7268,2484,6777,2026-07-09
7269,2550,6778,2026-07-09
7270,334,6779,2026-07-09
7271,1180,6780,2026-07-09
7272,591,5786,2026-07-09
7273,589,6781,2026-07-09
7274,2551,6782,2026-07-09
7275,974,6435,2026-07-09
7276,974,6783,2026-07-09
7277,1377,6784,2026-07-08
7278,2552,6785,2026-07-08
7279,2553,6786,2026-07-08
7280,607,6787,2026-07-08
7281,854,6788,2026-07-08
7282,2554,6789,2026-07-08
7283,97,6790,2026-07-08
7284,1658,6791,2026-07-08
7285,1477,6792,2026-07-08
7286,2555,6793,2026-07-08
7287,1504,149,2026-07-08
7288,2556,6794,2026-07-08
7289,68,6795,2026-07-08
7290,2246,6796,2026-07-08
7291,68,6797,2026-07-08
7292,2557,6798,2026-07-08
7293,1868,6799,2026-07-08
7294,2229,6800,2026-07-08
7295,2558,6801,2026-07-08
7296,877,6802,2026-07-08
7297,2130,6803,2026-07-08
7298,470,6804,2026-07-08
7299,1588,6805,2026-07-08
7300,1998,6806,2026-07-08
7301,2559,6807,2026-07-08
7302,845,6808,2026-07-08
7303,1077,6809,2026-07-08
7304,577,6810,2026-07-08
7305,577,6811,2026-07-08
7306,2086,6812,2026-07-08
7307,2086,6813,2026-07-08
7308,836,6814,2026-07-08
7309,333,478,2026-07-08
7310,897,6815,2026-07-08
7311,2560,6816,2026-07-08
7312,480,6817,2026-07-08
7313,1743,6818,2026-07-08
7314,481,6819,2026-07-08
7315,2561,6820,2026-07-08
7316,599,6821,2026-07-08
7317,2139,6822,2026-07-08
7318,184,2458,2026-07-08
7319,2224,6823,2026-07-08
7320,703,6824,2026-07-08
7321,1631,6825,2026-07-08
7322,2562,6826,2026-07-08
7323,2563,6827,2026-07-07
7324,2564,668,2026-07-07
7325,14,6828,2026-07-07
7326,2565,6829,2026-07-07
7327,1041,6830,2026-07-07
7328,2566,6831,2026-07-07
7329,2567,6832,2026-07-07
7330,1266,6833,2026-07-07
7331,1975,6834,2026-07-07
7332,1975,6835,2026-07-07
7333,2568,4416,2026-07-07
7334,1913,6836,2026-07-07
7335,1589,6837,2026-07-07
7336,121,6838,2026-07-07
7337,14,6839,2026-07-07
7338,1589,6840,2026-07-07
7339,271,6841,2026-07-07
7340,1589,512,2026-07-07
7341,2569,6842,2026-07-07
7342,99,6843,2026-07-07
7343,965,6844,2026-07-07
7344,470,6845,2026-07-07
7345,877,6846,2026-07-07
7346,2570,4913,2026-07-07
7347,2571,6847,2026-07-07
7348,2571,4622,2026-07-07
7349,666,3126,2026-07-07
7350,619,6848,2026-07-07
7351,2572,6849,2026-07-07
7352,2573,6850,2026-07-07
7353,1514,6851,2026-07-07
7354,1633,149,2026-07-07
7355,2574,6852,2026-07-07
7356,1962,4955,2026-07-07
7357,2281,6853,2026-07-07
7358,2575,6854,2026-07-07
7359,2576,6855,2026-07-07
7360,2577,6856,2026-07-07
7361,2578,6857,2026-07-07
7362,2579,6858,2026-07-07
7363,2303,6859,2026-07-07
7364,2580,6860,2026-07-06
7365,792,6861,2026-07-06
7366,796,6862,2026-07-06
7367,2581,6863,2026-07-06
7368,1535,6864,2026-07-06
7369,296,2129,2026-07-06
7370,610,6865,2026-07-06
7371,211,6866,2026-07-06
7372,14,6867,2026-07-06
7373,1149,6868,2026-07-06
7374,1007,6869,2026-07-06
7375,1030,6870,2026-07-06
7376,625,6871,2026-07-06
7377,528,4456,2026-07-06
7378,845,6872,2026-07-06
7379,1493,6873,2026-07-06
7380,1638,6874,2026-07-06
7381,1171,6875,2026-07-06
7382,463,6876,2026-07-06
7383,1454,6877,2026-07-06
7384,2582,6878,2026-07-06
7385,1475,811,2026-07-06
7386,2066,6879,2026-07-06
7387,2583,6880,2026-07-06
7388,1744,6881,2026-07-06
7389,2301,6882,2026-07-06
7390,1879,6883,2026-07-06
7391,595,826,2026-07-06
7392,310,6884,2026-07-05
7393,485,6885,2026-07-05
7394,2494,6886,2026-07-04
7395,1551,6887,2026-07-03
7396,14,5275,2026-07-03
7397,14,6888,2026-07-03
7398,14,6889,2026-07-03
7399,14,6890,2026-07-03
7400,14,6891,2026-07-03
7401,14,6892,2026-07-03
7402,249,6893,2026-07-03
7403,2584,2274,2026-07-03
7404,121,6894,2026-07-03
7405,2246,6895,2026-07-03
7406,2585,6896,2026-07-03
7407,334,6897,2026-07-03
7408,989,6898,2026-07-03
7409,2586,6899,2026-07-03
7410,2587,6900,2026-07-03
7411,2032,6901,2026-07-02
7412,2588,6902,2026-07-02
7413,2408,2398,2026-07-02
7414,1345,6903,2026-07-02
7415,2379,6904,2026-07-02
7416,2589,6905,2026-07-02
7417,2590,6906,2026-07-02
7418,636,6907,2026-07-02
7419,1716,6908,2026-07-02
7420,2591,6909,2026-07-02
7421,870,6910,2026-07-02
7422,2458,6911,2026-07-02
7423,764,6912,2026-07-02
7424,422,6913,2026-07-02
7425,570,1813,2026-07-02
7426,1391,6914,2026-07-02
7427,2592,399,2026-07-02
7428,2060,3707,2026-07-02
7429,113,5599,2026-07-02
7430,113,6915,2026-07-02
7431,113,6916,2026-07-02
7432,113,6917,2026-07-02
7433,1315,6918,2026-07-02
7434,577,6919,2026-07-02
7435,577,6920,2026-07-02
7436,1318,6921,2026-07-02
7437,591,6922,2026-07-02
7438,176,6923,2026-07-02
7439,1472,6924,2026-07-02
7440,1879,6925,2026-07-02
7441,171,6926,2026-07-02
7442,165,6927,2026-07-02
7443,2426,6928,2026-07-02
7444,350,6929,2026-07-02
7445,2593,5886,2026-07-01
7446,1001,6930,2026-07-01
7447,764,6931,2026-07-01
7448,626,6932,2026-07-01
7449,626,6933,2026-07-01
7450,856,693,2026-07-01
7451,2594,6934,2026-07-01
7452,1092,6935,2026-07-01
7453,2559,6936,2026-07-01
7454,2271,6937,2026-07-01
7455,1349,6938,2026-07-01
7456,1493,6939,2026-07-01
7457,787,6940,2026-07-01
7458,1843,6941,2026-07-01
7459,2487,6942,2026-07-01
7460,1358,6943,2026-07-01
7461,1705,2458,2026-07-01
7462,2595,6944,2026-07-01
7463,1815,6945,2026-07-01
7464,18,6946,2026-06-30
7465,1581,6947,2026-06-30
7466,2083,6948,2026-06-30
7467,1079,6949,2026-06-30
7468,2596,6950,2026-06-30
7469,2597,6951,2026-06-30
7470,28,6952,2026-06-30
7471,1686,6953,2026-06-30
7472,97,6954,2026-06-30
7473,1271,6955,2026-06-30
7474,792,5408,2026-06-30
7475,121,6956,2026-06-30
7476,1593,692,2026-06-30
7477,1698,6957,2026-06-30
7478,2598,6958,2026-06-30
7479,1771,6959,2026-06-30
7480,1233,6960,2026-06-30
7481,1233,6961,2026-06-30
7482,538,6962,2026-06-30
7483,109,6963,2026-06-30
7484,2599,6964,2026-06-30
7485,577,6965,2026-06-30
7486,1828,6966,2026-06-30
7487,2595,6967,2026-06-30
7488,2595,6968,2026-06-30
7489,2595,6969,2026-06-30
7490,2600,6970,2026-06-30
7491,1517,6971,2026-06-30
7492,2042,6972,2026-06-30
7493,705,6973,2026-06-29
7494,232,6974,2026-06-29
7495,281,6975,2026-06-29
7496,528,6976,2026-06-29
7497,528,796,2026-06-29
7498,2354,6977,2026-06-29
7499,2026,6978,2026-06-29
7500,680,6979,2026-06-29
7501,1697,6980,2026-06-29
7502,1697,6981,2026-06-29
7503,94,6982,2026-06-29
7504,1551,6983,2026-06-29
7505,2092,6984,2026-06-29
7506,862,6985,2026-06-29
7507,2601,2398,2026-06-29
7508,1106,6986,2026-06-29
7509,451,3647,2026-06-29
7510,450,6987,2026-06-29
7511,2038,6988,2026-06-29
7512,2602,6989,2026-06-29
7513,2602,1186,2026-06-29
7514,898,6990,2026-06-29
7515,1814,6991,2026-06-29
7516,2603,6992,2026-06-29
7517,1180,6993,2026-06-29
7518,897,6994,2026-06-29
7519,1056,6995,2026-06-29
7520,349,6996,2026-06-29
7521,1631,6997,2026-06-29
7522,813,6998,2026-06-29
7523,2604,6999,2026-06-29
7524,2605,4047,2026-06-28
7525,2541,7000,2026-06-28
7526,2606,7001,2026-06-27
7527,2607,7002,2026-06-26
7528,200,7003,2026-06-26
7529,237,7004,2026-06-26
7530,2234,7005,2026-06-26
7531,18,7006,2026-06-26
7532,2106,7007,2026-06-26
7533,2370,7008,2026-06-26
7534,966,7009,2026-06-26
7535,1148,7010,2026-06-26
7536,1266,7011,2026-06-26
7537,2608,904,2026-06-26
7538,307,7012,2026-06-26
7539,1396,7013,2026-06-26
7540,1223,7014,2026-06-26
7541,2609,7015,2026-06-26
7542,699,7016,2026-06-26
7543,171,1136,2026-06-26
7544,2610,7017,2026-06-26
7545,164,7018,2026-06-26
7546,2611,80,2026-06-26
7547,44,7019,2026-06-25
7548,2612,7020,2026-06-25
7549,616,7021,2026-06-25
7550,281,7022,2026-06-25
7551,2613,7023,2026-06-25
7552,756,7024,2026-06-25
7553,2148,4878,2026-06-25
7554,2451,7025,2026-06-25
7555,94,6601,2026-06-25
7556,153,7026,2026-06-25
7557,153,7027,2026-06-25
7558,381,7028,2026-06-25
7559,2614,3865,2026-06-25
7560,469,7029,2026-06-25
7561,711,7030,2026-06-25
7562,1281,7031,2026-06-25
7563,1101,7032,2026-06-25
7564,864,7033,2026-06-25
7565,764,7034,2026-06-25
7566,18,7035,2026-06-25
7567,2615,7036,2026-06-25
7568,1396,7037,2026-06-25
7569,2616,7038,2026-06-25
7570,2617,7039,2026-06-25
7571,1528,7040,2026-06-25
7572,2618,7041,2026-06-25
7573,1256,7042,2026-06-25
7574,616,7043,2026-06-24
7575,228,7044,2026-06-24
7576,2037,7045,2026-06-24
7577,610,7046,2026-06-24
7578,607,7047,2026-06-24
7579,1960,7048,2026-06-24
7580,2619,7049,2026-06-24
7581,2620,7050,2026-06-24
7582,2621,4913,2026-06-24
7583,2622,7051,2026-06-24
7584,2370,5072,2026-06-24
7585,2623,7052,2026-06-24
7586,217,362,2026-06-24
7587,2624,7053,2026-06-24
7588,1459,7054,2026-06-24
7589,2546,7055,2026-06-24
7590,1296,7056,2026-06-24
7591,1454,7057,2026-06-24
7592,307,7058,2026-06-24
7593,640,5558,2026-06-24
7594,2625,7059,2026-06-24
7595,1744,7060,2026-06-24
7596,331,1007,2026-06-24
7597,1054,7061,2026-06-24
7598,976,7062,2026-06-24
7599,1785,7063,2026-06-24
7600,479,7064,2026-06-24
7601,2626,7065,2026-06-24
7602,2427,7066,2026-06-24
7603,2627,7067,2026-06-24
7604,975,7068,2026-06-24
7605,1814,7069,2026-06-24
7606,813,7070,2026-06-24
7607,2628,7071,2026-06-23
7608,2629,7072,2026-06-23
7609,197,7073,2026-06-23
7610,792,7074,2026-06-23
7611,2630,7075,2026-06-23
7612,18,7076,2026-06-23
7613,876,7077,2026-06-23
7614,823,7078,2026-06-23
7615,2631,7079,2026-06-23
7616,2354,1610,2026-06-23
7617,2632,4172,2026-06-23
7618,2633,754,2026-06-23
7619,1298,7080,2026-06-23
7620,1414,7081,2026-06-23
7621,1414,374,2026-06-23
7622,1718,7082,2026-06-23
7623,608,3287,2026-06-23
7624,1073,7083,2026-06-23
7625,2634,7084,2026-06-23
7626,872,7085,2026-06-23
7627,1296,7086,2026-06-23
7628,554,7087,2026-06-23
7629,554,7088,2026-06-23
7630,358,56,2026-06-23
7631,938,7089,2026-06-23
7632,1245,7090,2026-06-23
7633,2557,7091,2026-06-23
7634,1725,3054,2026-06-23
7635,2041,7092,2026-06-23
7636,600,7093,2026-06-23
7637,1402,4124,2026-06-23
7638,2577,7094,2026-06-23
7639,2635,7095,2026-06-22
7640,2636,7096,2026-06-22
7641,938,7097,2026-06-22
7642,2331,7098,2026-06-22
7643,1262,581,2026-06-22
7644,1172,7099,2026-06-22
7645,2637,7100,2026-06-22
7646,2493,7101,2026-06-22
7647,951,7102,2026-06-22
7648,2112,7103,2026-06-22
7649,2112,7104,2026-06-22
7650,2638,7105,2026-06-22
7651,2151,7106,2026-06-22
7652,1245,7107,2026-06-22
7653,2450,7108,2026-06-22
7654,2639,7109,2026-06-22
7655,2613,7110,2026-06-22
7656,1454,7111,2026-06-22
7657,2112,7112,2026-06-22
7658,2640,7113,2026-06-22
7659,1050,7114,2026-06-22
7660,806,7115,2026-06-22
7661,2641,7116,2026-06-21
7662,2642,7117,2026-06-20
7663,2642,7118,2026-06-20
7664,2643,7119,2026-06-19
7665,447,7120,2026-06-19
7666,2644,7121,2026-06-19
7667,2633,7122,2026-06-19
7668,2633,7123,2026-06-19
7669,2427,7124,2026-06-19
7670,167,7125,2026-06-19
7671,1179,7126,2026-06-19
7672,2645,7127,2026-06-19
7673,2646,7128,2026-06-19
7674,1778,7129,2026-06-19
7675,1576,7130,2026-06-19
7676,2032,7131,2026-06-18
7677,1106,7132,2026-06-18
7678,1889,7133,2026-06-18
7679,715,7134,2026-06-18
7680,44,7135,2026-06-18
7681,743,7136,2026-06-18
7682,2647,7137,2026-06-18
7683,1986,425,2026-06-18
7684,1734,7138,2026-06-18
7685,771,7139,2026-06-18
7686,753,7140,2026-06-18
7687,2194,7141,2026-06-18
7688,318,7142,2026-06-18
7689,2648,7143,2026-06-18
7690,1586,7144,2026-06-18
7691,1050,7145,2026-06-18
7692,1879,7146,2026-06-18
7693,2649,7147,2026-06-18
7694,156,7148,2026-06-17
7695,841,7149,2026-06-17
7696,420,3640,2026-06-17
7697,932,693,2026-06-17
7698,2650,7150,2026-06-17
7699,1085,7151,2026-06-17
7700,1234,7152,2026-06-17
7701,2651,7153,2026-06-17
7702,1263,7154,2026-06-17
7703,773,7155,2026-06-17
7704,877,7156,2026-06-17
7705,2652,7157,2026-06-17
7706,1586,7158,2026-06-17
7707,1775,7159,2026-06-17
7708,2170,7160,2026-06-17
7709,2653,7161,2026-06-17
7710,554,7162,2026-06-17
7711,307,7163,2026-06-17
7712,1669,7164,2026-06-17
7713,2194,7165,2026-06-17
7714,2194,7166,2026-06-17
7715,2654,7167,2026-06-17
7716,1234,7168,2026-06-17
7717,864,7169,2026-06-17
7718,2655,7170,2026-06-17
7719,796,7171,2026-06-17
7720,1576,7172,2026-06-17
7721,1981,7173,2026-06-17
7722,1744,7174,2026-06-17
7723,2656,7175,2026-06-17
7724,1784,7176,2026-06-17
7725,2657,7177,2026-06-17
7726,1178,7178,2026-06-17
7727,1178,7179,2026-06-17
7728,171,7180,2026-06-17
7729,2658,7181,2026-06-17
7730,2659,2183,2026-06-16
7731,2660,7182,2026-06-16
7732,1734,7183,2026-06-16
7733,2661,7184,2026-06-16
7734,931,7185,2026-06-16
7735,1960,7186,2026-06-16
7736,1921,7187,2026-06-16
7737,2584,7188,2026-06-16
7738,2662,7189,2026-06-16
7739,1603,7190,2026-06-16
7740,2663,7191,2026-06-16
7741,2281,7192,2026-06-16
7742,1056,7193,2026-06-16
7743,1528,7194,2026-06-16
7744,2030,7195,2026-06-15
7745,1080,7196,2026-06-15
7746,610,7197,2026-06-15
7747,2664,7198,2026-06-15
7748,2665,2573,2026-06-15
7749,2666,7199,2026-06-15
7750,1773,7200,2026-06-15
7751,1876,2078,2026-06-15
7752,570,7201,2026-06-15
7753,2667,5684,2026-06-15
7754,273,7202,2026-06-15
7755,2668,7203,2026-06-15
7756,864,7204,2026-06-15
7757,171,2458,2026-06-15
7758,173,7205,2026-06-15
7759,2669,7206,2026-06-15
7760,1057,7207,2026-06-15
7761,182,7208,2026-06-15
7762,350,7209,2026-06-15
7763,597,7210,2026-06-14
7764,2467,7211,2026-06-12
7765,1443,7212,2026-06-12
7766,2670,7213,2026-06-12
7767,1202,7214,2026-06-12
7768,21,7215,2026-06-12
7769,787,7216,2026-06-12
7770,2671,7217,2026-06-12
7771,2362,7218,2026-06-12
7772,764,7219,2026-06-12
7773,1040,7220,2026-06-12
7774,2032,7221,2026-06-12
7775,2672,7222,2026-06-12
7776,1966,7223,2026-06-12
7777,1178,7224,2026-06-12
7778,2673,7225,2026-06-12
7779,1202,7226,2026-06-11
7780,219,7227,2026-06-11
7781,1844,3861,2026-06-11
7782,380,7228,2026-06-11
7783,373,7229,2026-06-11
7784,1194,7230,2026-06-11
7785,232,7231,2026-06-11
7786,2674,7232,2026-06-11
7787,447,7233,2026-06-11
7788,447,7234,2026-06-11
7789,525,7235,2026-06-11
7790,450,7236,2026-06-11
7791,2675,7237,2026-06-11
7792,1234,7238,2026-06-11
7793,205,7239,2026-06-11
7794,1391,7240,2026-06-11
7795,877,6271,2026-06-11
7796,88,7241,2026-06-11
7797,877,7242,2026-06-11
7798,2345,2398,2026-06-11
7799,962,7243,2026-06-11
7800,984,760,2026-06-11
7801,1058,7244,2026-06-11
7802,1576,7245,2026-06-11
7803,976,7246,2026-06-11
7804,167,7247,2026-06-11
7805,591,7248,2026-06-11
7806,2427,7249,2026-06-11
7807,2280,7250,2026-06-11
7808,1178,7251,2026-06-11
7809,730,7252,2026-06-10
7810,298,7253,2026-06-10
7811,2676,7254,2026-06-10
7812,2677,7255,2026-06-10
7813,1217,7256,2026-06-10
7814,18,7257,2026-06-10
7815,1266,7258,2026-06-10
7816,1205,7259,2026-06-10
7817,403,7260,2026-06-10
7818,403,7261,2026-06-10
7819,1551,7262,2026-06-10
7820,1234,7263,2026-06-10
7821,2652,7264,2026-06-10
7822,2678,7265,2026-06-10
7823,1040,7266,2026-06-10
7824,301,7267,2026-06-10
7825,1551,7268,2026-06-10
7826,132,7269,2026-06-10
7827,1840,7270,2026-06-10
7828,2017,7271,2026-06-10
7829,171,1136,2026-06-10
7830,485,7272,2026-06-10
7831,974,7273,2026-06-10
7832,2341,7274,2026-06-10
7833,165,7233,2026-06-10
7834,974,1986,2026-06-10
7835,1961,7275,2026-06-10
7836,1056,7276,2026-06-10
7837,1180,7277,2026-06-10
7838,1186,7278,2026-06-10
7839,987,7279,2026-06-10
7840,1796,7280,2026-06-09
7841,2124,7281,2026-06-09
7842,2263,7282,2026-06-09
7843,2489,7283,2026-06-09
7844,781,7284,2026-06-09
7845,1626,7285,2026-06-09
7846,711,7286,2026-06-09
7847,2104,7287,2026-06-09
7848,2679,661,2026-06-09
7849,2680,7288,2026-06-09
7850,2002,7289,2026-06-09
7851,1551,7290,2026-06-09
7852,1772,7291,2026-06-09
7853,1138,7292,2026-06-09
7854,1138,7293,2026-06-09
7855,1551,7294,2026-06-09
7856,864,7295,2026-06-09
7857,1551,7296,2026-06-09
7858,1551,7297,2026-06-09
7859,1551,7298,2026-06-09
7860,1551,7299,2026-06-09
7861,570,7300,2026-06-09
7862,1551,7301,2026-06-09
7863,2681,2003,2026-06-09
7864,2505,7302,2026-06-09
7865,2682,7303,2026-06-09
7866,589,7304,2026-06-09
7867,1524,7305,2026-06-09
7868,1930,7306,2026-06-09
7869,480,826,2026-06-09
7870,1401,7307,2026-06-09
7871,600,7308,2026-06-09
7872,2142,497,2026-06-09
7873,2683,4092,2026-06-08
7874,967,7309,2026-06-08
7875,2684,7310,2026-06-08
7876,2685,7311,2026-06-08
7877,1234,7312,2026-06-08
7878,714,7313,2026-06-08
7879,764,7314,2026-06-08
7880,1734,7315,2026-06-08
7881,2179,149,2026-06-08
7882,1233,7316,2026-06-08
7883,2403,7317,2026-06-08
7884,2686,7318,2026-06-08
7885,2087,7319,2026-06-08
7886,2627,7320,2026-06-08
7887,2687,7321,2026-06-08
7888,1360,7322,2026-06-08
7889,1807,7323,2026-06-08
7890,1312,826,2026-06-08
7891,895,7324,2026-06-08
7892,1312,7325,2026-06-08
7893,604,7326,2026-06-08
7894,1879,7327,2026-06-08
7895,2688,7328,2026-06-08
7896,2689,7329,2026-06-08
7897,298,7330,2026-06-07
7898,1192,312,2026-06-07
7899,2690,7331,2026-06-06
7900,2528,1890,2026-06-06
7901,1056,7332,2026-06-06
7902,44,7333,2026-06-05
7903,825,7334,2026-06-05
7904,1227,7335,2026-06-05
7905,1652,7336,2026-06-05
7906,496,7337,2026-06-05
7907,1234,7338,2026-06-05
7908,1494,7339,2026-06-05
7909,1995,7340,2026-06-05
7910,1995,7341,2026-06-05
7911,2691,1573,2026-06-05
7912,1921,7342,2026-06-05
7913,1175,7343,2026-06-05
7914,1175,7344,2026-06-05
7915,2073,7345,2026-06-05
7916,173,7346,2026-06-05
7917,1050,7347,2026-06-05
7918,1402,265,2026-06-05
7919,597,7348,2026-06-05
7920,2692,332,2026-06-05
7921,836,7349,2026-06-04
7922,2099,7350,2026-06-04
7923,156,5537,2026-06-04
7924,1106,7351,2026-06-04
7925,2693,1353,2026-06-04
7926,714,7352,2026-06-04
7927,1551,7353,2026-06-04
7928,1232,7354,2026-06-04
7929,1842,7355,2026-06-04
7930,1234,7356,2026-06-04
7931,2694,7357,2026-06-04
7932,1416,7358,2026-06-04
7933,1106,7359,2026-06-03
7934,2695,7360,2026-06-03
7935,2200,7361,2026-06-03
7936,2696,7362,2026-06-03
7937,2049,7363,2026-06-03
7938,2697,312,2026-06-03
7939,2130,7364,2026-06-03
7940,2130,7365,2026-06-03
7941,2130,7366,2026-06-03
7942,1234,7367,2026-06-03
7943,935,7368,2026-06-03
7944,2698,7369,2026-06-03
7945,1085,2435,2026-06-03
7946,2620,7370,2026-06-03
7947,628,7371,2026-06-03
7948,1723,7372,2026-06-03
7949,309,7373,2026-06-03
7950,2699,7374,2026-06-03
7951,2041,7375,2026-06-03
7952,1937,7376,2026-06-02
7953,2700,7377,2026-06-02
7954,2701,7378,2026-06-02
7955,743,7379,2026-06-02
7956,1590,7380,2026-06-02
7957,1106,7381,2026-06-02
7958,767,7382,2026-06-02
7959,2473,7383,2026-06-02
7960,2702,7384,2026-06-02
7961,2703,7385,2026-06-02
7962,349,7386,2026-06-02
7963,2197,7387,2026-06-02
7964,1524,7388,2026-06-02
7965,1311,7389,2026-06-02
7966,1961,7390,2026-06-02
7967,2704,7391,2026-06-02
7968,1178,7392,2026-06-02
7969,1744,7393,2026-06-02
7970,1524,7394,2026-06-02
7971,1178,7395,2026-06-02
7972,171,7396,2026-06-02
7973,2705,7397,2026-06-01
7974,2706,7398,2026-06-01
7975,825,7399,2026-06-01
7976,715,7400,2026-06-01
7977,1551,7401,2026-06-01
7978,2478,7402,2026-06-01
7979,2060,7403,2026-06-01
7980,2041,7404,2026-06-01
7981,1744,7405,2026-06-01
7982,1640,7406,2026-06-01
7983,597,7407,2026-06-01
7984,2707,7408,2026-06-01
7985,582,7409,2026-06-01
7986,235,7410,2026-05-31
7987,165,7411,2026-05-31
7988,589,7412,2026-05-31
7989,2708,661,2026-05-30
7990,2708,7413,2026-05-30
7991,2709,7414,2026-05-30
7992,2710,668,2026-05-29
7993,2711,7415,2026-05-29
7994,610,1273,2026-05-29
7995,216,7416,2026-05-29
7996,216,7417,2026-05-29
7997,216,7418,2026-05-29
7998,114,7419,2026-05-29
7999,715,2919,2026-05-29
8000,431,1270,2026-05-29
8001,323,374,2026-05-29
8002,2098,7420,2026-05-29
8003,171,7421,2026-05-29
8004,1959,7422,2026-05-29
8005,2712,7423,2026-05-29
8006,1777,7424,2026-05-29
8007,2713,7425,2026-05-29
8008,2619,7426,2026-05-28
8009,426,7427,2026-05-28
8010,426,1813,2026-05-28
8011,2714,7428,2026-05-28
8012,2715,7429,2026-05-28
8013,1459,7430,2026-05-28
8014,1234,7431,2026-05-28
8015,1073,7432,2026-05-28
8016,536,7433,2026-05-28
8017,2716,7434,2026-05-28
8018,974,3802,2026-05-28
8019,974,399,2026-05-28
8020,974,850,2026-05-28
8021,690,7435,2026-05-28
8022,1421,7436,2026-05-28
8023,1677,7437,2026-05-28
8024,1193,7438,2026-05-28
8025,2717,1213,2026-05-27
8026,1443,7439,2026-05-27
8027,1921,7440,2026-05-27
8028,2718,7441,2026-05-27
8029,1723,7442,2026-05-27
8030,2719,7443,2026-05-27
8031,2620,7444,2026-05-27
8032,767,7445,2026-05-27
8033,171,6849,2026-05-27
8034,689,7446,2026-05-27
8035,171,7447,2026-05-27
8036,174,7448,2026-05-27
8037,2341,7449,2026-05-27
8038,1406,7450,2026-05-27
8039,97,7451,2026-05-26
8040,2720,7452,2026-05-26
8041,1162,7453,2026-05-26
8042,2493,7454,2026-05-26
8043,18,7455,2026-05-26
8044,683,7456,2026-05-26
8045,2721,1975,2026-05-26
8046,1837,7457,2026-05-26
8047,1879,7458,2026-05-26
8048,2574,7459,2026-05-26
8049,1524,7460,2026-05-26
8050,2688,7461,2026-05-26
8051,2096,7462,2026-05-26
8052,1844,7463,2026-05-25
8053,307,7464,2026-05-25
8054,2135,7465,2026-05-25
8055,974,1987,2026-05-25
8056,986,7466,2026-05-25
8057,2352,5005,2026-05-23
8058,18,7467,2026-05-22
8059,1488,7468,2026-05-22
8060,2722,7469,2026-05-22
8061,2723,332,2026-05-22
8062,761,7470,2026-05-22
8063,1734,7471,2026-05-22
8064,147,7472,2026-05-22
8065,1937,7473,2026-05-22
8066,2640,7474,2026-05-22
8067,2724,692,2026-05-22
8068,690,7475,2026-05-22
8069,1187,7476,2026-05-22
8070,165,7477,2026-05-22
8071,1593,7478,2026-05-21
8072,2725,7479,2026-05-21
8073,2726,1083,2026-05-21
8074,2212,7480,2026-05-21
8075,307,7481,2026-05-21
8076,197,7482,2026-05-21
8077,217,7483,2026-05-21
8078,2727,7484,2026-05-21
8079,1391,7485,2026-05-21
8080,2728,4610,2026-05-21
8081,2729,7486,2026-05-21
8082,813,7487,2026-05-21
8083,1421,7488,2026-05-21
8084,2541,7489,2026-05-21
8085,2730,7490,2026-05-21
8086,895,7491,2026-05-21
8087,2731,1313,2026-05-20
8088,296,7492,2026-05-20
8089,658,7493,2026-05-20
8090,2732,2227,2026-05-20
8091,2425,7494,2026-05-20
8092,1180,7495,2026-05-20
8093,981,7496,2026-05-20
8094,1412,7497,2026-05-20
8095,1677,7498,2026-05-20
8096,420,5447,2026-05-19
8097,2473,332,2026-05-19
8098,306,7499,2026-05-19
8099,2733,7500,2026-05-19
8100,2734,7501,2026-05-19
8101,2705,7502,2026-05-19
8102,2367,7503,2026-05-19
8103,1844,7504,2026-05-19
8104,2735,7505,2026-05-19
8105,2736,497,2026-05-19
8106,981,7506,2026-05-19
8107,2737,7507,2026-05-18
8108,640,7508,2026-05-18
8109,1862,7509,2026-05-18
8110,296,420,2026-05-18
8111,1481,7510,2026-05-18
8112,2738,5005,2026-05-18
8113,2573,7511,2026-05-18
8114,592,7512,2026-05-18
8115,2739,7513,2026-05-18
8116,350,7514,2026-05-18
8117,1617,7515,2026-05-18
8118,1830,7516,2026-05-17
8119,974,754,2026-05-17
8120,1056,7517,2026-05-17
8121,2591,7518,2026-05-16
8122,1012,7519,2026-05-16
8123,2740,7520,2026-05-15
8124,2741,7521,2026-05-15
8125,1267,7522,2026-05-15
8126,1267,7523,2026-05-15
8127,417,2992,2026-05-15
8128,1316,7524,2026-05-15
8129,2742,7525,2026-05-15
8130,28,7526,2026-05-15
8131,28,7527,2026-05-15
8132,307,7528,2026-05-15
8133,334,7529,2026-05-15
8134,2743,7530,2026-05-15
8135,2743,7531,2026-05-15
8136,2712,7532,2026-05-15
8137,1192,2275,2026-05-15
8138,1977,7533,2026-05-14
8139,1977,7534,2026-05-14
8140,1800,7535,2026-05-14
8141,224,7536,2026-05-14
8142,224,7537,2026-05-14
8143,224,7538,2026-05-14
8144,224,7539,2026-05-14
8145,2744,7540,2026-05-14
8146,2028,7541,2026-05-14
8147,2745,7542,2026-05-14
8148,518,7543,2026-05-14
8149,2746,7544,2026-05-14
8150,1391,7545,2026-05-14
8151,2747,7546,2026-05-14
8152,2747,7547,2026-05-14
8153,2747,7548,2026-05-14
8154,2748,7549,2026-05-14
8155,1401,7550,2026-05-14
8156,1401,7551,2026-05-14
8157,485,7552,2026-05-14
8158,988,7553,2026-05-14
8159,1936,7554,2026-05-13
8160,945,7555,2026-05-13
8161,2741,381,2026-05-13
8162,1234,7556,2026-05-13
8163,1652,7287,2026-05-13
8164,2449,7557,2026-05-13
8165,1424,7558,2026-05-13
8166,2749,7559,2026-05-13
8167,2060,7560,2026-05-13
8168,1040,7561,2026-05-13
8169,2750,7562,2026-05-13
8170,1571,7563,2026-05-13
8171,2094,7564,2026-05-13
8172,1744,7565,2026-05-13
8173,808,7566,2026-05-13
8174,2509,7567,2026-05-12
8175,2607,7568,2026-05-12
8176,635,7569,2026-05-12
8177,756,1563,2026-05-12
8178,2751,7570,2026-05-12
8179,1236,7571,2026-05-12
8180,2662,3598,2026-05-12
8181,431,1474,2026-05-12
8182,353,3727,2026-05-12
8183,1220,7572,2026-05-12
8184,2752,7573,2026-05-12
8185,18,7574,2026-05-12
8186,313,2784,2026-05-12
8187,1986,7575,2026-05-12
8188,1061,7576,2026-05-12
8189,2753,7577,2026-05-12
8190,2626,7578,2026-05-12
8191,2200,7579,2026-05-11
8192,2200,7580,2026-05-11
8193,2200,7581,2026-05-11
8194,2200,7582,2026-05-11
8195,2754,7583,2026-05-11
8196,764,7584,2026-05-11
8197,1695,7585,2026-05-11
8198,1285,7586,2026-05-11
8199,335,7587,2026-05-11
8200,171,7588,2026-05-11
8201,173,7589,2026-05-11
8202,801,7590,2026-05-11
8203,2712,7591,2026-05-11
8204,2275,7592,2026-05-09
8205,2275,7593,2026-05-09
8206,2135,7594,2026-05-09
8207,2028,2000,2026-05-08
8208,2679,7595,2026-05-08
8209,2755,1273,2026-05-08
8210,249,329,2026-05-08
8211,1640,7596,2026-05-08
8212,2501,7597,2026-05-07
8213,964,3861,2026-05-07
8214,2756,6271,2026-05-07
8215,2757,7598,2026-05-07
8216,2758,7599,2026-05-07
8217,2759,7600,2026-05-07
8218,1930,7601,2026-05-07
8219,1741,7602,2026-05-07
8220,2760,7603,2026-05-07
8221,2560,7604,2026-05-07
8222,1704,7605,2026-05-07
8223,684,7606,2026-05-07
8224,2585,1201,2026-05-07
8225,2743,7607,2026-05-07
8226,2761,7608,2026-05-07
8227,974,7609,2026-05-07
8228,903,2398,2026-05-07
8229,2762,7610,2026-05-06
8230,1540,7611,2026-05-06
8231,1937,7612,2026-05-06
8232,920,7613,2026-05-06
8233,2037,7614,2026-05-06
8234,2763,7615,2026-05-06
8235,764,7616,2026-05-06
8236,2764,904,2026-05-06
8237,1995,7617,2026-05-06
8238,2765,7618,2026-05-06
8239,2363,1573,2026-05-06
8240,1638,7619,2026-05-06
8241,1498,7620,2026-05-06
8242,2694,7621,2026-05-06
8243,2743,7622,2026-05-06
8244,2585,7623,2026-05-06
8245,480,7624,2026-05-06
8246,332,7625,2026-05-06
8247,2743,7626,2026-05-06
8248,165,7627,2026-05-06
8249,171,7628,2026-05-06
8250,1744,7629,2026-05-06
8251,2766,7630,2026-05-06
8252,1995,3861,2026-05-05
8253,1646,7631,2026-05-05
8254,1025,7632,2026-05-05
8255,764,7633,2026-05-05
8256,2707,7634,2026-05-05
8257,2767,7635,2026-05-05
8258,2768,7636,2026-05-05
8259,164,7637,2026-05-05
8260,2769,7638,2026-05-05
8261,1358,7639,2026-05-05
8262,1056,7640,2026-05-05
8263,171,905,2026-05-05
8264,602,7641,2026-05-05
8265,2770,7642,2026-05-05
8266,1638,7643,2026-05-04
8267,1647,7644,2026-05-04
8268,612,7645,2026-05-04
8269,2729,7646,2026-05-04
8270,1321,7647,2026-05-04
8271,2563,7648,2026-05-04
8272,2540,7649,2026-05-04
8273,2771,7650,2026-05-04
8274,2771,7651,2026-05-04
8275,2771,3815,2026-05-04
8276,2060,7652,2026-05-04
8277,307,7653,2026-05-04
8278,974,690,2026-05-04
8279,2743,7654,2026-05-04
8280,2743,7655,2026-05-04
8281,701,7656,2026-05-04
8282,2311,7657,2026-05-03
8283,1638,7658,2026-05-02
8284,2772,7659,2026-05-01
8285,577,7660,2026-05-01
8286,452,7661,2026-05-01
8287,2609,7662,2026-05-01
8288,2773,7663,2026-05-01
8289,1706,7664,2026-05-01
8290,171,7665,2026-05-01
8291,1374,7666,2026-04-30
8292,2588,7667,2026-04-30
8293,2774,425,2026-04-30
8294,2775,7668,2026-04-30
8295,310,7669,2026-04-30
8296,564,7670,2026-04-30
8297,1392,7671,2026-04-30
8298,764,7672,2026-04-30
8299,2403,7673,2026-04-30
8300,1937,7674,2026-04-30
8301,2776,400,2026-04-30
8302,171,7675,2026-04-30
8303,350,7676,2026-04-30
8304,808,7677,2026-04-30
8305,1362,2010,2026-04-30
8306,182,7678,2026-04-30
8307,182,7679,2026-04-30
8308,2777,7680,2026-04-30
8309,2778,7681,2026-04-29
8310,1018,7682,2026-04-29
8311,2779,7683,2026-04-29
8312,715,7684,2026-04-29
8313,1012,7685,2026-04-29
8314,2780,7686,2026-04-29
8315,2781,7687,2026-04-29
8316,796,7688,2026-04-29
8317,1514,7689,2026-04-29
8318,2588,7690,2026-04-28
8319,2319,1890,2026-04-28
8320,245,7691,2026-04-28
8321,2782,1798,2026-04-28
8322,796,7692,2026-04-28
8323,2783,7693,2026-04-28
8324,1527,7694,2026-04-28
8325,984,7695,2026-04-28
8326,2784,7696,2026-04-28
8327,1811,7697,2026-04-28
8328,2541,7698,2026-04-28
8329,1471,7699,2026-04-28
8330,610,7700,2026-04-27
8331,2785,1136,2026-04-27
8332,2786,7701,2026-04-27
8333,1995,7702,2026-04-27
8334,2494,7703,2026-04-27
8335,2561,7704,2026-04-27
8336,2427,826,2026-04-27
8337,2787,7705,2026-04-27
8338,1395,7706,2026-04-25
8339,1050,7707,2026-04-25
8340,2788,7708,2026-04-24
8341,1234,7709,2026-04-24
8342,1234,7710,2026-04-24
8343,1234,7711,2026-04-24
8344,1234,7712,2026-04-24
8345,1894,7713,2026-04-24
8346,2075,7714,2026-04-24
8347,307,826,2026-04-24
8348,165,7715,2026-04-24
8349,1050,7716,2026-04-24
8350,2743,7717,2026-04-24
8351,1785,7718,2026-04-24
8352,2743,7719,2026-04-24
8353,165,1353,2026-04-24
8354,1358,5957,2026-04-24
8355,2789,7720,2026-04-23
8356,307,7721,2026-04-23
8357,337,7722,2026-04-23
8358,2377,7723,2026-04-23
8359,2790,7724,2026-04-23
8360,1981,7725,2026-04-23
8361,2791,7726,2026-04-23
8362,493,7727,2026-04-23
8363,2588,7728,2026-04-22
8364,2588,7729,2026-04-22
8365,2172,7730,2026-04-22
8366,1873,7731,2026-04-22
8367,2083,7732,2026-04-22
8368,2792,7733,2026-04-22
8369,2793,7734,2026-04-22
8370,2794,7735,2026-04-22
8371,2795,7736,2026-04-22
8372,1611,7737,2026-04-22
8373,589,7738,2026-04-22
8374,2796,7739,2026-04-22
8375,2016,7740,2026-04-22
8376,2743,7741,2026-04-22
8377,1180,7742,2026-04-22
8378,1981,7743,2026-04-22
8379,2797,7744,2026-04-21
8380,2797,7745,2026-04-21
8381,2797,7746,2026-04-21
8382,715,7747,2026-04-21
8383,2566,7748,2026-04-21
8384,295,7749,2026-04-21
8385,295,7750,2026-04-21
8386,295,7751,2026-04-21
8387,2798,7752,2026-04-21
8388,2686,7753,2026-04-21
8389,1117,7754,2026-04-21
8390,985,7755,2026-04-21
8391,2116,7756,2026-04-21
8392,171,7757,2026-04-21
8393,1129,7758,2026-04-21
8394,197,7759,2026-04-20
8395,640,7760,2026-04-20
8396,1650,1004,2026-04-20
8397,877,7761,2026-04-20
8398,2799,7762,2026-04-20
8399,2800,7763,2026-04-20
8400,2801,7764,2026-04-20
8401,597,7765,2026-04-20
8402,1056,7766,2026-04-20
8403,1056,7767,2026-04-20
8404,2743,7768,2026-04-20
8405,2068,7769,2026-04-20
8406,2802,7770,2026-04-20
8407,808,7771,2026-04-20
8408,964,7772,2026-04-18
8409,1148,7773,2026-04-18
8410,1995,7774,2026-04-17
8411,2803,425,2026-04-17
8412,2229,7775,2026-04-17
8413,2804,7776,2026-04-17
8414,794,7777,2026-04-17
8415,2397,7778,2026-04-17
8416,685,7779,2026-04-17
8417,421,7780,2026-04-17
8418,18,7781,2026-04-16
8419,365,7782,2026-04-16
8420,916,5835,2026-04-16
8421,1229,7783,2026-04-16
8422,167,7784,2026-04-16
8423,167,7785,2026-04-16
8424,1056,7786,2026-04-16
8425,2669,7787,2026-04-16
8426,167,7788,2026-04-16
8427,480,7789,2026-04-16
8428,164,7790,2026-04-16
8429,373,7791,2026-04-15
8430,2805,7792,2026-04-15
8431,1229,7793,2026-04-15
8432,1229,7794,2026-04-15
8433,307,7795,2026-04-15
8434,2798,7796,2026-04-15
8435,350,7797,2026-04-15
8436,2806,7798,2026-04-15
8437,981,919,2026-04-15
8438,165,2488,2026-04-15
8439,2766,7799,2026-04-15
8440,2807,7800,2026-04-15
8441,2327,3181,2026-04-14
8442,2206,7801,2026-04-14
8443,916,512,2026-04-14
8444,2388,7802,2026-04-14
8445,2134,7803,2026-04-14
8446,2808,7804,2026-04-14
8447,135,7805,2026-04-14
8448,431,7806,2026-04-14
8449,1350,7807,2026-04-14
8450,421,7808,2026-04-14
8451,2809,7809,2026-04-14
8452,1421,7810,2026-04-14
8453,1421,7811,2026-04-14
8454,1421,7812,2026-04-14
8455,2810,7813,2026-04-14
8456,2811,7814,2026-04-14
8457,1079,7815,2026-04-13
8458,2812,7816,2026-04-13
8459,2813,374,2026-04-13
8460,219,7817,2026-04-13
8461,2814,7818,2026-04-13
8462,1040,7819,2026-04-13
8463,764,7820,2026-04-13
8464,764,7821,2026-04-13
8465,2815,1744,2026-04-13
8466,350,7822,2026-04-13
8467,808,7823,2026-04-13
8468,2816,1407,2026-04-13
8469,2817,657,2026-04-13
8470,1514,7824,2026-04-12
8471,182,7825,2026-04-11
8472,2818,2458,2026-04-10
8473,2819,2731,2026-04-10
8474,1001,7826,2026-04-10
8475,1804,7827,2026-04-10
8476,2820,7828,2026-04-10
8477,2821,7829,2026-04-10
8478,2822,7830,2026-04-10
8479,2823,7831,2026-04-10
8480,307,396,2026-04-10
8481,2824,7832,2026-04-10
8482,1962,3999,2026-04-10
8483,1962,7833,2026-04-10
8484,1962,7834,2026-04-10
8485,2819,7835,2026-04-09
8486,2819,7836,2026-04-09
8487,2825,2398,2026-04-09
8488,1722,7837,2026-04-09
8489,577,7838,2026-04-09
8490,1418,7839,2026-04-09
8491,171,7840,2026-04-09
8492,2826,7841,2026-04-09
8493,590,7842,2026-04-09
8494,197,7843,2026-04-08
8495,1487,7844,2026-04-08
8496,1840,7845,2026-04-08
8497,18,7846,2026-04-07
8498,2827,7847,2026-04-07
8499,2828,7848,2026-04-07
8500,2173,7849,2026-04-07
8501,2829,7850,2026-04-07
8502,2830,612,2026-04-07
8503,2831,7851,2026-04-07
8504,307,7852,2026-04-07
8505,2832,7853,2026-04-07
8506,171,1136,2026-04-07
8507,1879,7854,2026-04-07
8508,2281,7855,2026-04-07
8509,387,7856,2026-04-06
8510,1744,7857,2026-04-06
8511,897,7858,2026-04-06
8512,2396,7859,2026-04-05
8513,2810,4682,2026-04-05
8514,1995,7860,2026-04-03
8515,609,7861,2026-04-03
8516,1305,7862,2026-04-03
8517,1744,7863,2026-04-03
8518,2833,7864,2026-04-02
8519,792,7865,2026-04-02
8520,2484,7866,2026-04-02
8521,1361,7867,2026-04-02
8522,2577,7868,2026-04-02
8523,2834,7869,2026-04-01
8524,2535,7870,2026-04-01
8525,1050,7871,2026-04-01
8526,2835,7872,2026-03-31
8527,1335,7479,2026-03-31
8528,2836,7873,2026-03-31
8529,2837,7874,2026-03-31
8530,1404,7875,2026-03-31
8531,1490,7876,2026-03-30
8532,677,7877,2026-03-30
8533,2838,149,2026-03-30
8534,2839,7878,2026-03-30
8535,974,7879,2026-03-30
8536,2807,7880,2026-03-30
8537,2840,7881,2026-03-30
8538,2712,7882,2026-03-30
8539,517,7883,2026-03-29
8540,1021,7884,2026-03-27
8541,244,7885,2026-03-27
8542,2123,7886,2026-03-27
8543,2590,1593,2026-03-27
8544,2583,7887,2026-03-27
8545,984,7888,2026-03-27
8546,984,7889,2026-03-27
8547,764,7890,2026-03-26
8548,2450,7891,2026-03-26
8549,2058,7892,2026-03-26
8550,1879,7893,2026-03-26
8551,2841,7894,2026-03-26
8552,493,7895,2026-03-26
8553,421,7896,2026-03-26
8554,2446,7897,2026-03-25
8555,1180,7898,2026-03-25
8556,2842,7899,2026-03-24
8557,2843,7900,2026-03-24
8558,658,7901,2026-03-24
8559,353,332,2026-03-24
8560,1907,7902,2026-03-24
8561,1417,7903,2026-03-24
8562,2123,7904,2026-03-23
8563,1704,7905,2026-03-23
8564,723,7906,2026-03-20
8565,2123,7907,2026-03-20
8566,2660,7908,2026-03-20
8567,2660,7909,2026-03-20
8568,2844,6271,2026-03-20
8569,2660,7910,2026-03-20
8570,2660,7911,2026-03-20
8571,756,7912,2026-03-20
8572,2660,7913,2026-03-20
8573,2660,7914,2026-03-20
8574,2660,7915,2026-03-20
8575,2660,7916,2026-03-20
8576,23,6656,2026-03-20
8577,2845,7917,2026-03-20
8578,1966,7918,2026-03-20
8579,2699,7919,2026-03-19
8580,1734,7920,2026-03-19
8581,226,7921,2026-03-19
8582,2846,7922,2026-03-19
8583,2845,7923,2026-03-19
8584,2845,7924,2026-03-19
8585,167,7925,2026-03-19
8586,165,7926,2026-03-19
8587,729,7927,2026-03-18
8588,2847,7928,2026-03-18
8589,2848,693,2026-03-18
8590,1056,7929,2026-03-18
8591,176,7930,2026-03-18
8592,1056,7931,2026-03-18
8593,2595,7932,2026-03-18
8594,2673,7933,2026-03-18
8595,2849,7934,2026-03-18
8596,2850,7935,2026-03-18
8597,1921,7936,2026-03-17
8598,2798,7937,2026-03-17
8599,97,7938,2026-03-17
8600,97,7939,2026-03-17
8601,773,919,2026-03-17
8602,1316,1407,2026-03-17
8603,1202,7184,2026-03-17
8604,171,3861,2026-03-17
8605,967,7940,2026-03-16
8606,2851,7941,2026-03-16
8607,2852,7942,2026-03-16
8608,729,7943,2026-03-16
8609,171,7944,2026-03-16
8610,2743,7945,2026-03-16
8611,800,7946,2026-03-16
8612,2743,7947,2026-03-16
8613,1638,7948,2026-03-15
8614,2843,7949,2026-03-15
8615,2853,7950,2026-03-13
8616,1995,7951,2026-03-13
8617,2854,7952,2026-03-13
8618,280,7953,2026-03-13
8619,165,7954,2026-03-13
8620,1594,7955,2026-03-12
8621,1220,7956,2026-03-12
8622,307,396,2026-03-12
8623,825,7957,2026-03-12
8624,171,7958,2026-03-12
8625,1305,7959,2026-03-12
8626,1257,7960,2026-03-12
8627,1172,7961,2026-03-11
8628,1067,7962,2026-03-11
8629,2206,7963,2026-03-11
8630,1294,7964,2026-03-11
8631,1532,7965,2026-03-11
8632,974,7966,2026-03-11
8633,2855,7967,2026-03-11
8634,2751,7968,2026-03-10
8635,2597,7969,2026-03-10
8636,862,7970,2026-03-10
8637,2106,7971,2026-03-10
8638,2822,7972,2026-03-10
8639,767,7973,2026-03-10
8640,2856,7974,2026-03-10
8641,1809,7975,2026-03-10
8642,2575,1373,2026-03-10
8643,589,7976,2026-03-10
8644,1312,7977,2026-03-10
8645,2051,7978,2026-03-09
8646,2669,7979,2026-03-09
8647,2656,7980,2026-03-08
8648,2500,7981,2026-03-07
8649,2857,311,2026-03-06
8650,2847,7982,2026-03-06
8651,1974,7983,2026-03-06
8652,2858,7984,2026-03-06
8653,165,7985,2026-03-06
8654,2561,7986,2026-03-06
8655,2859,7987,2026-03-05
8656,171,7988,2026-03-05
8657,597,7989,2026-03-05
8658,171,7990,2026-03-04
8659,2278,4124,2026-03-04
8660,165,7991,2026-03-04
8661,2860,7992,2026-03-04
8662,1109,3993,2026-03-03
8663,2861,7233,2026-03-03
8664,1828,7993,2026-03-03
8665,2862,7994,2026-03-03
8666,1988,7995,2026-03-03
8667,800,7996,2026-03-03
8668,182,7997,2026-03-03
8669,327,7998,2026-03-03
8670,1528,7999,2026-03-03
8671,1148,8000,2026-03-02
8672,1148,8001,2026-03-02
8673,1543,8002,2026-03-02
8674,1986,8003,2026-03-02
8675,570,8004,2026-03-02
8676,767,8005,2026-03-02
8677,857,8006,2026-03-02
8678,2863,3640,2026-03-02
8679,600,8007,2026-03-02
8680,2068,8008,2026-03-02
8681,1744,8009,2026-03-01
8682,1050,8010,2026-02-28
8683,2864,8011,2026-02-27
8684,2300,8012,2026-02-27
8685,1814,8013,2026-02-27
8686,1524,8014,2026-02-27
8687,433,8015,2026-02-26
8688,2059,8016,2026-02-26
8689,668,8017,2026-02-26
8690,1814,8018,2026-02-26
8691,1180,8019,2026-02-26
8692,2865,8020,2026-02-26
8693,327,8021,2026-02-26
8694,2866,8022,2026-02-26
8695,2215,8023,2026-02-25
8696,114,8024,2026-02-25
8697,1316,1573,2026-02-25
8698,1551,8025,2026-02-25
8699,577,8026,2026-02-25
8700,1704,8027,2026-02-25
8701,165,8028,2026-02-25
8702,197,3141,2026-02-24
8703,916,8029,2026-02-24
8704,916,8030,2026-02-23
8705,635,8031,2026-02-23
8706,635,8032,2026-02-23
8707,1508,8033,2026-02-23
8708,2867,4092,2026-02-23
8709,577,8026,2026-02-22
8710,1830,8034,2026-02-20
8711,645,8035,2026-02-20
8712,1761,8036,2026-02-20
8713,723,8037,2026-02-20
8714,426,8038,2026-02-20
8715,426,8039,2026-02-20
8716,426,8040,2026-02-20
8717,2868,8041,2026-02-20
8718,2869,7097,2026-02-19
8719,1716,8042,2026-02-19
8720,2743,8043,2026-02-19
8721,1608,8044,2026-02-19
8722,2743,8045,2026-02-19
8723,2016,8046,2026-02-19
8724,2743,8047,2026-02-19
8725,2743,8048,2026-02-19
8726,2743,8049,2026-02-19
8727,2743,8050,2026-02-19
8728,1814,8051,2026-02-19
8729,2583,8052,2026-02-19
8730,1983,8053,2026-02-19
8731,792,1004,2026-02-18
8732,2743,8054,2026-02-18
8733,2769,8055,2026-02-18
8734,2743,8056,2026-02-18
8735,2743,8057,2026-02-18
8736,1101,8058,2026-02-17
8737,167,3126,2026-02-17
8738,481,8059,2026-02-17
8739,2089,8060,2026-02-16
8740,2870,8061,2026-02-16
8741,980,8062,2026-02-16
8742,2117,8063,2026-02-16
8743,1148,8064,2026-02-13
8744,2871,8065,2026-02-13
8745,2872,8066,2026-02-12
8746,1772,3605,2026-02-12
8747,165,8067,2026-02-12
8748,2673,8068,2026-02-12
8749,2702,8069,2026-02-12
8750,1551,8070,2026-02-11
8751,1101,8071,2026-02-11
8752,1744,8072,2026-02-11
8753,171,8073,2026-02-11
8754,1416,8074,2026-02-11
8755,2873,8075,2026-02-10
8756,2873,3640,2026-02-10
8757,2874,8076,2026-02-10
8758,2840,2253,2026-02-10
8759,689,8077,2026-02-10
8760,792,8078,2026-02-07
8761,792,8079,2026-02-07
8762,1814,8080,2026-02-07
8763,729,8081,2026-02-06
8764,1717,8082,2026-02-06
8765,2585,8083,2026-02-06
8766,589,8084,2026-02-06
8767,327,8085,2026-02-06
8768,2875,8086,2026-02-05
8769,455,662,2026-02-05
8770,1551,8087,2026-02-05
8771,1551,8088,2026-02-05
8772,2821,8089,2026-02-05
8773,298,8090,2026-02-05
8774,1809,8091,2026-02-05
8775,2876,8092,2026-02-05
8776,2877,8093,2026-02-05
8777,349,8094,2026-02-05
8778,1361,8095,2026-02-05
8779,2707,8096,2026-02-05
8780,1021,8097,2026-02-04
8781,862,8098,2026-02-04
8782,307,8099,2026-02-04
8783,165,8100,2026-02-04
8784,2302,8101,2026-02-04
8785,2878,8102,2026-02-03
8786,2879,374,2026-02-03
8787,2879,8103,2026-02-03
8788,480,8104,2026-02-03
8789,165,8105,2026-02-03
8790,1744,8106,2026-02-03
8791,695,8107,2026-02-03
8792,2880,8108,2026-02-03
8793,1361,8109,2026-02-03
8794,1907,8110,2026-02-03
8795,2052,8111,2026-02-02
8796,1738,8112,2026-02-02
8797,2299,8113,2026-02-02
8798,2846,8114,2026-02-02
8799,2692,8115,2026-02-02
8800,1178,8116,2026-02-02
8801,165,8117,2026-02-02
8802,1594,738,2026-01-31
8803,1744,8118,2026-01-31
8804,2881,8119,2026-01-30
8805,2321,8120,2026-01-30
8806,2882,8121,2026-01-30
8807,2455,8122,2026-01-30
8808,1358,8123,2026-01-30
8809,1184,8124,2026-01-30
8810,2883,1201,2026-01-30
8811,2883,8125,2026-01-30
8812,1528,8126,2026-01-29
8813,2884,8127,2026-01-29
8814,1400,8128,2026-01-29
8815,2885,503,2026-01-29
8816,97,8129,2026-01-28
8817,787,8130,2026-01-28
8818,139,8131,2026-01-28
8819,2886,8132,2026-01-28
8820,2887,5408,2026-01-27
8821,2888,2003,2026-01-27
8822,967,1696,2026-01-27
8823,2889,1159,2026-01-27
8824,1358,8133,2026-01-27
8825,605,791,2026-01-27
8826,1074,8134,2026-01-26
8827,1217,3802,2026-01-25
8828,895,8135,2026-01-25
8829,1734,8136,2026-01-23
8830,2321,8137,2026-01-23
8831,2890,8138,2026-01-23
8832,18,8139,2026-01-23
8833,327,8140,2026-01-23
8834,1056,8141,2026-01-23
8835,2891,8142,2026-01-22
8836,2892,8143,2026-01-22
8837,841,8144,2026-01-22
8838,1879,8145,2026-01-22
8839,1178,8146,2026-01-22
8840,699,500,2026-01-22
8841,2893,8147,2026-01-22
8842,2894,8148,2026-01-21
8843,21,3271,2026-01-21
8844,1640,8149,2026-01-21
8845,2576,8150,2026-01-21
8846,2895,8151,2026-01-20
8847,785,8152,2026-01-20
8848,668,8153,2026-01-20
8849,577,8154,2026-01-20
8850,1401,7307,2026-01-20
8851,1574,8155,2026-01-20
8852,882,1573,2026-01-19
8853,2549,8156,2026-01-19
8854,2896,8157,2026-01-16
8855,307,8158,2026-01-16
8856,421,8159,2026-01-16
8857,1180,8160,2026-01-16
8858,2897,8161,2026-01-16
8859,2898,8162,2026-01-15
8860,18,8163,2026-01-15
8861,1716,8164,2026-01-14
8862,2899,8165,2026-01-14
8863,2900,8166,2026-01-14
8864,2838,8167,2026-01-14
8865,307,8168,2026-01-14
8866,2901,8169,2026-01-14
8867,597,8170,2026-01-14
8868,1062,3711,2026-01-14
8869,1734,8171,2026-01-13
8870,2902,8172,2026-01-13
8871,2252,8173,2026-01-13
8872,2034,8174,2026-01-12
8873,1172,8175,2026-01-12
8874,270,8176,2026-01-12
8875,2903,8177,2026-01-12
8876,1744,8178,2026-01-12
8877,1983,8179,2026-01-12
8878,182,8180,2026-01-11
8879,1744,8181,2026-01-11
8880,182,8182,2026-01-11
8881,1983,8183,2026-01-10
8882,1105,8184,2026-01-09
8883,420,8185,2026-01-09
8884,121,8186,2026-01-09
8885,934,8187,2026-01-09
8886,165,8188,2026-01-09
8887,493,8189,2026-01-09
8888,2741,8190,2026-01-08
8889,307,8191,2026-01-08
8890,2904,8192,2026-01-08
8891,1288,6417,2026-01-07
8892,2669,8193,2026-01-06
8893,2707,8194,2026-01-06
8894,2905,8195,2026-01-05
8895,2443,8196,2026-01-05
8896,2906,501,2026-01-05
8897,2907,5005,2026-01-05
8898,2908,8197,2026-01-03
8899,1361,8198,2025-12-31
8900,165,8199,2025-12-31
8901,2358,8200,2025-12-30
8902,2669,8201,2025-12-30
8903,280,8202,2025-12-29
8904,1814,8203,2025-12-26
8905,2909,692,2025-12-24
8906,2446,8204,2025-12-23
8907,1172,8205,2025-12-23
8908,1459,8206,2025-12-23
8909,2669,8207,2025-12-23
8910,2910,8208,2025-12-22
8911,1312,8209,2025-12-22
8912,589,8210,2025-12-22
8913,353,8211,2025-12-20
8914,1995,8212,2025-12-19
8915,2911,7776,2025-12-19
8916,723,8213,2025-12-18
8917,1751,8214,2025-12-18
8918,2912,2398,2025-12-18
8919,2913,425,2025-12-18
8920,756,8215,2025-12-18
8921,857,5771,2025-12-18
8922,2914,8216,2025-12-18
8923,1814,8217,2025-12-18
8924,2915,8218,2025-12-17
8925,2916,1387,2025-12-17
8926,585,8219,2025-12-17
8927,164,8220,2025-12-17
8928,165,8221,2025-12-17
8929,2917,8222,2025-12-16
8930,2918,8223,2025-12-16
8931,816,8224,2025-12-16
8932,1385,8225,2025-12-16
8933,2893,8226,2025-12-16
8934,1528,8227,2025-12-16
8935,370,8228,2025-12-15
8936,2032,4601,2025-12-15
8937,1744,8229,2025-12-15
8938,2919,8230,2025-12-12
8939,1809,8231,2025-12-11
8940,1611,8232,2025-12-10
8941,2610,8233,2025-12-10
8942,2884,8234,2025-12-10
8943,1867,2293,2025-12-09
8944,1879,8235,2025-12-09
8945,2541,8236,2025-12-09
8946,2920,8237,2025-12-09
8947,2826,1136,2025-12-08
8948,1057,8238,2025-12-08
8949,2744,1215,2025-12-05
8950,2921,692,2025-12-05
8951,877,8239,2025-12-05
8952,2689,8240,2025-12-05
8953,816,8241,2025-12-04
8954,1872,4484,2025-12-04
8955,1744,8242,2025-12-04
8956,2922,8243,2025-12-03
8957,1528,8244,2025-12-03
8958,1361,8245,2025-12-03
8959,1185,8246,2025-12-03
8960,2427,826,2025-12-03
8961,684,8247,2025-12-03
8962,2923,826,2025-12-02
8963,1067,8248,2025-12-02
8964,1050,8249,2025-12-02
8965,1528,8250,2025-12-02
8966,1528,8251,2025-12-02
8967,2857,8252,2025-12-01
8968,2034,8253,2025-12-01
8969,350,8254,2025-12-01
8970,1528,8255,2025-12-01
8971,182,8256,2025-11-30
8972,2893,8257,2025-11-28
8973,1361,8258,2025-11-28
8974,165,8259,2025-11-27
8975,2652,8260,2025-11-26
8976,787,8261,2025-11-26
8977,2924,8262,2025-11-26
8978,2925,4421,2025-11-25
8979,2925,332,2025-11-25
8980,2161,8263,2025-11-25
8981,2749,5578,2025-11-25
8982,1744,8264,2025-11-25
8983,1392,8265,2025-11-24
8984,1640,8266,2025-11-24
8985,1744,8267,2025-11-23
8986,1744,8268,2025-11-23
8987,2870,8269,2025-11-22
8988,2455,8270,2025-11-21
8989,2293,5408,2025-11-20
8990,298,8271,2025-11-20
8991,2198,8272,2025-11-20
8992,915,8273,2025-11-19
8993,1421,7811,2025-11-19
8994,2926,8274,2025-11-19
8995,2575,8275,2025-11-18
8996,334,8276,2025-11-18
8997,2169,8277,2025-11-17
8998,1305,3802,2025-11-17
8999,313,8278,2025-11-14
9000,2695,8279,2025-11-13
9001,2652,8280,2025-11-13
9002,2503,8281,2025-11-10
9003,2213,8282,2025-11-10
9004,800,8283,2025-11-10
9005,2088,8284,2025-11-08
9006,927,8285,2025-11-07
9007,2806,7798,2025-11-07
9008,1305,8286,2025-11-07
9009,597,8287,2025-11-06
9010,1524,8288,2025-11-05
9011,1524,8289,2025-11-04
9012,1868,6799,2025-11-03
9013,2927,8290,2025-11-03
9014,1576,8291,2025-10-31
9015,421,8292,2025-10-31
9016,896,8293,2025-10-30
9017,2928,8294,2025-10-30
9018,2172,8295,2025-10-29
9019,1716,8296,2025-10-29
9020,1524,8297,2025-10-29
9021,2099,8298,2025-10-28
9022,1105,1644,2025-10-28
9023,2799,3285,2025-10-28
9024,1744,8299,2025-10-28
9025,1744,8300,2025-10-28
9026,182,8301,2025-10-28
9027,2929,8302,2025-10-27
9028,2930,8303,2025-10-24
9029,1259,8304,2025-10-23
9030,2884,8305,2025-10-23
9031,2931,312,2025-10-22
9032,1717,8306,2025-10-22
9033,1717,8307,2025-10-22
9034,307,8308,2025-10-22
9035,2932,8309,2025-10-22
9036,1744,8310,2025-10-22
9037,2741,8311,2025-10-21
9038,2759,8312,2025-10-21
9039,2884,8313,2025-10-21
9040,2933,8314,2025-10-19
9041,1744,8315,2025-10-19
9042,2117,8316,2025-10-18
9043,2395,8317,2025-10-17
9044,1305,8318,2025-10-17
9045,1551,8319,2025-10-16
9046,2934,8320,2025-10-16
9047,600,8321,2025-10-15
9048,1611,1813,2025-10-15
9049,1341,8322,2025-10-13
9050,1712,8323,2025-10-11
9051,1092,8324,2025-10-10
9052,232,8325,2025-10-09
9053,1197,8202,2025-10-09
9054,2099,8326,2025-10-09
9055,2099,8327,2025-10-09
9056,605,8328,2025-10-09
9057,2935,8329,2025-10-08
9058,2741,8330,2025-10-07
9059,480,71,2025-10-07
9060,167,8331,2025-10-07
9061,2117,8332,2025-10-07
9062,2687,8333,2025-10-06
9063,597,8334,2025-10-06
9064,605,8335,2025-10-04
9065,1800,8336,2025-10-03
9066,2611,1201,2025-10-03
9067,1180,8337,2025-10-03
9068,2936,8338,2025-10-03
9069,455,662,2025-10-02
9070,1524,8339,2025-10-02
9071,2937,5458,2025-10-02
9072,2749,8340,2025-10-01
9073,985,8341,2025-10-01
9074,2399,8342,2025-09-30
9075,2117,8343,2025-09-30
9076,2938,8344,2025-09-29
9077,2864,8345,2025-09-25
9078,2759,8346,2025-09-24
9079,824,7729,2025-09-23
9080,2939,475,2025-09-23
9081,2690,1107,2025-09-23
9082,2940,8347,2025-09-23
9083,1058,8348,2025-09-23
9084,2480,8349,2025-09-22
9085,2434,8350,2025-09-22
9086,1056,8351,2025-09-22
9087,1879,8352,2025-09-22
9088,2042,8353,2025-09-22
9089,2941,8354,2025-09-18
9090,18,8355,2025-09-18
9091,2075,71,2025-09-18
9092,1217,8356,2025-09-17
9093,493,8357,2025-09-17
9094,800,8358,2025-09-16
9095,2942,8359,2025-09-15
9096,1121,8360,2025-09-12
9097,2943,8361,2025-09-11
9098,2427,8362,2025-09-11
9099,334,8363,2025-09-11
9100,1465,8364,2025-09-10
9101,1002,8365,2025-09-09
9102,493,8366,2025-09-09
9103,1814,8367,2025-09-05
9104,2395,8368,2025-09-04
9105,2855,8369,2025-09-03
9106,1178,8370,2025-09-01
9107,493,8371,2025-08-28
9108,2944,311,2025-08-26
9109,1677,8372,2025-08-26
9110,2945,8373,2025-08-25
9111,2869,8374,2025-08-22
9112,2946,8375,2025-08-21
9113,1650,661,2025-08-21
9114,1814,8376,2025-08-21
9115,493,8377,2025-08-21
9116,2947,8378,2025-08-20
9117,1202,8379,2025-08-18
9118,1180,8380,2025-08-18
9119,1361,8381,2025-08-18
9120,2948,8382,2025-08-15
9121,307,8383,2025-08-14
9122,2949,8384,2025-08-13
9123,2535,8385,2025-08-13
9124,1964,8386,2025-08-12
9125,2222,8387,2025-08-12
9126,1524,8388,2025-08-12
9127,792,8389,2025-08-11
9128,1217,8390,2025-08-06
9129,2707,8391,2025-08-06
9130,2031,8392,2025-08-05
9131,2950,5408,2025-08-01
9132,2951,1135,2025-07-31
9133,2707,8393,2025-07-31
9134,753,8394,2025-07-30
9135,480,8395,2025-07-29
9136,2365,8396,2025-07-24
9137,635,8397,2025-07-21
9138,499,8398,2025-07-21
9139,597,8399,2025-07-21
9140,2618,8400,2025-07-18
9141,365,8401,2025-07-17
9142,1361,8402,2025-07-17
9143,1814,8403,2025-07-17
9144,2427,8404,2025-07-17
9145,481,8405,2025-07-17
9146,2884,8406,2025-07-16
9147,421,8407,2025-07-14
9148,2688,8408,2025-07-14
9149,597,8409,2025-07-14
9150,2952,5408,2025-07-11
9151,2953,8410,2025-07-09
9152,597,8411,2025-07-09
9153,1178,8412,2025-07-08
9154,2749,8413,2025-07-07
9155,2954,8414,2025-07-03
9156,2955,8415,2025-07-02
9157,2300,8012,2025-07-02
9158,2937,8416,2025-06-26
9159,2034,8417,2025-06-25
9160,695,8418,2025-06-20
9161,1148,8419,2025-06-19
9162,2478,497,2025-06-18
9163,2956,8420,2025-06-16
9164,2748,8421,2025-06-16
9165,183,8422,2025-06-14
9166,792,8423,2025-06-11
9167,2551,8424,2025-06-11
9168,1305,8425,2025-06-11
9169,1178,8426,2025-06-09
9170,1739,1573,2025-06-09
9171,2365,8427,2025-06-09
9172,1631,8428,2025-06-09
9173,1058,8429,2025-06-06
9174,1056,8430,2025-06-05
9175,493,8431,2025-06-03
9176,1305,5218,2025-06-02
9177,612,8432,2025-05-29
9178,1056,8433,2025-05-29
9179,1814,8434,2025-05-28
9180,2478,581,2025-05-23
9181,2957,8435,2025-05-22
9182,2174,312,2025-05-21
9183,693,8436,2025-05-21
9184,387,6500,2025-05-20
9185,387,8437,2025-05-20
9186,2341,8438,2025-05-19
9187,493,8439,2025-05-19
9188,2958,8440,2025-05-14
9189,1178,8441,2025-05-13
9190,2333,8442,2025-05-08
9191,2959,8443,2025-05-02
9192,1421,690,2025-05-02
9193,2960,8444,2025-04-29
9194,2827,8445,2025-04-28
9195,2961,8446,2025-04-28
9196,2434,8447,2025-04-26
9197,1189,8448,2025-04-24
9198,2434,8449,2025-04-20
9199,2099,8450,2025-04-16
9200,2434,8451,2025-04-14
9201,489,8452,2025-04-14
9202,489,8453,2025-04-14
9203,816,8454,2025-04-11
9204,1402,8455,2025-04-08
9205,1712,8456,2025-04-07
9206,2962,8457,2025-04-02
9207,1790,8458,2025-04-01
9208,1178,8459,2025-03-26
9209,2689,3802,2025-03-25
9210,1961,8460,2025-03-21
9211,2963,8461,2025-03-17
9212,2963,657,2025-03-15
9213,167,8462,2025-03-13
9214,2246,8463,2025-03-11
9215,298,423,2025-03-10
9216,298,8464,2025-03-07
9217,2964,8465,2025-03-07
9218,2965,8466,2025-03-04
9219,2252,8467,2025-02-21
9220,2551,8468,2025-02-20
9221,2807,8469,2025-02-18
9222,1410,8470,2025-02-17
9223,2807,8471,2025-02-14
9224,303,8472,2025-02-13
9225,2769,8473,2025-02-13
9226,490,8474,2025-02-13
9227,18,8475,2025-02-06
9228,1814,8476,2025-02-04
9229,1361,8477,2025-02-04
9230,2341,8478,2025-02-03
9231,2807,8479,2025-01-27
9232,1056,8480,2025-01-24
9233,2807,8481,2025-01-22
9234,1189,8482,2025-01-18
9235,2966,4124,2025-01-16
9236,273,8483,2025-01-15
9237,2707,8484,2025-01-03
9238,2807,8485,2025-01-03
9239,597,8486,2025-01-03
9240,2689,8487,2025-01-03
9241,597,8488,2025-01-02
9242,182,8489,2024-12-24
9243,2484,8490,2024-12-23
9244,2967,8491,2024-12-20
9245,2968,2225,2024-12-17
9246,2969,8492,2024-12-13
9247,2741,8493,2024-12-12
9248,2636,501,2024-12-10
9249,2341,8494,2024-12-05
9250,1449,8495,2024-11-25
9251,167,8496,2024-11-19
9252,2300,8012,2024-11-19
9253,2915,8497,2024-11-14
9254,2376,8498,2024-11-14
9255,2937,8499,2024-11-12
9256,1056,8500,2024-11-11
9257,1810,8501,2024-11-08
9258,167,573,2024-11-06
9259,2396,8502,2024-10-30
9260,2252,8503,2024-10-28
9261,2341,8504,2024-10-23
9262,1178,8505,2024-10-23
9263,493,8506,2024-10-23
9264,182,8507,2024-10-23
9265,1814,8508,2024-10-22
9266,2970,8509,2024-10-15
9267,2971,8510,2024-10-08
9268,18,5789,2024-10-02
9269,1814,8511,2024-09-30
9270,597,8512,2024-09-27
9271,1056,8513,2024-09-24
9272,2937,6043,2024-09-23
9273,2972,6417,2024-09-19
9274,1468,8514,2024-09-18
9275,1465,8515,2024-09-18
9276,2937,8516,2024-09-17
9277,2341,8517,2024-09-17
9278,182,8518,2024-09-17
9279,182,8519,2024-09-17
9280,2807,8520,2024-09-16
9281,1056,8521,2024-09-16
9282,2252,8522,2024-09-10
9283,2042,8523,2024-09-06
9284,1814,8524,2024-09-04
9285,1178,8525,2024-09-04
9286,182,8526,2024-08-28
9287,1288,1038,2024-08-24
9288,2013,8527,2024-08-19
9289,2341,8528,2024-07-31
9290,2807,8529,2024-07-29
9291,182,8530,2024-07-25
9292,183,8531,2024-07-23
9293,718,8532,2024-07-22
9294,2712,8533,2024-07-11
9295,2807,8534,2024-07-10
9296,718,8535,2024-07-09
9297,2973,8536,2024-07-08
9298,718,8537,2024-06-27
9299,1576,8538,2024-06-25
9300,2341,8539,2024-06-20
9301,2974,8540,2024-06-07
9302,2707,8541,2024-05-27
9303,517,8542,2024-05-21
9304,2300,8543,2024-05-07
9305,1828,1271,2024-05-06
9306,2341,8544,2024-05-06
9307,2975,8545,2024-05-05
9308,2976,8546,2024-04-23
9309,2937,8547,2024-04-23
9310,2977,8548,2024-04-10
9311,2341,8549,2024-04-05
9312,2042,8550,2024-03-29
9313,182,8551,2024-03-28
9314,2978,1813,2024-03-28
9315,2455,8552,2024-03-26
9316,2455,564,2024-03-24
9317,1074,8397,2024-03-18
9318,756,8553,2024-03-08
9319,2042,8554,2024-03-07
9320,950,8555,2024-03-05
9321,517,7883,2024-02-26
9322,1524,8556,2024-02-26
9323,1180,8557,2024-02-02
9324,2707,8558,2024-01-31
9325,2974,8559,2024-01-29
9326,1178,8560,2024-01-23
9327,1828,8561,2024-01-08
9328,1814,8562,2024-01-05
9329,2807,8563,2024-01-04
9330,950,8564,2023-12-28
9331,2585,8565,2023-12-18
9332,2807,8566,2023-12-16
9333,2707,8567,2023-11-13
9334,597,4456,2023-10-04
9335,2042,8568,2023-09-21
9336,1814,8569,2023-09-12
9337,1814,8367,2023-09-12
9338,1056,8570,2023-09-04
9339,2979,8571,2023-08-25
9340,598,8572,2023-08-07
9341,2341,8573,2023-07-24
9342,1814,8051,2023-06-28
9343,1734,8574,2023-06-16
9344,2252,8575,2023-06-12
9345,1178,8576,2023-06-01
9346,985,8577,2023-05-23
9347,1785,8578,2023-05-15
9348,2252,4172,2023-05-03
9349,2252,8579,2023-03-22
9350,2365,3652,2023-03-08
9351,2365,8580,2023-03-08
9352,2395,8581,2023-03-06
9353,975,8582,2023-03-06
9354,1056,3126,2023-02-27
9355,1814,8583,2023-02-21
9356,2300,8584,2023-02-21
9357,2395,8585,2023-02-09
9358,2395,8586,2023-02-09
9359,2341,8587,2023-02-03
9360,2341,8588,2022-12-28
9361,2094,8589,2022-12-28
9362,1521,8590,2022-12-24
9363,2041,8591,2022-11-16
9364,2041,8592,2022-11-16
9365,2103,8593,2022-09-09
9366,298,7233,2022-09-06
9367,1034,8594,2022-08-22
9368,2300,8595,2022-08-17
9369,1814,8376,2022-08-16
9370,1056,8596,2022-07-20
9371,2341,8597,2022-07-19
9372,1810,5408,2022-04-14
9373,2673,8598,2022-04-06
9374,2252,8599,2022-01-18
9375,1056,8600,2021-12-22
9376,1814,8601,2021-12-17
9377,2252,8602,2021-11-09
9378,1056,8603,2021-08-24
9379,2980,8604,2021-07-26
9380,1814,8605,2021-03-18
9381,1056,8606,2021-03-01
9382,1056,8607,2021-02-08
9383,493,8608,2021-01-18
9384,1056,8609,2020-12-02
9385,1056,8610,2020-12-02
9386,2966,8611,2020-10-21
9387,2981,8612,
9388,2982,8613,
9389,2981,8614,
9390,2981,8615,
9391,2981,8616,
9392,2981,8617,
9393,2981,8618,
9394,2981,8619,
9395,1739,2458,
9396,1739,8620,
9397,2981,8621,
9398,2981,8622,
9399,2983,8623,
9400,2981,8624,
9401,2984,3727,
9402,2985,8625,
9403,2981,8626,
9404,2981,8627,
9405,2986,8628,
9406,2987,8629,
9407,2988,8630,
9408,2989,8631,
9409,2990,8632,
9410,2991,8633,
9411,2991,8634,
9412,2991,8635,
9413,2991,8636,
9414,2991,8637,
9415,2991,8638,
9416,2991,8639,
9417,2992,8640,
9418,2992,8641,
9419,2993,8642,
9420,2993,8643,
9421,2993,8644,
9422,2994,8645,
9423,2995,4047,
9424,2995,8646,
9425,2996,8647,
9426,2996,8648,
9427,2996,8649,
9428,2996,8650,
9429,2996,8651,
9430,2996,8652,
9431,2996,8653,
9432,2995,8654,
9433,2995,8655,
9434,1637,8656,
9435,2997,8657,
9436,2998,8658,
9437,2999,8659,
9438,150,6243,
9439,3000,8660,
9440,3001,8661,
9441,3002,8662,
9442,3003,8663,
9443,3004,8664,
9444,3005,8665,
9445,3005,8666,
9446,3006,8667,
9447,3006,8668,
9448,3006,8669,
9449,3006,8670,
9450,3007,8671,
9451,3008,8672,
9452,3008,8673,
9453,3008,8674,
9454,3008,8675,
9455,3008,8676,
9456,3008,8677,
9457,3009,8678,
9458,3007,8679,
9459,3010,8680,
9460,3011,573,
9461,3011,8681,
9462,3012,8682,
9463,3012,8683,
9464,3012,8684,
9465,3013,8685,
9466,3014,8686,
9467,3015,8687,
9468,3016,8688,
9469,3017,8689,
9470,3016,8690,
9471,3018,8691,
9472,3019,8692,
9473,3020,8693,
9474,3021,8694,
9475,3021,8695,
9476,3022,8696,
9477,3020,8697,
9478,3020,8698,
9479,3023,8699,
9480,3020,8700,
9481,3024,8701,
9482,3024,8702,
9483,3025,8703,
9484,3025,8704,
9485,3025,8705,
9486,3026,8706,
9487,3025,8707,
9488,3026,8708,
9489,3026,8709,
9490,3027,8710,
9491,3026,8711,
9492,3028,8712,
9493,3029,8713,
9494,3029,8714,
9495,3026,8715,
9496,3026,8716,
9497,3026,8717,
9498,3026,8718,
9499,3030,8719,
9500,3031,8720,
9501,1230,8721,
9502,3007,8722,
9503,3007,8723,
9504,3032,8724,
9505,3007,8725,
9506,3033,8726,
9507,3034,8727,
9508,3034,8728,
9509,3034,8729,
9510,3035,8730,
9511,3035,8731,
9512,3035,8732,
9513,3036,8733,
9514,3035,8734,
9515,3035,8735,
9516,3035,8736,
9517,3035,8737,
9518,3037,8738,
9519,3035,8739,
9520,3038,8740,
9521,3038,8741,
9522,3039,8742,
9523,3040,8743,
9524,3041,8744,
9525,3041,8745,
9526,3042,8746,
9527,3042,8747,
9528,3042,8748,
9529,3043,8749,
9530,3044,8750,
9531,3045,8751,
9532,3045,8752,
9533,3044,8753,
9534,3046,8754,
9535,3047,8755,
9536,3048,8756,
9537,3049,8757,
9538,3049,8758,
9539,3050,8759,
9540,3050,8760,
9541,3049,8761,
9542,3051,8762,
9543,3052,8763,
9544,3052,8764,
9545,3051,8765,
9546,3051,8766,
9547,3053,8767,
9548,3054,8768,
9549,3054,8769,
9550,3055,8770,
9551,3054,8771,
9552,3051,8772,
9553,3051,8773,
9554,3051,8774,
9555,3051,1023,
9556,3056,8775,
9557,3056,8776,
9558,3057,8777,
9559,3058,8778,
9560,3058,8779,
9561,3051,8780,
9562,3059,8781,
9563,421,8782,
9564,421,8783,
9565,421,8784,
9566,1821,2520,
9567,1821,8785,
9568,1821,8786,
9569,3051,8787,
9570,3060,8788,
9571,3061,8789,
9572,3051,8790,
9573,3062,8791,
9574,3062,8792,
9575,3063,8793,
9576,3051,8794,
9577,3051,8795,
9578,3051,8796,
9579,3051,8797,
9580,3051,8798,
9581,3064,8799,
9582,3064,8800,
9583,3065,8801,
9584,3051,8802,
9585,3066,8803,
9586,3066,8804,
9587,3067,8805,
9588,3068,8806,
9589,3067,8807,
9590,3051,8808,
9591,3051,8809,
9592,3051,8810,
9593,3069,8811,
9594,3069,8812,
9595,3069,8813,
9596,3069,8814,
9597,3069,8815,
9598,3069,8816,
9599,3069,8817,
9600,3051,8818,
9601,3051,8819,
9602,3051,8820,
9603,3070,8821,
9604,3071,8822,
9605,3072,8823,
9606,3051,8824,
9607,3073,8825,
9608,3073,8826,
9609,3074,8827,
9610,3075,8828,
9611,3076,8829,
9612,3077,8830,
9613,3078,8831,
9614,3078,8832,
9615,3079,8833,
9616,3051,8834,
9617,3080,8835,
9618,3081,8836,
9619,3081,8837,
9620,3081,8838,
9621,3082,8839,
9622,3082,8840,
9623,3051,8841,
9624,3082,8842,
9625,3083,8843,
9626,3084,8844,
9627,3085,8845,
9628,3086,8846,
9629,3087,8847,
9630,3051,8848,
9631,3051,8849,
9632,3088,8850,
9633,3089,8851,
9634,3090,8852,
9635,3089,8853,
9636,3089,8854,
9637,3089,8446,
9638,3089,8855,
9639,3091,8856,
9640,3092,2155,
9641,3089,8857,
9642,3093,8858,
9643,3094,8859,
9644,3095,8860,
9645,3096,8861,
9646,3097,8862,
9647,3096,8863,
9648,3098,8864,
9649,3099,8865,
9650,3100,8866,
9651,3100,8867,
9652,3101,8868,
9653,3102,501,
9654,3103,8869,
9655,3104,8870,
9656,3105,8871,
9657,3105,8872,
9658,3106,8873,
9659,3107,8874,
9660,3108,8875,
9661,3109,8876,
9662,3109,8877,
9663,3110,8878,
9664,3110,8879,
9665,3111,8880,
9666,3109,8881,
9667,3111,8882,
9668,3112,8883,
9669,3113,8884,
9670,3113,8885,
9671,3114,8886,
9672,3113,8887,
9673,3113,8888,
9674,3115,8889,
9675,3116,8890,
9676,3116,8891,
9677,3117,8892,
9678,3117,8893,
9679,3117,8894,
9680,3117,8895,
9681,3117,8896,
9682,3118,8897,
9683,3119,5218,
9684,3120,8898,
9685,3119,1167,
9686,3117,8899,
9687,3118,8900,
9688,3117,8901,
9689,3121,8902,
9690,3122,8903,
9691,3123,8904,
9692,3122,8905,
9693,3124,8906,
9694,3125,8907,
9695,3126,8908,
9696,3127,8909,
9697,3127,8910,
9698,3126,8911,
9699,3126,8912,
9700,3128,8913,
9701,3128,8914,
9702,3128,1136,
9703,3129,8915,
9704,3129,8916,
9705,3129,8917,
9706,3129,8918,
9707,3129,8919,
9708,3130,8920,
9709,3131,8921,
9710,3132,8922,
9711,3132,8923,
9712,3132,8924,
9713,3131,8925,
9714,3133,8926,
9715,3134,8927,
9716,3135,8928,
9717,3135,8929,
9718,3136,8930,
9719,3137,8931,
9720,3138,8932,
9721,3139,8933,
9722,3140,2428,
9723,3141,8934,
9724,3142,8935,
9725,3143,8936,
9726,3143,8937,
9727,3144,8938,
9728,3144,8939,
9729,3145,8940,
9730,3145,8941,
9731,3145,8942,
9732,3146,8943,
9733,783,8944,
9734,3147,8945,
9735,3148,8946,
9736,3148,8947,
9737,3148,8948,
9738,3149,7547,
9739,3150,8949,
9740,3150,8950,
9741,3151,8951,
9742,3152,8952,
9743,3151,8953,
9744,3153,8954,
9745,3154,3727,
9746,3155,8955,
9747,3155,8956,
9748,3156,8957,
9749,3157,8958,
9750,3155,8959,
9751,3155,8960,
9752,3155,8961,
9753,3158,8962,
9754,3159,8963,
9755,3160,8964,
9756,3160,8965,
9757,3161,8966,
9758,3161,8967,
9759,3162,28,
9760,3162,501,
9761,3163,3225,
9762,3164,8968,
9763,3165,8969,
9764,3166,8970,
9765,3167,8971,
9766,3165,8972,
9767,3165,8973,
9768,3168,8974,
9769,3169,8975,
9770,3168,8976,
9771,3170,8977,
9772,3170,8978,
9773,3170,8979,
9774,3170,8980,
9775,3171,8981,
9776,3172,8982,
9777,3173,8983,
9778,3174,8984,
9779,3175,8985,
9780,3176,8986,
9781,3177,8987,
9782,3178,8988,
9783,3178,8989,
9784,3178,8990,
9785,3179,8991,
9786,3179,8992,
9787,3179,8993,
9788,3180,8994,
9789,3181,8995,
9790,3182,8996,
9791,3183,8997,
9792,3184,2573,
9793,3185,8998,
9794,3186,8999,
9795,3187,9000,
9796,3188,9001,
9797,3189,9002,
9798,3190,9003,
9799,3191,9004,
9800,3192,9005,
9801,3192,9006,
9802,3193,9007,
9803,3191,9008,
9804,3193,9009,
9805,3194,5576,
9806,3195,9010,
9807,3195,9011,
9808,3195,9012,
9809,3196,9013,
9810,3197,9014,
9811,3198,9015,
9812,3199,9016,
9813,3200,9017,
9814,3200,9018,
9815,3201,9019,
9816,3201,9020,
9817,3202,9021,
9818,3202,9022,
9819,3202,9023,
9820,3202,9024,
9821,3202,9025,
9822,3202,9026,
9823,3203,9027,
9824,3202,9028,
9825,3202,9029,
9826,3202,9030,
9827,3202,9031,
9828,3204,9032,
9829,3205,9033,
9830,3205,9034,
9831,3206,9035,
9832,3207,9036,
9833,3207,9037,
9834,3208,9038,
9835,3208,9039,
9836,3209,9040,
9837,3210,9041,
9838,3211,9042,
9839,3211,9043,
9840,3212,9044,
9841,3213,9045,
9842,2981,9046,
9843,2981,9047,
9844,2981,9048,
9845,2981,9049,
9846,2981,9050,
9847,2981,9051,
9848,2981,9052,
9849,2981,9053,
9850,3214,9054,
9851,3215,9055,
9852,3215,9056,
9853,3215,9057,
9854,3215,9058,
9855,3215,9059,
9856,2981,9060,
9857,2981,9061,
9858,2981,9062,
9859,3216,9063,
9860,3217,9064,
9861,3217,2995,
9862,3217,9065,
9863,3217,9066,
9864,3217,9067,
9865,3217,9068,
9866,3218,9069,
9867,3219,9070,
9868,3219,9071,
9869,3219,9072,
9870,3219,9073,
9871,3220,9074,
9872,3220,9075,
9873,3221,9076,
9874,3222,9077,
9875,3223,9078,
9876,3224,9079,
9877,3224,9080,
9878,3224,9081,
9879,3225,9082,
9880,3224,9083,
9881,3224,9084,
9882,3226,9085,
9883,3224,9086,
9884,3227,9087,
9885,3228,9088,
9886,3229,9089,
9887,3229,9090,
9888,3228,9091,
9889,3230,9092,
9890,3230,9093,
9891,3231,9094,
9892,3231,9095,
9893,3232,9096,
9894,3232,9097,
9895,3233,332,
9896,3233,9098,
9897,3230,9099,
9898,3230,9100,
9899,3230,9101,
9900,3230,9102,
9901,3230,9103,
9902,3234,9104,
9903,3235,9105,
9904,3235,9106,
9905,3235,9107,
9906,3234,9108,
9907,3236,9109,
9908,3237,9110,
9909,3238,9111,
9910,3239,9112,
9911,3239,9113,
9912,3228,9114,
9913,3238,9115,
9914,3228,9116,
9915,3240,9117,
9916,3240,9118,
9917,3238,9119,
9918,3238,9120,
9919,3241,9121,
9920,3238,9122,
9921,3238,9123,
9922,3241,3277,
9923,3241,3398,
9924,3241,9124,
9925,3228,9125,
9926,3242,9126,
9927,3242,9127,
9928,3242,9128,
9929,3243,9129,
9930,3244,9130,
9931,3228,9131,
9932,3228,9132,
9933,3228,9133,
9934,3228,9134,
9935,3228,9135,
9936,3245,9136,
9937,3228,9137,
9938,3246,9138,
9939,3228,9139,
9940,3228,9140,
9941,3247,9141,
9942,3247,9142,
9943,3248,9143,
9944,3249,9144,
9945,3249,9145,
9946,3250,9146,
9947,3251,9147,
9948,3252,9148,
9949,3253,9149,
9950,3254,9150,
9951,3254,9151,
9952,3255,9152,
9953,3254,9153,
9954,3256,9154,
9955,3257,9155,
9956,3258,9156,
9957,3258,9157,
9958,3259,9158,
9959,3260,9159,
9960,3261,9160,
9961,3261,9161,
9962,3261,9162,
9963,3262,9163,
9964,3263,9164,
9965,3264,9165,
9966,3264,9166,
9967,3264,9167,
9968,3264,9168,
9969,3264,9169,
9970,19,9170,
9971,19,9171,
9972,19,9172,
9973,19,9173,
9974,3265,9174,
9975,19,9175,
9976,19,9176,
9977,3266,2009,
9978,3267,7387,
9979,3267,9177,
9980,3268,9178,
9981,3266,9179,
9982,3269,9180,
9983,3270,9181,
9984,3270,9182,
9985,3270,9183,
9986,3270,9184,
9987,3270,9185,
9988,19,9186,
9989,3271,9187,
9990,3267,9188,
9991,3272,9189,
9992,3273,9190,
9993,3274,9191,
9994,19,9192,
9995,3275,9193,
9996,19,9194,
9997,3276,9195,
9998,3274,9196,
9999,3277,9197,
10000,3274,9198,
